source_lang	source_corpus	source_text	source_n	source_count	source_norm_key	target_lang	target_corpus	target_text	target_n	target_count	target_norm_key	pair_score
es	wikisource	este	1	110645	este	es	wikisource	et se	2	44	etse	15.420754
es	wikisource	et se	2	44	etse	es	wikisource	este	1	110645	este	15.420754
es	wikisource	alle	1	8	alle	es	wikisource	ella	1	76529	ella	13.442663
es	wikisource	ella	1	76529	ella	es	wikisource	alle	1	8	alle	13.442663
es	wikisource	orto	1	29	orto	es	wikisource	otro	1	59205	otro	14.389976
es	wikisource	otro	1	59205	otro	es	wikisource	orto	1	29	orto	14.389976
es	wikisource	e son	2	27	eson	es	wikisource	no se	2	57928	nose	14.299178
es	wikisource	no se	2	57928	nose	es	wikisource	e son	2	27	eson	14.299178
es	wikisource	esón	1	18	eson	es	wikisource	no se	2	57928	nose	13.911412
es	wikisource	no se	2	57928	nose	es	wikisource	esón	1	18	eson	13.911412
es	wikisource	arto	1	16	arto	es	wikisource	otra	1	53815	otra	13.726539
es	wikisource	otra	1	53815	otra	es	wikisource	arto	1	16	arto	13.726539
es	wikisource	onís	1	11	onis	es	wikisource	sino	1	52008	sino	13.344079
es	wikisource	sino	1	52008	sino	es	wikisource	onís	1	11	onis	13.344079
es	wikisource	a dot	2	20	adot	es	wikisource	toda	1	47720	toda	13.817649
es	wikisource	toda	1	47720	toda	es	wikisource	a dot	2	20	adot	13.817649
es	wikisource	ellos	1	45627	ellos	es	wikisource	sol le	2	70	solle	14.990957
es	wikisource	sol le	2	70	solle	es	wikisource	ellos	1	45627	ellos	14.990957
es	wikisource	adán	1	917	adan	es	wikisource	nada	1	44447	nada	17.524273
es	wikisource	nada	1	44447	nada	es	wikisource	adán	1	917	adan	17.524273
es	wikisource	adan	1	30	adan	es	wikisource	nada	1	44447	nada	14.136062
es	wikisource	nada	1	44447	nada	es	wikisource	adan	1	30	adan	14.136062
es	wikisource	a dan	2	5	adan	es	wikisource	nada	1	44447	nada	12.493835
es	wikisource	nada	1	44447	nada	es	wikisource	a dan	2	5	adan	12.493835
es	wikisource	años	1	40450	anos	es	wikisource	son a	2	300	sona	16.314957
es	wikisource	son a	2	300	sona	es	wikisource	años	1	40450	anos	16.314957
es	wikisource	años	1	40450	anos	es	wikisource	son á	2	30	sona	14.041834
es	wikisource	son á	2	30	sona	es	wikisource	años	1	40450	anos	14.041834
es	wikisource	años	1	40450	anos	es	wikisource	sona	1	9	sona	12.910432
es	wikisource	sona	1	9	sona	es	wikisource	años	1	40450	anos	12.910432
es	wikisource	allí	1	35430	alli	es	wikisource	illa	1	140	illa	15.424102
es	wikisource	illa	1	140	illa	es	wikisource	allí	1	35430	alli	15.424102
es	wikisource	días	1	35061	dias	es	wikisource	said	1	104	said	15.118834
es	wikisource	said	1	104	said	es	wikisource	días	1	35061	dias	15.118834
es	wikisource	amor	1	29700	amor	es	wikisource	roma	1	4449	roma	18.699595
es	wikisource	roma	1	4449	roma	es	wikisource	amor	1	29700	amor	18.699595
es	wikisource	asoc	1	16	asoc	es	wikisource	cosa	1	32378	cosa	13.218479
es	wikisource	cosa	1	32378	cosa	es	wikisource	asoc	1	16	asoc	13.218479
es	wikisource	ares	1	32	ares	es	wikisource	será	1	31528	sera	13.855171
es	wikisource	será	1	31528	sera	es	wikisource	ares	1	32	ares	13.855171
es	wikisource	a res	2	9	ares	es	wikisource	será	1	31528	sera	12.661248
es	wikisource	será	1	31528	sera	es	wikisource	a res	2	9	ares	12.661248
es	wikisource	otras	1	29640	otras	es	wikisource	sarto	1	8	sarto	12.494138
es	wikisource	sarto	1	8	sarto	es	wikisource	otras	1	29640	otras	12.494138
es	wikisource	ante	1	26930	ante	es	wikisource	etna	1	82	etna	14.619874
es	wikisource	etna	1	82	etna	es	wikisource	ante	1	26930	ante	14.619874
es	wikisource	se le	2	25141	sele	es	wikisource	él es	2	1261	eles	17.272748
es	wikisource	él es	2	1261	eles	es	wikisource	se le	2	25141	sele	17.272748
es	wikisource	el es	2	174	eles	es	wikisource	se le	2	25141	sele	15.297081
es	wikisource	se le	2	25141	sele	es	wikisource	el es	2	174	eles	15.297081
es	wikisource	e les	2	39	eles	es	wikisource	se le	2	25141	sele	13.821174
es	wikisource	se le	2	25141	sele	es	wikisource	e les	2	39	eles	13.821174
es	wikisource	eles	1	10	eles	es	wikisource	se le	2	25141	sele	12.53019
es	wikisource	se le	2	25141	sele	es	wikisource	eles	1	10	eles	12.53019
es	wikisource	es el	2	25082	esel	es	wikisource	le sé	2	5	lese	11.921705
es	wikisource	le sé	2	5	lese	es	wikisource	es el	2	25082	esel	11.921705
es	wikisource	debe	1	23639	debe	es	wikisource	ebed	1	12	ebed	12.635645
es	wikisource	ebed	1	12	ebed	es	wikisource	debe	1	23639	debe	12.635645
es	wikisource	onís	1	11	onis	es	wikisource	si no	2	21468	sino	12.459272
es	wikisource	si no	2	21468	sino	es	wikisource	onís	1	11	onis	12.459272
es	wikisource	aires	1	6325	aires	es	wikisource	sería	1	13905	seria	18.292499
es	wikisource	sería	1	13905	seria	es	wikisource	aires	1	6325	aires	18.292499
es	wikisource	ah es	2	47	ahes	es	wikisource	se ha	2	19898	seha	13.769626
es	wikisource	se ha	2	19898	seha	es	wikisource	ah es	2	47	ahes	13.769626
es	wikisource	et se	2	44	etse	es	wikisource	éste	1	19537	este	13.686779
es	wikisource	éste	1	19537	este	es	wikisource	et se	2	44	etse	13.686779
es	wikisource	casi	1	19473	casi	es	wikisource	isac	1	5	isac	11.668595
es	wikisource	isac	1	5	isac	es	wikisource	casi	1	19473	casi	11.668595
es	wikisource	ellas	1	19299	ellas	es	wikisource	salle	1	5	salle	11.65962
es	wikisource	salle	1	5	salle	es	wikisource	ellas	1	19299	ellas	11.65962
es	wikisource	laicos	1	64	laicos	es	wikisource	social	1	17420	social	13.939819
es	wikisource	social	1	17420	social	es	wikisource	laicos	1	64	laicos	13.939819
es	wikisource	seis	1	10647	seis	es	wikisource	si es	2	5863	sies	17.949715
es	wikisource	si es	2	5863	sies	es	wikisource	seis	1	10647	seis	17.949715
es	wikisource	elón	1	9	elon	es	wikisource	no le	2	15629	nole	11.959533
es	wikisource	no le	2	15629	nole	es	wikisource	elón	1	9	elon	11.959533
es	wikisource	o no y	3	76	onoy	es	wikisource	yo no	2	13345	yono	13.842777
es	wikisource	yo no	2	13345	yono	es	wikisource	o no y	3	76	onoy	13.842777
es	wikisource	ave un	2	6	aveun	es	wikisource	nueva	1	13012	nueva	11.419614
es	wikisource	nueva	1	13012	nueva	es	wikisource	ave un	2	6	aveun	11.419614
es	wikisource	diez	1	12198	diez	es	wikisource	zeid	1	10	zeid	11.807005
es	wikisource	zeid	1	10	zeid	es	wikisource	diez	1	12198	diez	11.807005
es	wikisource	alos	1	50	alos	es	wikisource	sola	1	11442	sola	13.276959
es	wikisource	sola	1	11442	sola	es	wikisource	alos	1	50	alos	13.276959
es	wikisource	odio	1	3422	odio	es	wikisource	oído	1	8051	oido	17.131948
es	wikisource	oído	1	8051	oido	es	wikisource	odio	1	3422	odio	17.131948
es	wikisource	al os	2	5	alos	es	wikisource	sola	1	11442	sola	11.136893
es	wikisource	sola	1	11442	sola	es	wikisource	al os	2	5	alos	11.136893
es	wikisource	sola	1	11442	sola	es	wikisource	álos	1	5	alos	11.136893
es	wikisource	álos	1	5	alos	es	wikisource	sola	1	11442	sola	11.136893
es	wikisource	seis	1	10647	seis	es	wikisource	sí es	2	584	sies	15.644739
es	wikisource	sí es	2	584	sies	es	wikisource	seis	1	10647	seis	15.644739
es	wikisource	da de	2	281	dade	es	wikisource	edad	1	10423	edad	14.893773
es	wikisource	edad	1	10423	edad	es	wikisource	da de	2	281	dade	14.893773
es	wikisource	seis	1	10647	seis	es	wikisource	síes	1	13	sies	11.912185
es	wikisource	síes	1	13	sies	es	wikisource	seis	1	10647	seis	11.912185
es	wikisource	la er	2	6	laer	es	wikisource	real	1	10530	real	11.207989
es	wikisource	real	1	10530	real	es	wikisource	la er	2	6	laer	11.207989
es	wikisource	alas	1	4106	alas	es	wikisource	sala	1	6405	sala	17.085438
es	wikisource	sala	1	6405	sala	es	wikisource	alas	1	4106	alas	17.085438
es	wikisource	dá de	2	8	dade	es	wikisource	edad	1	10423	edad	11.449091
es	wikisource	edad	1	10423	edad	es	wikisource	dá de	2	8	dade	11.449091
es	wikisource	eres	1	8648	eres	es	wikisource	seré	1	1515	sere	16.38903
es	wikisource	seré	1	1515	sere	es	wikisource	eres	1	8648	eres	16.38903
es	wikisource	eton	1	21	eton	es	wikisource	no te	2	9668	note	12.267723
es	wikisource	no te	2	9668	note	es	wikisource	eton	1	21	eton	12.267723
es	wikisource	abad	1	711	abad	es	wikisource	daba	1	8963	daba	15.66905
es	wikisource	daba	1	8963	daba	es	wikisource	abad	1	711	abad	15.66905
es	wikisource	e son	2	27	eson	es	wikisource	no sé	2	9570	nose	12.498697
es	wikisource	no sé	2	9570	nose	es	wikisource	e son	2	27	eson	12.498697
es	wikisource	esón	1	18	eson	es	wikisource	no sé	2	9570	nose	12.110932
es	wikisource	no sé	2	9570	nose	es	wikisource	esón	1	18	eson	12.110932
es	wikisource	serones	1	29	serones	es	wikisource	señores	1	9457	senores	12.555814
es	wikisource	señores	1	9457	senores	es	wikisource	serones	1	29	serones	12.555814
es	wikisource	a ser	2	9079	aser	es	wikisource	res a	2	11	resa	11.598736
es	wikisource	res a	2	11	resa	es	wikisource	a ser	2	9079	aser	11.598736
es	wikisource	ab ad	2	6	abad	es	wikisource	daba	1	8963	daba	11.046882
es	wikisource	daba	1	8963	daba	es	wikisource	ab ad	2	6	abad	11.046882
es	wikisource	oí las	2	12	oilas	es	wikisource	salió	1	8843	salio	11.652444
es	wikisource	salió	1	8843	salio	es	wikisource	oí las	2	12	oilas	11.652444
es	wikisource	emes	1	7	emes	es	wikisource	se me	2	8812	seme	11.163425
es	wikisource	se me	2	8812	seme	es	wikisource	emes	1	7	emes	11.163425
es	wikisource	eres	1	8648	eres	es	wikisource	se re	2	14	sere	11.773249
es	wikisource	se re	2	14	sere	es	wikisource	eres	1	8648	eres	11.773249
es	wikisource	eres	1	8648	eres	es	wikisource	ser e	2	10	sere	11.463094
es	wikisource	ser e	2	10	sere	es	wikisource	eres	1	8648	eres	11.463094
es	wikisource	arte	1	8592	arte	es	wikisource	etra	1	14	etra	11.766753
es	wikisource	etra	1	14	etra	es	wikisource	arte	1	8592	arte	11.766753
es	wikisource	alis	1	5	alis	es	wikisource	si la	2	8371	sila	10.824408
es	wikisource	si la	2	8371	sila	es	wikisource	alis	1	5	alis	10.824408
es	wikisource	odió	1	17	odio	es	wikisource	oído	1	8051	oido	11.884048
es	wikisource	oído	1	8051	oido	es	wikisource	odió	1	17	odio	11.884048
es	wikisource	oído	1	8051	oido	es	wikisource	ódio	1	17	odio	11.884048
es	wikisource	ódio	1	17	odio	es	wikisource	oído	1	8051	oido	11.884048
es	wikisource	o dio	2	5	odio	es	wikisource	oído	1	8051	oido	10.785435
es	wikisource	oído	1	8051	oido	es	wikisource	o dio	2	5	odio	10.785435
es	wikisource	aires	1	6325	aires	es	wikisource	seria	1	1617	seria	16.14137
es	wikisource	seria	1	1617	seria	es	wikisource	aires	1	6325	aires	16.14137
es	wikisource	alón	1	21	alon	es	wikisource	no la	2	7711	nola	12.041575
es	wikisource	no la	2	7711	nola	es	wikisource	alón	1	21	alon	12.041575
es	wikisource	el amor	2	7325	elamor	es	wikisource	roma le	2	20	romale	11.943707
es	wikisource	roma le	2	20	romale	es	wikisource	el amor	2	7325	elamor	11.943707
es	wikisource	a lam	2	6	alam	es	wikisource	mala	1	7296	mala	10.841129
es	wikisource	mala	1	7296	mala	es	wikisource	a lam	2	6	alam	10.841129
es	wikisource	no sólo	2	6555	nosolo	es	wikisource	o lo son	3	6	oloson	10.734046
es	wikisource	o lo son	3	6	oloson	es	wikisource	no sólo	2	6555	nosolo	10.734046
es	wikisource	león	1	5114	leon	es	wikisource	no el	2	1359	noel	15.755173
es	wikisource	no el	2	1359	noel	es	wikisource	león	1	5114	leon	15.755173
es	wikisource	aires	1	6325	aires	es	wikisource	se ría	2	123	seria	13.572705
es	wikisource	se ría	2	123	seria	es	wikisource	aires	1	6325	aires	13.572705
es	wikisource	sala	1	6405	sala	es	wikisource	álas	1	9	alas	11.067575
es	wikisource	álas	1	9	alas	es	wikisource	sala	1	6405	sala	11.067575
es	wikisource	el bon	2	8	elbon	es	wikisource	noble	1	6364	noble	10.955794
es	wikisource	noble	1	6364	noble	es	wikisource	el bon	2	8	elbon	10.955794
es	wikisource	a fin	2	5977	afin	es	wikisource	ni fa	2	11	nifa	11.180748
es	wikisource	ni fa	2	11	nifa	es	wikisource	a fin	2	5977	afin	11.180748
es	wikisource	levin	1	1753	levin	es	wikisource	nivel	1	4228	nivel	15.819375
es	wikisource	nivel	1	4228	nivel	es	wikisource	levin	1	1753	levin	15.819375
es	wikisource	sol nos	2	36	solnos	es	wikisource	son los	2	5886	sonlos	12.29142
es	wikisource	son los	2	5886	sonlos	es	wikisource	sol nos	2	36	solnos	12.29142
es	wikisource	si es	2	5863	sies	es	wikisource	séis	1	5	seis	10.468347
es	wikisource	séis	1	5	seis	es	wikisource	si es	2	5863	sies	10.468347
es	wikisource	no las	2	2225	nolas	es	wikisource	salón	1	3444	salon	15.852641
es	wikisource	salón	1	3444	salon	es	wikisource	no las	2	2225	nolas	15.852641
es	wikisource	aviv	1	12	aviv	es	wikisource	viva	1	5524	viva	11.181988
es	wikisource	viva	1	5524	viva	es	wikisource	aviv	1	12	aviv	11.181988
es	wikisource	a sor	2	42	asor	es	wikisource	rosa	1	5280	rosa	12.333071
es	wikisource	rosa	1	5280	rosa	es	wikisource	a sor	2	42	asor	12.333071
es	wikisource	atrás	1	5199	atras	es	wikisource	sarta	1	121	sarta	13.360435
es	wikisource	sarta	1	121	sarta	es	wikisource	atrás	1	5199	atras	13.360435
es	wikisource	asor	1	10	asor	es	wikisource	rosa	1	5280	rosa	10.969766
es	wikisource	rosa	1	5280	rosa	es	wikisource	asor	1	10	asor	10.969766
es	wikisource	león	1	5114	leon	es	wikisource	no él	2	80	noel	12.934382
es	wikisource	no él	2	80	noel	es	wikisource	león	1	5114	leon	12.934382
es	wikisource	león	1	5114	leon	es	wikisource	noel	1	26	noel	11.83577
es	wikisource	noel	1	26	noel	es	wikisource	león	1	5114	leon	11.83577
es	wikisource	aves	1	2266	aves	es	wikisource	se va	2	2865	seva	15.686885
es	wikisource	se va	2	2865	seva	es	wikisource	aves	1	2266	aves	15.686885
es	wikisource	león	1	5114	leon	es	wikisource	noël	1	5	noel	10.331692
es	wikisource	noël	1	5	noel	es	wikisource	león	1	5114	leon	10.331692
es	wikisource	esté	1	4964	este	es	wikisource	et se	2	44	etse	12.316831
es	wikisource	et se	2	44	etse	es	wikisource	esté	1	4964	este	12.316831
es	wikisource	a poco	2	4873	apoco	es	wikisource	ocopa	1	16	ocopa	11.324884
es	wikisource	ocopa	1	16	ocopa	es	wikisource	a poco	2	4873	apoco	11.324884
es	wikisource	ayer	1	4389	ayer	es	wikisource	rey a	2	480	reya	14.562952
es	wikisource	rey a	2	480	reya	es	wikisource	ayer	1	4389	ayer	14.562952
es	wikisource	azul	1	4408	azul	es	wikisource	luz a	2	409	luza	14.40756
es	wikisource	luz a	2	409	luza	es	wikisource	azul	1	4408	azul	14.40756
es	wikisource	azar	1	975	azar	es	wikisource	raza	1	3675	raza	15.093043
es	wikisource	raza	1	3675	raza	es	wikisource	azar	1	975	azar	15.093043
es	wikisource	alas al	2	53	alasal	es	wikisource	la sala	2	4580	lasala	12.418657
es	wikisource	la sala	2	4580	lasala	es	wikisource	alas al	2	53	alasal	12.418657
es	wikisource	el as	2	21	elas	es	wikisource	sale	1	4609	sale	11.527026
es	wikisource	sale	1	4609	sale	es	wikisource	el as	2	21	elas	11.527026
es	wikisource	esa y	2	43	esay	es	wikisource	ya se	2	4579	yase	12.213644
es	wikisource	ya se	2	4579	yase	es	wikisource	esa y	2	43	esay	12.213644
es	wikisource	ya se	2	4579	yase	es	wikisource	ésa y	2	16	esay	11.262668
es	wikisource	ésa y	2	16	esay	es	wikisource	ya se	2	4579	yase	11.262668
es	wikisource	lein	1	7	lein	es	wikisource	ni el	2	4587	niel	10.510641
es	wikisource	ni el	2	4587	niel	es	wikisource	lein	1	7	lein	10.510641
es	wikisource	a la sal	3	9	alasal	es	wikisource	la sala	2	4580	lasala	10.732258
es	wikisource	la sala	2	4580	lasala	es	wikisource	a la sal	3	9	alasal	10.732258
es	wikisource	ayer	1	4389	ayer	es	wikisource	rey á	2	115	reya	13.140675
es	wikisource	rey á	2	115	reya	es	wikisource	ayer	1	4389	ayer	13.140675
es	wikisource	a mis	2	4236	amis	es	wikisource	sima	1	247	sima	13.865039
es	wikisource	sima	1	247	sima	es	wikisource	a mis	2	4236	amis	13.865039
es	wikisource	a dar	2	4147	adar	es	wikisource	rada	1	335	rada	14.147493
es	wikisource	rada	1	335	rada	es	wikisource	a dar	2	4147	adar	14.147493
es	wikisource	azul	1	4408	azul	es	wikisource	luz á	2	31	luza	11.857139
es	wikisource	luz á	2	31	luza	es	wikisource	azul	1	4408	azul	11.857139
es	wikisource	asirnos	1	5	asirnos	es	wikisource	sonrisa	1	4411	sonrisa	10.183843
es	wikisource	sonrisa	1	4411	sonrisa	es	wikisource	asirnos	1	5	asirnos	10.183843
es	wikisource	no por	2	4278	nopor	es	wikisource	ropón	1	131	ropon	13.244277
es	wikisource	ropón	1	131	ropon	es	wikisource	no por	2	4278	nopor	13.244277
es	wikisource	al si	2	6	alsi	es	wikisource	isla	1	4359	isla	10.326137
es	wikisource	isla	1	4359	isla	es	wikisource	al si	2	6	alsi	10.326137
es	wikisource	son y	2	449	sony	es	wikisource	y nos	2	3883	ynos	14.373868
es	wikisource	y nos	2	3883	ynos	es	wikisource	son y	2	449	sony	14.373868
es	wikisource	debo	1	4143	debo	es	wikisource	obed	1	39	obed	12.018296
es	wikisource	obed	1	39	obed	es	wikisource	debo	1	4143	debo	12.018296
es	wikisource	ones	1	5	ones	es	wikisource	seno	1	4155	seno	10.124068
es	wikisource	seno	1	4155	seno	es	wikisource	ones	1	5	ones	10.124068
es	wikisource	alas	1	4106	alas	es	wikisource	sal a	2	33	sala	11.846809
es	wikisource	animal	1	3827	animal	es	wikisource	la mina	2	312	lamina	13.996301
es	wikisource	la mina	2	312	lamina	es	wikisource	animal	1	3827	animal	13.996301
es	wikisource	sal a	2	33	sala	es	wikisource	alas	1	4106	alas	11.846809
es	wikisource	a don	2	3676	adon	es	wikisource	no da	2	445	noda	14.310171
es	wikisource	no da	2	445	noda	es	wikisource	a don	2	3676	adon	14.310171
es	wikisource	nea y	2	10	neay	es	wikisource	ya en	2	4105	yaen	10.7181
es	wikisource	ya en	2	4105	yaen	es	wikisource	nea y	2	10	neay	10.7181
es	wikisource	alas	1	4106	alas	es	wikisource	salá	1	5	sala	10.112208
es	wikisource	salá	1	5	sala	es	wikisource	alas	1	4106	alas	10.112208
es	wikisource	abarim	1	7	abarim	es	wikisource	miraba	1	4051	miraba	10.386407
es	wikisource	miraba	1	4051	miraba	es	wikisource	abarim	1	7	abarim	10.386407
es	wikisource	amad	1	62	amad	es	wikisource	dama	1	3991	dama	12.435182
es	wikisource	dama	1	3991	dama	es	wikisource	amad	1	62	amad	12.435182
es	wikisource	animal	1	3827	animal	es	wikisource	lámina	1	163	lamina	13.349964
es	wikisource	lámina	1	163	lamina	es	wikisource	animal	1	3827	animal	13.349964
es	wikisource	eloy	1	155	eloy	es	wikisource	yo le	2	3830	yole	13.300737
es	wikisource	yo le	2	3830	yole	es	wikisource	eloy	1	155	eloy	13.300737
es	wikisource	no no	2	3878	nono	es	wikisource	o non	2	36	onon	11.874251
es	wikisource	o non	2	36	onon	es	wikisource	no no	2	3878	nono	11.874251
es	wikisource	a tirones	2	30	atirones	es	wikisource	señorita	1	3835	senorita	11.686173
es	wikisource	señorita	1	3835	senorita	es	wikisource	a tirones	2	30	atirones	11.686173
es	wikisource	si os	2	636	sios	es	wikisource	sois	1	3210	sois	14.531107
es	wikisource	sois	1	3210	sois	es	wikisource	si os	2	636	sios	14.531107
es	wikisource	elo y	2	5	eloy	es	wikisource	yo le	2	3830	yole	10.042641
es	wikisource	yo le	2	3830	yole	es	wikisource	elo y	2	5	eloy	10.042641
es	wikisource	si los	2	3528	silos	es	wikisource	solís	1	276	solis	13.792787
es	wikisource	solís	1	276	solis	es	wikisource	si los	2	3528	silos	13.792787
es	wikisource	amar	1	2286	amar	es	wikisource	rama	1	1503	rama	15.05088
es	wikisource	rama	1	1503	rama	es	wikisource	amar	1	2286	amar	15.05088
es	wikisource	allah	1	127	allah	es	wikisource	halla	1	3596	halla	13.039886
es	wikisource	halla	1	3596	halla	es	wikisource	allah	1	127	allah	13.039886
es	wikisource	a don	2	3676	adon	es	wikisource	no dá	2	6	noda	10.155763
es	wikisource	no dá	2	6	noda	es	wikisource	a don	2	3676	adon	10.155763
es	wikisource	ah el	2	56	ahel	es	wikisource	le ha	2	3587	leha	12.228401
es	wikisource	le ha	2	3587	leha	es	wikisource	ah el	2	56	ahel	12.228401
es	wikisource	alláh	1	6	allah	es	wikisource	halla	1	3596	halla	10.133766
es	wikisource	halla	1	3596	halla	es	wikisource	alláh	1	6	allah	10.133766
es	wikisource	odio	1	3422	odio	es	wikisource	oido	1	180	oido	13.33677
es	wikisource	oido	1	180	oido	es	wikisource	odio	1	3422	odio	13.33677
es	wikisource	a ese	2	3564	aese	es	wikisource	ese a	2	28	esea	11.546215
es	wikisource	ese a	2	28	esea	es	wikisource	a ese	2	3564	aese	11.546215
es	wikisource	a ese	2	3564	aese	es	wikisource	ése a	2	11	esea	10.663826
es	wikisource	ése a	2	11	esea	es	wikisource	a ese	2	3564	aese	10.663826
es	wikisource	a ese	2	3564	aese	es	wikisource	e sea	2	10	esea	10.576815
es	wikisource	e sea	2	10	esea	es	wikisource	a ese	2	3564	aese	10.576815
es	wikisource	a mil	2	602	amil	es	wikisource	lima	1	2958	lima	14.394524
es	wikisource	lima	1	2958	lima	es	wikisource	a mil	2	602	amil	14.394524
es	wikisource	si los	2	3528	silos	es	wikisource	solis	1	32	solis	11.665277
es	wikisource	solis	1	32	solis	es	wikisource	si los	2	3528	silos	11.665277
es	wikisource	e mis	2	15	emis	es	wikisource	si me	2	3530	sime	10.941925
es	wikisource	si me	2	3530	sime	es	wikisource	e mis	2	15	emis	10.941925
es	wikisource	malos	1	3524	malos	es	wikisource	solam	1	7	solam	10.247077
es	wikisource	solam	1	7	solam	es	wikisource	malos	1	3524	malos	10.247077
es	wikisource	se nos	2	3319	senos	es	wikisource	sones	1	199	sones	13.406037
es	wikisource	sones	1	199	sones	es	wikisource	se nos	2	3319	senos	13.406037
es	wikisource	el río	2	2923	elrio	es	wikisource	oírle	1	564	oirle	14.317534
es	wikisource	oírle	1	564	oirle	es	wikisource	el río	2	2923	elrio	14.317534
es	wikisource	opus	1	44	opus	es	wikisource	supo	1	3435	supo	11.948726
es	wikisource	supo	1	3435	supo	es	wikisource	opus	1	44	opus	11.948726
es	wikisource	eso no	2	3189	esono	es	wikisource	o no se	3	286	onose	13.727258
es	wikisource	o no se	3	286	onose	es	wikisource	eso no	2	3189	esono	13.727258
es	wikisource	es en	2	3423	esen	es	wikisource	ne se	2	5	nese	9.930324
es	wikisource	ne se	2	5	nese	es	wikisource	es en	2	3423	esen	9.930324
es	wikisource	alah	1	3211	alah	es	wikisource	hala	1	167	hala	13.198613
es	wikisource	hala	1	167	hala	es	wikisource	alah	1	3211	alah	13.198613
es	wikisource	anav	1	34	anav	es	wikisource	van a	2	3314	vana	11.661561
es	wikisource	van a	2	3314	vana	es	wikisource	anav	1	34	anav	11.661561
es	wikisource	así es	2	3227	asies	es	wikisource	seis a	2	114	seisa	12.82455
es	wikisource	seis a	2	114	seisa	es	wikisource	así es	2	3227	asies	12.82455
es	wikisource	no los	2	3125	nolos	es	wikisource	solón	1	213	solon	13.413486
es	wikisource	solón	1	213	solon	es	wikisource	no los	2	3125	nolos	13.413486
es	wikisource	se nos	2	3319	senos	es	wikisource	son es	2	15	sones	10.880309
es	wikisource	son es	2	15	sones	es	wikisource	se nos	2	3319	senos	10.880309
es	wikisource	eso no	2	3189	esono	es	wikisource	o no sé	3	89	onose	12.567586
es	wikisource	o no sé	3	89	onose	es	wikisource	eso no	2	3189	esono	12.567586
es	wikisource	alah	1	3211	alah	es	wikisource	ha la	2	52	hala	12.044941
es	wikisource	ha la	2	52	hala	es	wikisource	alah	1	3211	alah	12.044941
es	wikisource	oro y	2	2764	oroy	es	wikisource	y oro	2	496	yoro	14.133386
es	wikisource	y oro	2	496	yoro	es	wikisource	oro y	2	2764	oroy	14.133386
es	wikisource	ocas	1	13	ocas	es	wikisource	sacó	1	3238	saco	10.722077
es	wikisource	sacó	1	3238	saco	es	wikisource	ocas	1	13	ocas	10.722077
es	wikisource	sois	1	3210	sois	es	wikisource	sí os	2	33	sios	11.600698
es	wikisource	sí os	2	33	sios	es	wikisource	sois	1	3210	sois	11.600698
es	wikisource	así es	2	3227	asies	es	wikisource	seis á	2	8	seisa	10.276843
es	wikisource	seis á	2	8	seisa	es	wikisource	así es	2	3227	asies	10.276843
es	wikisource	arad	1	9	arad	es	wikisource	dará	1	3220	dara	10.380032
es	wikisource	dará	1	3220	dara	es	wikisource	arad	1	9	arad	10.380032
es	wikisource	ola y	2	36	olay	es	wikisource	ya lo	2	3177	yalo	11.674925
es	wikisource	ya lo	2	3177	yalo	es	wikisource	ola y	2	36	olay	11.674925
es	wikisource	amet	1	6	amet	es	wikisource	tema	1	3203	tema	10.018065
es	wikisource	tema	1	3203	tema	es	wikisource	amet	1	6	amet	10.018065
es	wikisource	eso no	2	3189	esono	es	wikisource	ó no se	3	15	onose	10.840365
es	wikisource	ó no se	3	15	onose	es	wikisource	eso no	2	3189	esono	10.840365
es	wikisource	no los	2	3125	nolos	es	wikisource	solon	1	10	solon	10.445405
es	wikisource	solon	1	10	solon	es	wikisource	no los	2	3125	nolos	10.445405
es	wikisource	asir	1	112	asir	es	wikisource	risa	1	2997	risa	12.733088
es	wikisource	risa	1	2997	risa	es	wikisource	asir	1	112	asir	12.733088
es	wikisource	atón	1	9	aton	es	wikisource	nota	1	3089	nota	10.338511
es	wikisource	nota	1	3089	nota	es	wikisource	atón	1	9	aton	10.338511
es	wikisource	a sir	2	88	asir	es	wikisource	risa	1	2997	risa	12.494337
es	wikisource	risa	1	2997	risa	es	wikisource	a sir	2	88	asir	12.494337
es	wikisource	abaca	1	26	abaca	es	wikisource	acaba	1	3054	acaba	11.320372
es	wikisource	acaba	1	3054	acaba	es	wikisource	abaca	1	26	abaca	11.320372
es	wikisource	eso los	2	254	esolos	es	wikisource	sólo se	2	2778	solose	13.47111
es	wikisource	sólo se	2	2778	solose	es	wikisource	eso los	2	254	esolos	13.47111
es	wikisource	e don	2	29	edon	es	wikisource	no de	2	2978	node	11.40054
es	wikisource	no de	2	2978	node	es	wikisource	e don	2	29	edon	11.40054
es	wikisource	a más	2	2967	amas	es	wikisource	sama	1	31	sama	11.46138
es	wikisource	sama	1	31	sama	es	wikisource	a más	2	2967	amas	11.46138
es	wikisource	o más	2	2956	omas	es	wikisource	samo	1	33	samo	11.518291
es	wikisource	samo	1	33	samo	es	wikisource	o más	2	2956	omas	11.518291
es	wikisource	año de	2	2974	anode	es	wikisource	e doña	2	12	edona	10.562949
es	wikisource	e doña	2	12	edona	es	wikisource	año de	2	2974	anode	10.562949
es	wikisource	lima	1	2958	lima	es	wikisource	á mil	2	27	amil	11.324811
es	wikisource	á mil	2	27	amil	es	wikisource	lima	1	2958	lima	11.324811
es	wikisource	edón	1	6	edon	es	wikisource	no de	2	2978	node	9.945253
es	wikisource	no de	2	2978	node	es	wikisource	edón	1	6	edon	9.945253
es	wikisource	a rey	2	47	arey	es	wikisource	y era	2	2930	yera	11.8543
es	wikisource	y era	2	2930	yera	es	wikisource	a rey	2	47	arey	11.8543
es	wikisource	amado	1	2961	amado	es	wikisource	o dama	2	6	odama	9.93953
es	wikisource	o dama	2	6	odama	es	wikisource	amado	1	2961	amado	9.93953
es	wikisource	el río	2	2923	elrio	es	wikisource	oirle	1	26	oirle	11.276545
es	wikisource	oirle	1	26	oirle	es	wikisource	el río	2	2923	elrio	11.276545
es	wikisource	naves	1	1768	naves	es	wikisource	se van	2	1166	sevan	14.540361
es	wikisource	se van	2	1166	sevan	es	wikisource	naves	1	1768	naves	14.540361
es	wikisource	el río	2	2923	elrio	es	wikisource	oír le	2	6	oirle	9.926618
es	wikisource	oír le	2	6	oirle	es	wikisource	el río	2	2923	elrio	9.926618
es	wikisource	alger	1	6	alger	es	wikisource	regla	1	2913	regla	9.923192
es	wikisource	regla	1	2913	regla	es	wikisource	alger	1	6	alger	9.923192
es	wikisource	art el	2	5	artel	es	wikisource	letra	1	2900	letra	9.76457
es	wikisource	letra	1	2900	letra	es	wikisource	art el	2	5	artel	9.76457
es	wikisource	et su	2	43	etsu	es	wikisource	usté	1	2859	uste	11.742767
es	wikisource	usté	1	2859	uste	es	wikisource	et su	2	43	etsu	11.742767
es	wikisource	oídos	1	2862	oidos	es	wikisource	sodio	1	32	sodio	11.456133
es	wikisource	sodio	1	32	sodio	es	wikisource	oídos	1	2862	oidos	11.456133
es	wikisource	e sin	2	36	esin	es	wikisource	ni se	2	2857	nise	11.568795
es	wikisource	ni se	2	2857	nise	es	wikisource	e sin	2	36	esin	11.568795
es	wikisource	islas	1	2873	islas	es	wikisource	sal si	2	15	salsi	10.736049
es	wikisource	sal si	2	15	salsi	es	wikisource	islas	1	2873	islas	10.736049
es	wikisource	la col	2	16	lacol	es	wikisource	local	1	2862	local	10.792839
es	wikisource	local	1	2862	local	es	wikisource	la col	2	16	lacol	10.792839
es	wikisource	elis	1	12	elis	es	wikisource	si le	2	2856	sile	10.522477
es	wikisource	si le	2	2856	sile	es	wikisource	elis	1	12	elis	10.522477
es	wikisource	es in	2	7	esin	es	wikisource	ni se	2	2857	nise	10.037319
es	wikisource	ni se	2	2857	nise	es	wikisource	es in	2	7	esin	10.037319
es	wikisource	olet	1	6	olet	es	wikisource	te lo	2	2829	telo	9.893942
es	wikisource	te lo	2	2829	telo	es	wikisource	olet	1	6	olet	9.893942
es	wikisource	social y	2	2812	socialy	es	wikisource	y laicos	2	8	ylaicos	10.139231
es	wikisource	y laicos	2	8	ylaicos	es	wikisource	social y	2	2812	socialy	10.139231
es	wikisource	a eso	2	1086	aeso	es	wikisource	o sea	2	1732	osea	14.448786
es	wikisource	o sea	2	1732	osea	es	wikisource	a eso	2	1086	aeso	14.448786
es	wikisource	oro y	2	2764	oroy	es	wikisource	y oró	2	36	yoro	11.535714
es	wikisource	y oró	2	36	yoro	es	wikisource	oro y	2	2764	oroy	11.535714
es	wikisource	oro y	2	2764	oroy	es	wikisource	yoro	1	34	yoro	11.480144
es	wikisource	yoro	1	34	yoro	es	wikisource	oro y	2	2764	oroy	11.480144
es	wikisource	allah es	2	11	allahes	es	wikisource	se halla	2	2774	sehalla	10.413313
es	wikisource	se halla	2	2774	sehalla	es	wikisource	allah es	2	11	allahes	10.413313
es	wikisource	amor y	2	2624	amory	es	wikisource	y roma	2	92	yroma	12.405436
es	wikisource	y roma	2	92	yroma	es	wikisource	amor y	2	2624	amory	12.405436
es	wikisource	ríos	1	2687	rios	es	wikisource	soir	1	13	soir	10.53561
es	wikisource	soir	1	13	soir	es	wikisource	ríos	1	2687	rios	10.53561
es	wikisource	a dos	2	2639	ados	es	wikisource	soda	1	23	soda	11.056588
es	wikisource	soda	1	23	soda	es	wikisource	a dos	2	2639	ados	11.056588
es	wikisource	la mar	2	2571	lamar	es	wikisource	ramal	1	66	ramal	12.057132
es	wikisource	ramal	1	66	ramal	es	wikisource	la mar	2	2571	lamar	12.057132
es	wikisource	ala y	2	45	alay	es	wikisource	ya la	2	2590	yala	11.688441
es	wikisource	ya la	2	2590	yala	es	wikisource	ala y	2	45	alay	11.688441
es	wikisource	a esa	2	2620	aesa	es	wikisource	a sea	2	13	asea	10.510369
es	wikisource	a sea	2	13	asea	es	wikisource	a esa	2	2620	aesa	10.510369
es	wikisource	alá y	2	30	alay	es	wikisource	ya la	2	2590	yala	11.293786
es	wikisource	ya la	2	2590	yala	es	wikisource	alá y	2	30	alay	11.293786
es	wikisource	al oír	2	2549	aloir	es	wikisource	río la	2	65	riola	12.033503
es	wikisource	río la	2	65	riola	es	wikisource	al oír	2	2549	aloir	12.033503
es	wikisource	al oír	2	2549	aloir	es	wikisource	rió la	2	13	riola	10.482906
es	wikisource	rió la	2	13	riola	es	wikisource	al oír	2	2549	aloir	10.482906
es	wikisource	al oír	2	2549	aloir	es	wikisource	rio la	2	8	riola	10.041073
es	wikisource	rio la	2	8	riola	es	wikisource	al oír	2	2549	aloir	10.041073
es	wikisource	ii iv	2	30	iiiv	es	wikisource	viii	1	2477	viii	11.249194
es	wikisource	viii	1	2477	viii	es	wikisource	ii iv	2	30	iiiv	11.249194
es	wikisource	le dio	2	2477	ledio	es	wikisource	oíd el	2	11	oidel	10.300114
es	wikisource	oíd el	2	11	oidel	es	wikisource	le dio	2	2477	ledio	10.300114
es	wikisource	neón	1	8	neon	es	wikisource	no en	2	2479	noen	10.013238
es	wikisource	no en	2	2479	noen	es	wikisource	neón	1	8	neon	10.013238
es	wikisource	le dio	2	2477	ledio	es	wikisource	oí del	2	6	oidel	9.761117
es	wikisource	oí del	2	6	oidel	es	wikisource	le dio	2	2477	ledio	9.761117
es	wikisource	olas	1	2453	olas	es	wikisource	sal o	2	12	salo	10.370424
es	wikisource	sal o	2	12	salo	es	wikisource	olas	1	2453	olas	10.370424
es	wikisource	olas	1	2453	olas	es	wikisource	salo	1	6	salo	9.751385
es	wikisource	salo	1	6	salo	es	wikisource	olas	1	2453	olas	9.751385
es	wikisource	no soy	2	2434	nosoy	es	wikisource	yo son	2	13	yoson	10.436759
es	wikisource	yo son	2	13	yoson	es	wikisource	no soy	2	2434	nosoy	10.436759
es	wikisource	a sam	2	6	asam	es	wikisource	más a	2	2430	masa	9.741968
es	wikisource	más a	2	2430	masa	es	wikisource	a sam	2	6	asam	9.741968
es	wikisource	a des	2	23	ades	es	wikisource	seda	1	2408	seda	10.965021
es	wikisource	seda	1	2408	seda	es	wikisource	a des	2	23	ades	10.965021
es	wikisource	ades	1	20	ades	es	wikisource	seda	1	2408	seda	10.831489
es	wikisource	seda	1	2408	seda	es	wikisource	ades	1	20	ades	10.831489
es	wikisource	ad es	2	7	ades	es	wikisource	seda	1	2408	seda	9.866409
es	wikisource	seda	1	2408	seda	es	wikisource	ad es	2	7	ades	9.866409
es	wikisource	inés	1	2294	ines	es	wikisource	sé ni	2	113	seni	12.474687
es	wikisource	sé ni	2	113	seni	es	wikisource	inés	1	2294	ines	12.474687
es	wikisource	a sam	2	6	asam	es	wikisource	masa	1	2397	masa	9.7283
es	wikisource	masa	1	2397	masa	es	wikisource	a sam	2	6	asam	9.7283
es	wikisource	era su	2	2359	erasu	es	wikisource	usaré	1	31	usare	11.232153
es	wikisource	usaré	1	31	usare	es	wikisource	era su	2	2359	erasu	11.232153
es	wikisource	era su	2	2359	erasu	es	wikisource	usare	1	19	usare	10.762149
es	wikisource	usare	1	19	usare	es	wikisource	era su	2	2359	erasu	10.762149
es	wikisource	oír a las	3	14	oiralas	es	wikisource	salario	1	2355	salario	10.472771
es	wikisource	salario	1	2355	salario	es	wikisource	oír a las	3	14	oiralas	10.472771
es	wikisource	arad	1	9	arad	es	wikisource	dar a	2	2328	dara	10.055779
es	wikisource	dar a	2	2328	dara	es	wikisource	arad	1	9	arad	10.055779
es	wikisource	omar	1	483	omar	es	wikisource	ramo	1	1847	ramo	13.703944
es	wikisource	ramo	1	1847	ramo	es	wikisource	omar	1	483	omar	13.703944
es	wikisource	no las	2	2225	nolas	es	wikisource	salon	1	93	salon	12.251256
es	wikisource	salon	1	93	salon	es	wikisource	no las	2	2225	nolas	12.251256
es	wikisource	malas	1	2292	malas	es	wikisource	salam	1	10	salam	10.135512
es	wikisource	salam	1	10	salam	es	wikisource	malas	1	2292	malas	10.135512
es	wikisource	inés	1	2294	ines	es	wikisource	se ni	2	5	seni	9.530248
es	wikisource	se ni	2	5	seni	es	wikisource	inés	1	2294	ines	9.530248
es	wikisource	amar	1	2286	amar	es	wikisource	ramá	1	5	rama	9.526756
es	wikisource	ramá	1	5	rama	es	wikisource	amar	1	2286	amar	9.526756
es	wikisource	aves	1	2266	aves	es	wikisource	se vá	2	15	seva	10.498801
es	wikisource	se vá	2	15	seva	es	wikisource	aves	1	2266	aves	10.498801
es	wikisource	lea y	2	56	leay	es	wikisource	ya el	2	2219	yael	11.748314
es	wikisource	ya el	2	2219	yael	es	wikisource	lea y	2	56	leay	11.748314
es	wikisource	aves	1	2266	aves	es	wikisource	seva	1	5	seva	9.517972
es	wikisource	seva	1	5	seva	es	wikisource	aves	1	2266	aves	9.517972
es	wikisource	salís	1	52	salis	es	wikisource	si las	2	2196	silas	11.66514
es	wikisource	si las	2	2196	silas	es	wikisource	salís	1	52	salis	11.66514
es	wikisource	a la ley	3	2220	alaley	es	wikisource	y el ala	3	14	yelala	10.413763
es	wikisource	y el ala	3	14	yelala	es	wikisource	a la ley	3	2220	alaley	10.413763
es	wikisource	a saber	2	2170	asaber	es	wikisource	rebasa	1	52	rebasa	11.653235
es	wikisource	rebasa	1	52	rebasa	es	wikisource	a saber	2	2170	asaber	11.653235
es	wikisource	amor a	2	1353	amora	es	wikisource	aroma	1	866	aroma	13.975857
es	wikisource	aroma	1	866	aroma	es	wikisource	amor a	2	1353	amora	13.975857
es	wikisource	apoc	1	31	apoc	es	wikisource	copa	1	2156	copa	11.14221
es	wikisource	copa	1	2156	copa	es	wikisource	apoc	1	31	apoc	11.14221
es	wikisource	ropa y	2	468	ropay	es	wikisource	ya por	2	1716	yapor	13.598937
es	wikisource	ya por	2	1716	yapor	es	wikisource	ropa y	2	468	ropay	13.598937
es	wikisource	arar	1	103	arar	es	wikisource	rara	1	2051	rara	12.270961
es	wikisource	rara	1	2051	rara	es	wikisource	arar	1	103	arar	12.270961
es	wikisource	a roma	2	785	aroma	es	wikisource	amor a	2	1353	amora	13.877775
es	wikisource	amor a	2	1353	amora	es	wikisource	a roma	2	785	aroma	13.877775
es	wikisource	baile	1	2105	baile	es	wikisource	eliab	1	25	eliab	10.910642
es	wikisource	eliab	1	25	eliab	es	wikisource	baile	1	2105	baile	10.910642
es	wikisource	miles	1	2009	miles	es	wikisource	selim	1	107	selim	12.288021
es	wikisource	selim	1	107	selim	es	wikisource	miles	1	2009	miles	12.288021
es	wikisource	leído	1	2084	leido	es	wikisource	odiel	1	5	odiel	9.434284
es	wikisource	odiel	1	5	odiel	es	wikisource	leído	1	2084	leido	9.434284
es	wikisource	oír es	2	18	oires	es	wikisource	serio	1	2040	serio	10.565634
es	wikisource	serio	1	2040	serio	es	wikisource	oír es	2	18	oires	10.565634
es	wikisource	e conocer	2	7	econocer	es	wikisource	reconoce	1	2019	reconoce	9.690294
es	wikisource	reconoce	1	2019	reconoce	es	wikisource	e conocer	2	7	econocer	9.690294
es	wikisource	a tal	2	1781	atal	es	wikisource	lata	1	242	lata	12.978553
es	wikisource	lata	1	242	lata	es	wikisource	a tal	2	1781	atal	12.978553
es	wikisource	adán y	2	139	adany	es	wikisource	y nada	2	1871	ynada	12.476405
es	wikisource	y nada	2	1871	ynada	es	wikisource	adán y	2	139	adany	12.476405
es	wikisource	daños	1	1953	danos	es	wikisource	sonad	1	12	sonad	10.142583
es	wikisource	sonad	1	12	sonad	es	wikisource	daños	1	1953	danos	10.142583
es	wikisource	notar	1	1516	notar	es	wikisource	ratón	1	421	raton	13.369495
es	wikisource	ratón	1	421	raton	es	wikisource	notar	1	1516	notar	13.369495
es	wikisource	adad	1	39	adad	es	wikisource	dada	1	1891	dada	11.234269
es	wikisource	dada	1	1891	dada	es	wikisource	adad	1	39	adad	11.234269
es	wikisource	eh el	2	7	ehel	es	wikisource	le he	2	1917	lehe	9.63848
es	wikisource	le he	2	1917	lehe	es	wikisource	eh el	2	7	ehel	9.63848
es	wikisource	açor	1	11	acor	es	wikisource	roca	1	1890	roca	10.029768
es	wikisource	roca	1	1890	roca	es	wikisource	açor	1	11	acor	10.029768
es	wikisource	ab la	2	12	abla	es	wikisource	alba	1	1879	alba	10.103976
es	wikisource	alba	1	1879	alba	es	wikisource	ab la	2	12	abla	10.103976
es	wikisource	el oro	2	1850	eloro	es	wikisource	oro le	2	39	orole	11.212361
es	wikisource	oro le	2	39	orole	es	wikisource	el oro	2	1850	eloro	11.212361
es	wikisource	ni son	2	198	nison	es	wikisource	no sin	2	1689	nosin	12.725789
es	wikisource	no sin	2	1689	nosin	es	wikisource	ni son	2	198	nison	12.725789
es	wikisource	eso y	2	565	esoy	es	wikisource	yo sé	2	1319	yose	13.523981
es	wikisource	yo sé	2	1319	yose	es	wikisource	eso y	2	565	esoy	13.523981
es	wikisource	allí ves	2	6	allives	es	wikisource	sevilla	1	1872	sevilla	9.481207
es	wikisource	sevilla	1	1872	sevilla	es	wikisource	allí ves	2	6	allives	9.481207
es	wikisource	orar	1	287	orar	es	wikisource	raro	1	1582	raro	13.030038
es	wikisource	raro	1	1582	raro	es	wikisource	orar	1	287	orar	13.030038
es	wikisource	o mar	2	10	omar	es	wikisource	ramo	1	1847	ramo	9.919755
es	wikisource	ramo	1	1847	ramo	es	wikisource	o mar	2	10	omar	9.919755
es	wikisource	leonís	1	26	leonis	es	wikisource	sino el	2	1830	sinoel	10.808454
es	wikisource	sino el	2	1830	sinoel	es	wikisource	leonís	1	26	leonis	10.808454
es	wikisource	adama	1	14	adama	es	wikisource	amada	1	1837	amada	10.224484
es	wikisource	amada	1	1837	amada	es	wikisource	adama	1	14	adama	10.224484
es	wikisource	adam a	2	9	adama	es	wikisource	amada	1	1837	amada	9.819018
es	wikisource	amada	1	1837	amada	es	wikisource	adam a	2	9	adama	9.819018
es	wikisource	a dama	2	6	adama	es	wikisource	amada	1	1837	amada	9.462343
es	wikisource	amada	1	1837	amada	es	wikisource	a dama	2	6	adama	9.462343
es	wikisource	a tal	2	1781	atal	es	wikisource	la ta	2	13	lata	10.124549
es	wikisource	la ta	2	13	lata	es	wikisource	a tal	2	1781	atal	10.124549
es	wikisource	o sea	2	1732	osea	es	wikisource	á eso	2	16	aeso	10.290823
es	wikisource	á eso	2	16	aeso	es	wikisource	o sea	2	1732	osea	10.290823
es	wikisource	alem	1	50	alem	es	wikisource	me la	2	1690	mela	11.364901
es	wikisource	me la	2	1690	mela	es	wikisource	alem	1	50	alem	11.364901
es	wikisource	alisa	1	48	alisa	es	wikisource	así la	2	1686	asila	11.322527
es	wikisource	así la	2	1686	asila	es	wikisource	alisa	1	48	alisa	11.322527
es	wikisource	adargas	1	25	adargas	es	wikisource	sagrada	1	1699	sagrada	10.69648
es	wikisource	sagrada	1	1699	sagrada	es	wikisource	adargas	1	25	adargas	10.69648
es	wikisource	abed	1	30	abed	es	wikisource	deba	1	1669	deba	10.854566
es	wikisource	deba	1	1669	deba	es	wikisource	abed	1	30	abed	10.854566
es	wikisource	sola y	2	646	solay	es	wikisource	ya los	2	1047	yalos	13.426985
es	wikisource	ya los	2	1047	yalos	es	wikisource	sola y	2	646	solay	13.426985
es	wikisource	ir al	2	1661	iral	es	wikisource	lari	1	5	lari	9.207536
es	wikisource	lari	1	5	lari	es	wikisource	ir al	2	1661	iral	9.207536
es	wikisource	leo los	2	7	leolos	es	wikisource	sólo el	2	1658	soloel	9.493412
es	wikisource	sólo el	2	1658	soloel	es	wikisource	leo los	2	7	leolos	9.493412
es	wikisource	isis	1	114	isis	es	wikisource	sí sí	2	1516	sisi	12.069422
es	wikisource	sí sí	2	1516	sisi	es	wikisource	isis	1	114	isis	12.069422
es	wikisource	sol y	2	1616	soly	es	wikisource	ylos	1	6	ylos	9.334238
es	wikisource	ylos	1	6	ylos	es	wikisource	sol y	2	1616	soly	9.334238
es	wikisource	laicos y	2	6	laicosy	es	wikisource	y social	2	1612	ysocial	9.331761
es	wikisource	y social	2	1612	ysocial	es	wikisource	laicos y	2	6	laicosy	9.331761
es	wikisource	oyes	1	577	oyes	es	wikisource	sé yo	2	1037	seyo	13.304625
es	wikisource	sé yo	2	1037	seyo	es	wikisource	oyes	1	577	oyes	13.304625
es	wikisource	aire son	2	15	aireson	es	wikisource	no sería	2	1591	noseria	10.145335
es	wikisource	no sería	2	1591	noseria	es	wikisource	aire son	2	15	aireson	10.145335
es	wikisource	samet	1	5	samet	es	wikisource	temas	1	1580	temas	9.157572
es	wikisource	temas	1	1580	temas	es	wikisource	samet	1	5	samet	9.157572
es	wikisource	alá es	2	15	alaes	es	wikisource	sea la	2	1567	seala	10.130145
es	wikisource	sea la	2	1567	seala	es	wikisource	alá es	2	15	alaes	10.130145
es	wikisource	a la es	3	6	alaes	es	wikisource	sea la	2	1567	seala	9.303466
es	wikisource	sea la	2	1567	seala	es	wikisource	a la es	3	6	alaes	9.303466
es	wikisource	leon	1	206	leon	es	wikisource	no el	2	1359	noel	12.547959
es	wikisource	no el	2	1359	noel	es	wikisource	leon	1	206	leon	12.547959
es	wikisource	anac	1	8	anac	es	wikisource	caña	1	1547	cana	9.541944
es	wikisource	caña	1	1547	cana	es	wikisource	anac	1	8	anac	9.541944
es	wikisource	is es	2	7	ises	es	wikisource	sé si	2	1543	sesi	9.421573
es	wikisource	sé si	2	1543	sesi	es	wikisource	is es	2	7	ises	9.421573
es	wikisource	ises	1	5	ises	es	wikisource	sé si	2	1543	sesi	9.133891
es	wikisource	sé si	2	1543	sesi	es	wikisource	ises	1	5	ises	9.133891
es	wikisource	adem	1	6	adem	es	wikisource	me da	2	1540	meda	9.286097
es	wikisource	me da	2	1540	meda	es	wikisource	adem	1	6	adem	9.286097
es	wikisource	a mar	2	41	amar	es	wikisource	rama	1	1503	rama	11.053553
es	wikisource	rama	1	1503	rama	es	wikisource	a mar	2	41	amar	11.053553
es	wikisource	otor	1	12	otor	es	wikisource	roto	1	1531	roto	9.899279
es	wikisource	roto	1	1531	roto	es	wikisource	otor	1	12	otor	9.899279
es	wikisource	abad el	2	7	abadel	es	wikisource	le daba	2	1533	ledaba	9.415076
es	wikisource	le daba	2	1533	ledaba	es	wikisource	abad el	2	7	abadel	9.415076
es	wikisource	sanes	1	22	sanes	es	wikisource	señas	1	1518	senas	10.461302
es	wikisource	señas	1	1518	senas	es	wikisource	sanes	1	22	sanes	10.461302
es	wikisource	ella con	2	1520	ellacon	es	wikisource	no calle	2	6	nocalle	9.273033
es	wikisource	no calle	2	6	nocalle	es	wikisource	ella con	2	1520	ellacon	9.273033
es	wikisource	et es	2	69	etes	es	wikisource	se te	2	1441	sete	11.522282
es	wikisource	rama	1	1503	rama	es	wikisource	á mar	2	7	amar	9.395325
es	wikisource	se te	2	1441	sete	es	wikisource	et es	2	69	etes	11.522282
es	wikisource	á mar	2	7	amar	es	wikisource	rama	1	1503	rama	9.395325
es	wikisource	solo y	2	912	soloy	es	wikisource	yo los	2	593	yolos	13.203615
es	wikisource	yo los	2	593	yolos	es	wikisource	solo y	2	912	soloy	13.203615
es	wikisource	a des	2	23	ades	es	wikisource	se da	2	1474	seda	10.474467
es	wikisource	se da	2	1474	seda	es	wikisource	a des	2	23	ades	10.474467
es	wikisource	e dis	2	28	edis	es	wikisource	si de	2	1468	side	10.659633
es	wikisource	si de	2	1468	side	es	wikisource	e dis	2	28	edis	10.659633
es	wikisource	ades	1	20	ades	es	wikisource	se da	2	1474	seda	10.340936
es	wikisource	se da	2	1474	seda	es	wikisource	ades	1	20	ades	10.340936
es	wikisource	dias	1	1388	dias	es	wikisource	said	1	104	said	11.8903
es	wikisource	said	1	104	said	es	wikisource	dias	1	1388	dias	11.8903
es	wikisource	ocas	1	13	ocas	es	wikisource	saco	1	1474	saco	9.935471
es	wikisource	saco	1	1474	saco	es	wikisource	ocas	1	13	ocas	9.935471
es	wikisource	ad es	2	7	ades	es	wikisource	se da	2	1474	seda	9.375855
es	wikisource	se da	2	1474	seda	es	wikisource	ad es	2	7	ades	9.375855
es	wikisource	ropas	1	1469	ropas	es	wikisource	sapor	1	9	sapor	9.595603
es	wikisource	sapor	1	9	sapor	es	wikisource	ropas	1	1469	ropas	9.595603
es	wikisource	liga	1	880	liga	es	wikisource	ágil	1	578	agil	13.14236
es	wikisource	ágil	1	578	agil	es	wikisource	liga	1	880	liga	13.14236
es	wikisource	no mis	2	26	nomis	es	wikisource	simón	1	1430	simon	10.561966
es	wikisource	simón	1	1430	simon	es	wikisource	no mis	2	26	nomis	10.561966
es	wikisource	ajena	1	1398	ajena	es	wikisource	añeja	1	56	aneja	11.286564
es	wikisource	añeja	1	56	aneja	es	wikisource	ajena	1	1398	ajena	11.286564
es	wikisource	oírnos	1	44	oirnos	es	wikisource	sonrió	1	1403	sonrio	11.053743
es	wikisource	se te	2	1441	sete	es	wikisource	êtes	1	6	etes	9.219696
es	wikisource	sonrió	1	1403	sonrio	es	wikisource	oírnos	1	44	oirnos	11.053743
es	wikisource	êtes	1	6	etes	es	wikisource	se te	2	1441	sete	9.219696
es	wikisource	nos y	2	75	nosy	es	wikisource	y son	2	1370	yson	11.554029
es	wikisource	y son	2	1370	yson	es	wikisource	nos y	2	75	nosy	11.554029
es	wikisource	ajena	1	1398	ajena	es	wikisource	aneja	1	29	aneja	10.64471
es	wikisource	aneja	1	29	aneja	es	wikisource	ajena	1	1398	ajena	10.64471
es	wikisource	neves	1	5	neves	es	wikisource	se ven	2	1421	seven	9.051579
es	wikisource	se ven	2	1421	seven	es	wikisource	neves	1	5	neves	9.051579
es	wikisource	adel	1	71	adel	es	wikisource	le da	2	1349	leda	11.484526
es	wikisource	le da	2	1349	leda	es	wikisource	adel	1	71	adel	11.484526
es	wikisource	allá y	2	439	allay	es	wikisource	y allá	2	977	yalla	12.972284
es	wikisource	y allá	2	977	yalla	es	wikisource	allá y	2	439	allay	12.972284
es	wikisource	amor a	2	1353	amora	es	wikisource	á roma	2	62	aroma	11.353953
es	wikisource	á roma	2	62	aroma	es	wikisource	amor a	2	1353	amora	11.353953
es	wikisource	onu y	2	16	onuy	es	wikisource	y uno	2	1397	yuno	10.076011
es	wikisource	y uno	2	1397	yuno	es	wikisource	onu y	2	16	onuy	10.076011
es	wikisource	sea y	2	172	seay	es	wikisource	ya es	2	1221	yaes	12.261536
es	wikisource	ya es	2	1221	yaes	es	wikisource	sea y	2	172	seay	12.261536
es	wikisource	aera	1	11	aera	es	wikisource	área	1	1374	area	9.711116
es	wikisource	área	1	1374	area	es	wikisource	aera	1	11	aera	9.711116
es	wikisource	ella el	2	1333	ellael	es	wikisource	leal le	2	23	lealle	10.373991
es	wikisource	leal le	2	23	lealle	es	wikisource	ella el	2	1333	ellael	10.373991
es	wikisource	a la res	3	10	alares	es	wikisource	será la	2	1332	serala	9.593083
es	wikisource	será la	2	1332	serala	es	wikisource	a la res	3	10	alares	9.593083
es	wikisource	ac es	2	10	aces	es	wikisource	seca	1	1325	seca	9.587817
es	wikisource	seca	1	1325	seca	es	wikisource	ac es	2	10	aces	9.587817
es	wikisource	a rial	2	5	arial	es	wikisource	la ira	2	1324	laira	8.980927
es	wikisource	la ira	2	1324	laira	es	wikisource	a rial	2	5	arial	8.980927
es	wikisource	nido	1	1309	nido	es	wikisource	odín	1	5	odin	8.969542
es	wikisource	odín	1	5	odin	es	wikisource	nido	1	1309	nido	8.969542
es	wikisource	agis	1	106	agis	es	wikisource	siga	1	1203	siga	11.766233
es	wikisource	siga	1	1203	siga	es	wikisource	agis	1	106	agis	11.766233
es	wikisource	a tan	2	973	atan	es	wikisource	nata	1	317	nata	12.643463
es	wikisource	nata	1	317	nata	es	wikisource	a tan	2	973	atan	12.643463
es	wikisource	de mal	2	1282	demal	es	wikisource	lamed	1	6	lamed	9.102867
es	wikisource	lamed	1	6	lamed	es	wikisource	de mal	2	1282	demal	9.102867
es	wikisource	sé le	2	24	sele	es	wikisource	él es	2	1261	eles	10.359329
es	wikisource	él es	2	1261	eles	es	wikisource	sé le	2	24	sele	10.359329
es	wikisource	al río	2	817	alrio	es	wikisource	oír la	2	461	oirla	12.842427
es	wikisource	oír la	2	461	oirla	es	wikisource	al río	2	817	alrio	12.842427
es	wikisource	sele	1	17	sele	es	wikisource	él es	2	1261	eles	10.030825
es	wikisource	él es	2	1261	eles	es	wikisource	sele	1	17	sele	10.030825
es	wikisource	y se le	3	1250	ysele	es	wikisource	él es y	3	5	elesy	8.923458
es	wikisource	él es y	3	5	elesy	es	wikisource	y se le	3	1250	ysele	8.923458
es	wikisource	lais	1	23	lais	es	wikisource	si al	2	1210	sial	10.277256
es	wikisource	si al	2	1210	sial	es	wikisource	lais	1	23	lais	10.277256
es	wikisource	azar al	2	7	azaral	es	wikisource	la raza	2	1223	laraza	9.189321
es	wikisource	la raza	2	1223	laraza	es	wikisource	azar al	2	7	azaral	9.189321
es	wikisource	ley os	2	5	leyos	es	wikisource	soy el	2	1219	soyel	8.898366
es	wikisource	soy el	2	1219	soyel	es	wikisource	ley os	2	5	leyos	8.898366
es	wikisource	latín	1	1169	latin	es	wikisource	ni tal	2	54	nital	11.072092
es	wikisource	ni tal	2	54	nital	es	wikisource	latín	1	1169	latin	11.072092
es	wikisource	anal	1	6	anal	es	wikisource	lana	1	1208	lana	9.043459
es	wikisource	lana	1	1208	lana	es	wikisource	anal	1	6	anal	9.043459
es	wikisource	al río	2	817	alrio	es	wikisource	oírla	1	387	oirla	12.667868
es	wikisource	oírla	1	387	oirla	es	wikisource	al río	2	817	alrio	12.667868
es	wikisource	a eso	2	1086	aeso	es	wikisource	ó sea	2	117	osea	11.761862
es	wikisource	ó sea	2	117	osea	es	wikisource	a eso	2	1086	aeso	11.761862
es	wikisource	el ay	2	16	elay	es	wikisource	ya le	2	1179	yale	9.906483
es	wikisource	ya le	2	1179	yale	es	wikisource	el ay	2	16	elay	9.906483
es	wikisource	anás	1	46	anas	es	wikisource	sana	1	1140	sana	10.889808
es	wikisource	sana	1	1140	sana	es	wikisource	anás	1	46	anas	10.889808
es	wikisource	anas	1	37	anas	es	wikisource	sana	1	1140	sana	10.677247
es	wikisource	sana	1	1140	sana	es	wikisource	anas	1	37	anas	10.677247
es	wikisource	ese y	2	59	esey	es	wikisource	y ese	2	1116	yese	11.112746
es	wikisource	y ese	2	1116	yese	es	wikisource	ese y	2	59	esey	11.112746
es	wikisource	año y	2	1164	anoy	es	wikisource	yo na	2	5	yona	8.852236
es	wikisource	yo na	2	5	yona	es	wikisource	año y	2	1164	anoy	8.852236
es	wikisource	eso y	2	565	esoy	es	wikisource	yo se	2	599	yose	12.735524
es	wikisource	yo se	2	599	yose	es	wikisource	eso y	2	565	esoy	12.735524
es	wikisource	so su	2	7	sosu	es	wikisource	usos	1	1156	usos	9.133027
es	wikisource	usos	1	1156	usos	es	wikisource	so su	2	7	sosu	9.133027
es	wikisource	leo y	2	28	leoy	es	wikisource	yo el	2	1126	yoel	10.39461
es	wikisource	yo el	2	1126	yoel	es	wikisource	leo y	2	28	leoy	10.39461
es	wikisource	leños	1	103	lenos	es	wikisource	son el	2	1048	sonel	11.599984
es	wikisource	son el	2	1048	sonel	es	wikisource	leños	1	103	lenos	11.599984
es	wikisource	ah al	2	5	ahal	es	wikisource	la ha	2	1144	laha	8.834919
es	wikisource	la ha	2	1144	laha	es	wikisource	ah al	2	5	ahal	8.834919
es	wikisource	aisa	1	8	aisa	es	wikisource	asia	1	1135	asia	9.232493
es	wikisource	asia	1	1135	asia	es	wikisource	aisa	1	8	aisa	9.232493
es	wikisource	revés	1	1127	reves	es	wikisource	sé ver	2	16	sever	9.861415
es	wikisource	sé ver	2	16	sever	es	wikisource	revés	1	1127	reves	9.861415
es	wikisource	esa y	2	43	esay	es	wikisource	ya sé	2	1097	yase	10.785435
es	wikisource	ya sé	2	1097	yase	es	wikisource	esa y	2	43	esay	10.785435
es	wikisource	y ese	2	1116	yese	es	wikisource	ése y	2	22	esey	10.153896
es	wikisource	ése y	2	22	esey	es	wikisource	y ese	2	1116	yese	10.153896
es	wikisource	revés	1	1127	reves	es	wikisource	se ver	2	7	sever	9.107643
es	wikisource	se ver	2	7	sever	es	wikisource	revés	1	1127	reves	9.107643
es	wikisource	ralos	1	30	ralos	es	wikisource	solar	1	1103	solar	10.440682
es	wikisource	solar	1	1103	solar	es	wikisource	ralos	1	30	ralos	10.440682
es	wikisource	a reír	2	1076	areir	es	wikisource	riera	1	49	riera	10.893958
es	wikisource	riera	1	49	riera	es	wikisource	a reír	2	1076	areir	10.893958
es	wikisource	sala y	2	427	salay	es	wikisource	ya las	2	696	yalas	12.605909
es	wikisource	ya las	2	696	yalas	es	wikisource	sala y	2	427	salay	12.605909
es	wikisource	a la mal	3	6	alamal	es	wikisource	la mala	2	1112	lamala	8.960725
es	wikisource	la mala	2	1112	lamala	es	wikisource	a la mal	3	6	alamal	8.960725
es	wikisource	en no	2	1109	enno	es	wikisource	on ne	2	7	onne	9.091557
es	wikisource	on ne	2	7	onne	es	wikisource	en no	2	1109	enno	9.091557
es	wikisource	ya sé	2	1097	yase	es	wikisource	ésa y	2	16	esay	9.834459
es	wikisource	ésa y	2	16	esay	es	wikisource	ya sé	2	1097	yase	9.834459
es	wikisource	arua	1	11	arua	es	wikisource	aura	1	1097	aura	9.486152
es	wikisource	aura	1	1097	aura	es	wikisource	arua	1	11	arua	9.486152
es	wikisource	a eso	2	1086	aeso	es	wikisource	ósea	1	11	osea	9.476084
es	wikisource	ósea	1	11	osea	es	wikisource	a eso	2	1086	aeso	9.476084
es	wikisource	a eso	2	1086	aeso	es	wikisource	osea	1	6	osea	8.937087
es	wikisource	osea	1	6	osea	es	wikisource	a eso	2	1086	aeso	8.937087
es	wikisource	res y	2	24	resy	es	wikisource	y ser	2	1064	yser	10.189606
es	wikisource	y ser	2	1064	yser	es	wikisource	res y	2	24	resy	10.189606
es	wikisource	a nivel	2	1060	anivel	es	wikisource	levin a	2	27	levina	10.299172
es	wikisource	levin a	2	27	levina	es	wikisource	a nivel	2	1060	anivel	10.299172
es	wikisource	ebro	1	261	ebro	es	wikisource	orbe	1	823	orbe	12.282515
es	wikisource	orbe	1	823	orbe	es	wikisource	ebro	1	261	ebro	12.282515
es	wikisource	al oído	2	990	aloido	es	wikisource	odio la	2	77	odiola	11.255423
es	wikisource	odio la	2	77	odiola	es	wikisource	al oído	2	990	aloido	11.255423
es	wikisource	ni lo	2	1055	nilo	es	wikisource	olin	1	10	olin	9.360139
es	wikisource	olin	1	10	olin	es	wikisource	ni lo	2	1055	nilo	9.360139
es	wikisource	e ſon	2	1045	eſon	es	wikisource	no ſe	2	14	noſe	9.660779
es	wikisource	no ſe	2	14	noſe	es	wikisource	e ſon	2	1045	eſon	9.660779
es	wikisource	es y el	3	41	esyel	es	wikisource	ley se	2	1017	leyse	10.663265
es	wikisource	ley se	2	1017	leyse	es	wikisource	es y el	3	41	esyel	10.663265
es	wikisource	el odio	2	1019	elodio	es	wikisource	oído le	2	34	oidole	10.482906
es	wikisource	oído le	2	34	oidole	es	wikisource	el odio	2	1019	elodio	10.482906
es	wikisource	iii y	2	373	iiiy	es	wikisource	y iii	2	674	yiii	12.438968
es	wikisource	y iii	2	674	yiii	es	wikisource	iii y	2	373	iiiy	12.438968
es	wikisource	a portal	2	7	aportal	es	wikisource	la tropa	2	1034	latropa	9.021598
es	wikisource	el ojo	2	1025	elojo	es	wikisource	ojo le	2	16	ojole	9.766636
es	wikisource	la tropa	2	1034	latropa	es	wikisource	a portal	2	7	aportal	9.021598
es	wikisource	ojo le	2	16	ojole	es	wikisource	el ojo	2	1025	elojo	9.766636
es	wikisource	etna y	2	12	etnay	es	wikisource	y ante	2	1011	yante	9.484633
es	wikisource	y ante	2	1011	yante	es	wikisource	etna y	2	12	etnay	9.484633
es	wikisource	al son	2	673	alson	es	wikisource	nos la	2	341	nosla	12.348041
es	wikisource	nos la	2	341	nosla	es	wikisource	al son	2	673	alson	12.348041
es	wikisource	an el	2	6	anel	es	wikisource	leña	1	1006	lena	8.860641
es	wikisource	leña	1	1006	lena	es	wikisource	an el	2	6	anel	8.860641
es	wikisource	salones	1	978	salones	es	wikisource	seno las	2	34	senolas	10.44188
es	wikisource	seno las	2	34	senolas	es	wikisource	salones	1	978	salones	10.44188
es	wikisource	aisa	1	8	aisa	es	wikisource	así a	2	1003	asia	9.108972
es	wikisource	así a	2	1003	asia	es	wikisource	aisa	1	8	aisa	9.108972
es	wikisource	arroz	1	678	arroz	es	wikisource	zorra	1	327	zorra	12.313635
es	wikisource	zorra	1	327	zorra	es	wikisource	arroz	1	678	arroz	12.313635
es	wikisource	el rio	2	440	elrio	es	wikisource	oírle	1	564	oirle	12.425871
es	wikisource	oírle	1	564	oirle	es	wikisource	el rio	2	440	elrio	12.425871
es	wikisource	notó	1	886	noto	es	wikisource	otón	1	114	oton	11.532777
es	wikisource	otón	1	114	oton	es	wikisource	notó	1	886	noto	11.532777
es	wikisource	edades	1	862	edades	es	wikisource	seda de	2	136	sedade	11.680396
es	wikisource	seda de	2	136	sedade	es	wikisource	edades	1	862	edades	11.680396
es	wikisource	no solo	2	989	nosolo	es	wikisource	o lo son	3	6	oloson	8.843615
es	wikisource	o lo son	3	6	oloson	es	wikisource	no solo	2	989	nosolo	8.843615
es	wikisource	et a y	3	29	etay	es	wikisource	ya te	2	963	yate	10.272289
es	wikisource	ya te	2	963	yate	es	wikisource	et a y	3	29	etay	10.272289
es	wikisource	edad y	2	978	edady	es	wikisource	y da de	3	12	ydade	9.451481
es	wikisource	y da de	3	12	ydade	es	wikisource	edad y	2	978	edady	9.451481
es	wikisource	amos	1	964	amos	es	wikisource	soma	1	25	soma	10.130225
es	wikisource	soma	1	25	soma	es	wikisource	amos	1	964	amos	10.130225
es	wikisource	el nivel	2	925	elnivel	es	wikisource	levin le	2	59	levinle	10.925219
es	wikisource	levin le	2	59	levinle	es	wikisource	el nivel	2	925	elnivel	10.925219
es	wikisource	a tan	2	973	atan	es	wikisource	ñata	1	8	nata	9.078636
es	wikisource	amor á	2	115	amora	es	wikisource	aroma	1	866	aroma	11.518629
es	wikisource	aroma	1	866	aroma	es	wikisource	amor á	2	115	amora	11.518629
es	wikisource	ñata	1	8	nata	es	wikisource	a tan	2	973	atan	9.078636
es	wikisource	esa es	2	902	esaes	es	wikisource	sea se	2	71	sease	11.082389
es	wikisource	sea se	2	71	sease	es	wikisource	esa es	2	902	esaes	11.082389
es	wikisource	a san	2	951	asan	es	wikisource	nasa	1	20	nasa	9.903087
es	wikisource	atlas	1	143	atlas	es	wikisource	salta	1	828	salta	11.690033
es	wikisource	nada y	2	960	naday	es	wikisource	y adán	2	11	yadan	9.352881
es	wikisource	nasa	1	20	nasa	es	wikisource	a san	2	951	asan	9.903087
es	wikisource	salta	1	828	salta	es	wikisource	atlas	1	143	atlas	11.690033
es	wikisource	y adán	2	11	yadan	es	wikisource	nada y	2	960	naday	9.352881
es	wikisource	nada y	2	960	naday	es	wikisource	ya dan	2	5	yadan	8.659734
es	wikisource	ya dan	2	5	yadan	es	wikisource	nada y	2	960	naday	8.659734
es	wikisource	ay se	2	7	ayse	es	wikisource	es ya	2	956	esya	8.943245
es	wikisource	es ya	2	956	esya	es	wikisource	ay se	2	7	ayse	8.943245
es	wikisource	alis	1	5	alis	es	wikisource	sí la	2	956	sila	8.655563
es	wikisource	sí la	2	956	sila	es	wikisource	alis	1	5	alis	8.655563
es	wikisource	atem	1	6	atem	es	wikisource	meta	1	948	meta	8.801319
es	wikisource	meta	1	948	meta	es	wikisource	atem	1	6	atem	8.801319
es	wikisource	airones	1	22	airones	es	wikisource	señoría	1	931	senoria	9.972827
es	wikisource	señoría	1	931	senoria	es	wikisource	airones	1	22	airones	9.972827
es	wikisource	al sol le	3	8	alsolle	es	wikisource	ellos la	2	944	ellosla	9.04841
es	wikisource	ellos la	2	944	ellosla	es	wikisource	al sol le	3	8	alsolle	9.04841
es	wikisource	esa es	2	902	esaes	es	wikisource	séase	1	41	sease	10.543392
es	wikisource	séase	1	41	sease	es	wikisource	esa es	2	902	esaes	10.543392
es	wikisource	agio	1	32	agio	es	wikisource	oiga	1	909	oiga	10.309952
es	wikisource	oiga	1	909	oiga	es	wikisource	agio	1	32	agio	10.309952
es	wikisource	anav	1	34	anav	es	wikisource	vana	1	901	vana	10.359963
es	wikisource	vana	1	901	vana	es	wikisource	anav	1	34	anav	10.359963
es	wikisource	a gil	2	53	agil	es	wikisource	liga	1	880	liga	10.770042
es	wikisource	liga	1	880	liga	es	wikisource	a gil	2	53	agil	10.770042
es	wikisource	de conocer	2	903	deconocer	es	wikisource	reconoced	1	22	reconoced	9.942324
es	wikisource	reconoced	1	22	reconoced	es	wikisource	de conocer	2	903	deconocer	9.942324
es	wikisource	adán	1	917	adan	es	wikisource	na da	2	7	nada	8.901639
es	wikisource	na da	2	7	nada	es	wikisource	adán	1	917	adan	8.901639
es	wikisource	roma y	2	425	romay	es	wikisource	y amor	2	499	yamor	12.269047
es	wikisource	y amor	2	499	yamor	es	wikisource	roma y	2	425	romay	12.269047
es	wikisource	de sal	2	253	desal	es	wikisource	la sed	2	669	lased	12.044612
es	wikisource	la sed	2	669	lased	es	wikisource	de sal	2	253	desal	12.044612
es	wikisource	osar	1	114	osar	es	wikisource	raso	1	803	raso	11.434531
es	wikisource	raso	1	803	raso	es	wikisource	osar	1	114	osar	11.434531
es	wikisource	se va y	3	72	sevay	es	wikisource	ya ves	2	845	yaves	11.030979
es	wikisource	ya ves	2	845	yaves	es	wikisource	se va y	3	72	sevay	11.030979
es	wikisource	a aves	2	5	aaves	es	wikisource	se va a	3	906	sevaa	8.601902
es	wikisource	esa es	2	902	esaes	es	wikisource	se ase	2	9	sease	9.108308
es	wikisource	harás	1	741	haras	es	wikisource	sarah	1	170	sarah	11.751013
es	wikisource	sarah	1	170	sarah	es	wikisource	harás	1	741	haras	11.751013
es	wikisource	se ase	2	9	sease	es	wikisource	esa es	2	902	esaes	9.108308
es	wikisource	se va a	3	906	sevaa	es	wikisource	a aves	2	5	aaves	8.601902
es	wikisource	aras	1	565	aras	es	wikisource	sara	1	338	sara	12.164594
es	wikisource	sara	1	338	sara	es	wikisource	aras	1	565	aras	12.164594
es	wikisource	a roma	2	785	aroma	es	wikisource	amor á	2	115	amora	11.420547
es	wikisource	amor á	2	115	amora	es	wikisource	a roma	2	785	aroma	11.420547
es	wikisource	el oído	2	889	eloido	es	wikisource	odio le	2	11	odiole	9.276128
es	wikisource	odio le	2	11	odiole	es	wikisource	el oído	2	889	eloido	9.276128
es	wikisource	edades	1	862	edades	es	wikisource	se da de	3	32	sedade	10.256922
es	wikisource	se da de	3	32	sedade	es	wikisource	edades	1	862	edades	10.256922
es	wikisource	a mora	2	18	amora	es	wikisource	aroma	1	866	aroma	9.709478
es	wikisource	aroma	1	866	aroma	es	wikisource	a mora	2	18	amora	9.709478
es	wikisource	abades	1	81	abades	es	wikisource	se daba	2	797	sedaba	11.088828
es	wikisource	robas	1	24	robas	es	wikisource	sabor	1	854	sabor	9.969977
es	wikisource	sabor	1	854	sabor	es	wikisource	robas	1	24	robas	9.969977
es	wikisource	se daba	2	797	sedaba	es	wikisource	abades	1	81	abades	11.088828
es	wikisource	al amor	2	784	alamor	es	wikisource	roma la	2	92	romala	11.198283
es	wikisource	roma la	2	92	romala	es	wikisource	al amor	2	784	alamor	11.198283
es	wikisource	río y	2	662	rioy	es	wikisource	y oír	2	212	yoir	11.858067
es	wikisource	y oír	2	212	yoir	es	wikisource	río y	2	662	rioy	11.858067
es	wikisource	al río	2	817	alrio	es	wikisource	oir la	2	50	oirla	10.638688
es	wikisource	oir la	2	50	oirla	es	wikisource	al río	2	817	alrio	10.638688
es	wikisource	o nos	2	154	onos	es	wikisource	sonó	1	711	sono	11.611503
es	wikisource	sonó	1	711	sono	es	wikisource	o nos	2	154	onos	11.611503
es	wikisource	assí	1	834	assi	es	wikisource	issa	1	30	issa	10.161419
es	wikisource	issa	1	30	issa	es	wikisource	assí	1	834	assi	10.161419
es	wikisource	el lah	2	13	ellah	es	wikisource	hallé	1	848	halle	9.383117
es	wikisource	hallé	1	848	halle	es	wikisource	el lah	2	13	ellah	9.383117
es	wikisource	uso y	2	710	usoy	es	wikisource	yo su	2	147	yosu	11.563885
es	wikisource	yo su	2	147	yosu	es	wikisource	uso y	2	710	usoy	11.563885
es	wikisource	al río	2	817	alrio	es	wikisource	oirla	1	10	oirla	9.104758
es	wikisource	oirla	1	10	oirla	es	wikisource	al río	2	817	alrio	9.104758
es	wikisource	aires y	2	541	airesy	es	wikisource	y sería	2	285	yseria	11.951258
es	wikisource	y sería	2	285	yseria	es	wikisource	aires y	2	541	airesy	11.951258
es	wikisource	abre y	2	100	abrey	es	wikisource	yerba	1	721	yerba	11.197146
es	wikisource	yerba	1	721	yerba	es	wikisource	abre y	2	100	abrey	11.197146
es	wikisource	o seis	2	484	oseis	es	wikisource	si eso	2	334	sieso	11.998279
es	wikisource	si eso	2	334	sieso	es	wikisource	o seis	2	484	oseis	11.998279
es	wikisource	ropa es	2	10	ropaes	es	wikisource	sea por	2	807	seapor	9.092457
es	wikisource	sea por	2	807	seapor	es	wikisource	ropa es	2	10	ropaes	9.092457
es	wikisource	muger	1	808	muger	es	wikisource	regum	1	8	regum	8.893023
es	wikisource	regum	1	8	regum	es	wikisource	muger	1	808	muger	8.893023
es	wikisource	a mina	2	9	amina	es	wikisource	ánima	1	805	anima	8.994669
es	wikisource	ánima	1	805	anima	es	wikisource	a mina	2	9	amina	8.994669
es	wikisource	la in	2	17	lain	es	wikisource	ni al	2	796	nial	9.571226
es	wikisource	lain	1	17	lain	es	wikisource	ni al	2	796	nial	9.571226
es	wikisource	ni al	2	796	nial	es	wikisource	la in	2	17	lain	9.571226
es	wikisource	ni al	2	796	nial	es	wikisource	lain	1	17	lain	9.571226
es	wikisource	seréis	1	455	sereis	es	wikisource	si eres	2	357	sieres	12.003026
es	wikisource	si eres	2	357	sieres	es	wikisource	seréis	1	455	sereis	12.003026
es	wikisource	á mina	2	6	amina	es	wikisource	ánima	1	805	anima	8.637994
es	wikisource	ánima	1	805	anima	es	wikisource	á mina	2	6	amina	8.637994
es	wikisource	amas	1	779	amas	es	wikisource	sama	1	31	sama	10.12503
es	wikisource	sama	1	31	sama	es	wikisource	amas	1	779	amas	10.12503
es	wikisource	a mora	2	18	amora	es	wikisource	a roma	2	785	aroma	9.611396
es	wikisource	a roma	2	785	aroma	es	wikisource	a mora	2	18	amora	9.611396
es	wikisource	ayon	1	13	ayon	es	wikisource	no ya	2	789	noya	9.31109
es	wikisource	laín	1	6	lain	es	wikisource	ni al	2	796	nial	8.626765
es	wikisource	ni al	2	796	nial	es	wikisource	laín	1	6	lain	8.626765
es	wikisource	no ya	2	789	noya	es	wikisource	ayon	1	13	ayon	9.31109
es	wikisource	así mal	2	10	asimal	es	wikisource	la misa	2	789	lamisa	9.069928
es	wikisource	la misa	2	789	lamisa	es	wikisource	así mal	2	10	asimal	9.069928
es	wikisource	adán se	2	18	adanse	es	wikisource	es nada	2	779	esnada	9.603733
es	wikisource	es nada	2	779	esnada	es	wikisource	adán se	2	18	adanse	9.603733
es	wikisource	ya era	2	763	yaera	es	wikisource	área y	2	26	areay	9.934405
es	wikisource	área y	2	26	areay	es	wikisource	ya era	2	763	yaera	9.934405
es	wikisource	emir	1	779	emir	es	wikisource	rime	1	9	rime	8.961879
es	wikisource	rime	1	9	rime	es	wikisource	emir	1	779	emir	8.961879
es	wikisource	así le	2	597	asile	es	wikisource	elisa	1	190	elisa	11.645864
es	wikisource	elisa	1	190	elisa	es	wikisource	así le	2	597	asile	11.645864
es	wikisource	leones	1	712	leones	es	wikisource	seno el	2	73	senoel	10.873547
es	wikisource	seno el	2	73	senoel	es	wikisource	leones	1	712	leones	10.873547
es	wikisource	año el	2	463	anoel	es	wikisource	leona	1	318	leona	11.905076
es	wikisource	leona	1	318	leona	es	wikisource	año el	2	463	anoel	11.905076
es	wikisource	seis y	2	209	seisy	es	wikisource	y si es	3	562	ysies	11.680387
es	wikisource	y si es	3	562	ysies	es	wikisource	seis y	2	209	seisy	11.680387
es	wikisource	giro	1	763	giro	es	wikisource	orig	1	5	orig	8.430327
es	wikisource	orig	1	5	orig	es	wikisource	giro	1	763	giro	8.430327
es	wikisource	eso los	2	254	esolos	es	wikisource	solo se	2	512	solose	11.781539
es	wikisource	solo se	2	512	solose	es	wikisource	eso los	2	254	esolos	11.781539
es	wikisource	saces	1	5	saces	es	wikisource	secas	1	760	secas	8.426393
es	wikisource	secas	1	760	secas	es	wikisource	saces	1	5	saces	8.426393
es	wikisource	la onu	2	116	laonu	es	wikisource	uno al	2	642	unoal	11.228319
es	wikisource	uno al	2	642	unoal	es	wikisource	la onu	2	116	laonu	11.228319
es	wikisource	a adán	2	54	aadan	es	wikisource	nada a	2	699	nadaa	10.558414
es	wikisource	nada a	2	699	nadaa	es	wikisource	a adán	2	54	aadan	10.558414
es	wikisource	amén	1	734	amen	es	wikisource	nema	1	9	nema	8.902456
es	wikisource	nema	1	9	nema	es	wikisource	amén	1	734	amen	8.902456
es	wikisource	senos	1	528	senos	es	wikisource	sones	1	199	sones	11.569306
es	wikisource	sones	1	199	sones	es	wikisource	senos	1	528	senos	11.569306
es	wikisource	ayar	1	76	ayar	es	wikisource	raya	1	642	raya	10.80995
es	wikisource	el in	2	21	elin	es	wikisource	ni le	2	697	nile	9.639262
es	wikisource	ni le	2	697	nile	es	wikisource	el in	2	21	elin	9.639262
es	wikisource	raya	1	642	raya	es	wikisource	ayar	1	76	ayar	10.80995
es	wikisource	adarga	1	106	adarga	es	wikisource	agrada	1	610	agrada	11.087926
es	wikisource	agrada	1	610	agrada	es	wikisource	adarga	1	106	adarga	11.087926
es	wikisource	sonó	1	711	sono	es	wikisource	ó nos	2	5	onos	8.359837
es	wikisource	ó nos	2	5	onos	es	wikisource	sonó	1	711	sono	8.359837
es	wikisource	a darle	2	674	adarle	es	wikisource	el rada	2	41	elrada	10.252382
es	wikisource	el rada	2	41	elrada	es	wikisource	a darle	2	674	adarle	10.252382
es	wikisource	el lah	2	13	ellah	es	wikisource	halle	1	695	halle	9.184407
es	wikisource	halle	1	695	halle	es	wikisource	el lah	2	13	ellah	9.184407
es	wikisource	niso	1	55	niso	es	wikisource	o sin	2	652	osin	10.506929
es	wikisource	o sin	2	652	osin	es	wikisource	niso	1	55	niso	10.506929
es	wikisource	nada a	2	699	nadaa	es	wikisource	á adán	2	5	aadan	8.34284
es	wikisource	á adán	2	5	aadan	es	wikisource	nada a	2	699	nadaa	8.34284
es	wikisource	león y	2	448	leony	es	wikisource	y no el	3	254	ynoel	11.648286
es	wikisource	y no el	3	254	ynoel	es	wikisource	león y	2	448	leony	11.648286
es	wikisource	es los	2	125	eslos	es	wikisource	sol se	2	573	solse	11.188911
es	wikisource	sol se	2	573	solse	es	wikisource	es los	2	125	eslos	11.188911
es	wikisource	o daños	2	43	odanos	es	wikisource	soñado	1	651	sonado	10.264234
es	wikisource	soñado	1	651	sonado	es	wikisource	o daños	2	43	odanos	10.264234
es	wikisource	a oír	2	549	aoir	es	wikisource	río a	2	142	rioa	11.272763
es	wikisource	río a	2	142	rioa	es	wikisource	a oír	2	549	aoir	11.272763
es	wikisource	solís	1	276	solis	es	wikisource	sí los	2	413	silos	11.649883
es	wikisource	sí los	2	413	silos	es	wikisource	solís	1	276	solis	11.649883
es	wikisource	río y	2	662	rioy	es	wikisource	yo ir	2	22	yoir	9.632269
es	wikisource	sólo y	2	91	soloy	es	wikisource	yo los	2	593	yolos	10.908668
es	wikisource	yo ir	2	22	yoir	es	wikisource	río y	2	662	rioy	9.632269
es	wikisource	yo los	2	593	yolos	es	wikisource	sólo y	2	91	soloy	10.908668
es	wikisource	no él y	3	5	noely	es	wikisource	y león	2	673	yleon	8.30499
es	wikisource	y león	2	673	yleon	es	wikisource	no él y	3	5	noely	8.30499
es	wikisource	río y	2	662	rioy	es	wikisource	y oir	2	15	yoir	9.269364
es	wikisource	y oir	2	15	yoir	es	wikisource	río y	2	662	rioy	9.269364
es	wikisource	des al	2	5	desal	es	wikisource	la sed	2	669	lased	8.299037
es	wikisource	e delas	2	5	edelas	es	wikisource	sale de	2	669	salede	8.299037
es	wikisource	la sed	2	669	lased	es	wikisource	des al	2	5	desal	8.299037
es	wikisource	sale de	2	669	salede	es	wikisource	e delas	2	5	edelas	8.299037
es	wikisource	os es	2	65	oses	es	wikisource	seso	1	605	seso	10.596535
es	wikisource	seso	1	605	seso	es	wikisource	os es	2	65	oses	10.596535
es	wikisource	adán al	2	5	adanal	es	wikisource	la nada	2	664	lanada	8.291547
es	wikisource	la nada	2	664	lanada	es	wikisource	adán al	2	5	adanal	8.291547
es	wikisource	a seis	2	440	aseis	es	wikisource	si esa	2	220	siesa	11.487208
es	wikisource	si esa	2	220	siesa	es	wikisource	a seis	2	440	aseis	11.487208
es	wikisource	me las	2	591	melas	es	wikisource	salem	1	61	salem	10.510641
es	wikisource	salem	1	61	salem	es	wikisource	me las	2	591	melas	10.510641
es	wikisource	sola y	2	646	solay	es	wikisource	yá los	2	5	yalos	8.264106
es	wikisource	yá los	2	5	yalos	es	wikisource	sola y	2	646	solay	8.264106
es	wikisource	e dis	2	28	edis	es	wikisource	sí de	2	616	side	9.792165
es	wikisource	sí de	2	616	side	es	wikisource	e dis	2	28	edis	9.792165
es	wikisource	el adán	2	11	eladan	es	wikisource	nada le	2	632	nadale	8.935377
es	wikisource	nada le	2	632	nadale	es	wikisource	el adán	2	11	eladan	8.935377
es	wikisource	sea su	2	636	seasu	es	wikisource	usa es	2	6	usaes	8.40268
es	wikisource	usa es	2	6	usaes	es	wikisource	sea su	2	636	seasu	8.40268
es	wikisource	a baños	2	25	abanos	es	wikisource	sonaba	1	608	sonaba	9.669915
es	wikisource	sonaba	1	608	sonaba	es	wikisource	a baños	2	25	abanos	9.669915
es	wikisource	o sur	2	24	osur	es	wikisource	ruso	1	600	ruso	9.617471
es	wikisource	ruso	1	600	ruso	es	wikisource	o sur	2	24	osur	9.617471
es	wikisource	ropón y	2	18	ropony	es	wikisource	y no por	3	604	ynopor	9.349667
es	wikisource	y no por	3	604	ynopor	es	wikisource	ropón y	2	18	ropony	9.349667
es	wikisource	aparta	1	593	aparta	es	wikisource	atrapa	1	26	atrapa	9.682716
es	wikisource	atrapa	1	26	atrapa	es	wikisource	aparta	1	593	aparta	9.682716
es	wikisource	ay ay	2	233	ayay	es	wikisource	ya ya	2	385	yaya	11.411158
es	wikisource	ya ya	2	385	yaya	es	wikisource	ay ay	2	233	ayay	11.411158
es	wikisource	a baños	2	25	abanos	es	wikisource	soñaba	1	592	sonaba	9.643291
es	wikisource	soñaba	1	592	sonaba	es	wikisource	a baños	2	25	abanos	9.643291
es	wikisource	ni es	2	604	nies	es	wikisource	sein	1	10	sein	8.803124
es	wikisource	sein	1	10	sein	es	wikisource	ni es	2	604	nies	8.803124
es	wikisource	aires y	2	541	airesy	es	wikisource	y seria	2	72	yseria	10.585725
es	wikisource	y seria	2	72	yseria	es	wikisource	aires y	2	541	airesy	10.585725
es	wikisource	oyes	1	577	oyes	es	wikisource	se yo	2	35	seyo	9.943093
es	wikisource	se yo	2	35	seyo	es	wikisource	oyes	1	577	oyes	9.943093
es	wikisource	iv el	2	112	ivel	es	wikisource	le vi	2	499	levi	10.941996
es	wikisource	le vi	2	499	levi	es	wikisource	iv el	2	112	ivel	10.941996
es	wikisource	ni es	2	604	nies	es	wikisource	se in	2	5	sein	8.196988
es	wikisource	se in	2	5	sein	es	wikisource	ni es	2	604	nies	8.196988
es	wikisource	selis	1	148	selis	es	wikisource	si les	2	459	siles	11.135173
es	wikisource	si les	2	459	siles	es	wikisource	selis	1	148	selis	11.135173
es	wikisource	idem	1	259	idem	es	wikisource	me di	2	344	medi	11.404226
es	wikisource	lavan	1	90	lavan	es	wikisource	naval	1	513	naval	10.753083
es	wikisource	me di	2	344	medi	es	wikisource	idem	1	259	idem	11.404226
es	wikisource	naval	1	513	naval	es	wikisource	lavan	1	90	lavan	10.753083
es	wikisource	a reconocer	2	360	areconocer	es	wikisource	reconocerá	1	241	reconocera	11.377816
es	wikisource	reconocerá	1	241	reconocera	es	wikisource	a reconocer	2	360	areconocer	11.377816
es	wikisource	acude	1	500	acude	es	wikisource	educa	1	100	educa	10.831727
es	wikisource	educa	1	100	educa	es	wikisource	acude	1	500	acude	10.831727
es	wikisource	et seis	2	15	etseis	es	wikisource	si este	2	583	sieste	9.14249
es	wikisource	si este	2	583	sieste	es	wikisource	et seis	2	15	etseis	9.14249
es	wikisource	metí	1	239	meti	es	wikisource	ítem	1	355	item	11.35557
es	wikisource	ítem	1	355	item	es	wikisource	metí	1	239	meti	11.35557
es	wikisource	debas	1	18	debas	es	wikisource	sabed	1	572	sabed	9.295325
es	wikisource	sabed	1	572	sabed	es	wikisource	debas	1	18	debas	9.295325
es	wikisource	o seis	2	484	oseis	es	wikisource	sí eso	2	105	sieso	10.847588
es	wikisource	séis	1	5	seis	es	wikisource	sí es	2	584	sies	8.163371
es	wikisource	sí es	2	584	sies	es	wikisource	séis	1	5	seis	8.163371
es	wikisource	sí eso	2	105	sieso	es	wikisource	o seis	2	484	oseis	10.847588
es	wikisource	al aroma	2	8	alaroma	es	wikisource	amor a la	3	578	amorala	8.558527
es	wikisource	amor a la	3	578	amorala	es	wikisource	al aroma	2	8	alaroma	8.558527
es	wikisource	item	1	346	item	es	wikisource	metí	1	239	meti	11.329964
es	wikisource	metí	1	239	meti	es	wikisource	item	1	346	item	11.329964
es	wikisource	la tan	2	114	latan	es	wikisource	natal	1	470	natal	10.89979
es	wikisource	natal	1	470	natal	es	wikisource	la tan	2	114	latan	10.89979
es	wikisource	era del	2	378	eradel	es	wikisource	le daré	2	204	ledare	11.260546
es	wikisource	le daré	2	204	ledare	es	wikisource	era del	2	378	eradel	11.260546
es	wikisource	iv al	2	32	ival	es	wikisource	la vi	2	549	lavi	9.806426
es	wikisource	la vi	2	549	lavi	es	wikisource	iv al	2	32	ival	9.806426
es	wikisource	a él le	3	575	aelle	es	wikisource	elle a	2	5	ellea	8.147867
es	wikisource	elle a	2	5	ellea	es	wikisource	a él le	3	575	aelle	8.147867
es	wikisource	arrabal	1	180	arrabal	es	wikisource	la barra	2	398	labarra	11.187458
es	wikisource	la barra	2	398	labarra	es	wikisource	arrabal	1	180	arrabal	11.187458
es	wikisource	a reconocer	2	360	areconocer	es	wikisource	reconocer a	2	216	reconocera	11.268775
es	wikisource	reconocer a	2	216	reconocera	es	wikisource	a reconocer	2	360	areconocer	11.268775
es	wikisource	avaro	1	569	avaro	es	wikisource	ora va	2	6	orava	8.291547
es	wikisource	ora va	2	6	orava	es	wikisource	avaro	1	569	avaro	8.291547
es	wikisource	la van	2	59	lavan	es	wikisource	naval	1	513	naval	10.336568
es	wikisource	naval	1	513	naval	es	wikisource	la van	2	59	lavan	10.336568
es	wikisource	ay el	2	18	ayel	es	wikisource	ley a	2	552	leya	9.259797
es	wikisource	ley a	2	552	leya	es	wikisource	ay el	2	18	ayel	9.259797
es	wikisource	ser a los	3	15	seralos	es	wikisource	solares	1	550	solares	9.084324
es	wikisource	solares	1	550	solares	es	wikisource	ser a los	3	15	seralos	9.084324
es	wikisource	azul y	2	558	azuly	es	wikisource	y luz a	3	6	yluza	8.27206
es	wikisource	y luz a	3	6	yluza	es	wikisource	azul y	2	558	azuly	8.27206
es	wikisource	a lima	2	349	alima	es	wikisource	a mí la	3	214	amila	11.228571
es	wikisource	a mí la	3	214	amila	es	wikisource	a lima	2	349	alima	11.228571
es	wikisource	así las	2	557	asilas	es	wikisource	salís a	2	6	salisa	8.270269
es	wikisource	lenin	1	542	lenin	es	wikisource	nin el	2	21	ninel	9.388152
es	wikisource	nin el	2	21	ninel	es	wikisource	lenin	1	542	lenin	9.388152
es	wikisource	robur	1	7	robur	es	wikisource	rubor	1	556	rubor	8.402007
es	wikisource	rubor	1	556	rubor	es	wikisource	robur	1	7	robur	8.402007
es	wikisource	salís a	2	6	salisa	es	wikisource	así las	2	557	asilas	8.270269
es	wikisource	a oír	2	549	aoir	es	wikisource	rió a	2	13	rioa	8.948976
es	wikisource	rió a	2	13	rioa	es	wikisource	a oír	2	549	aoir	8.948976
es	wikisource	a oír	2	549	aoir	es	wikisource	río á	2	10	rioa	8.707814
es	wikisource	río á	2	10	rioa	es	wikisource	a oír	2	549	aoir	8.707814
es	wikisource	apam	1	10	apam	es	wikisource	mapa	1	548	mapa	8.705994
es	wikisource	mapa	1	548	mapa	es	wikisource	apam	1	10	apam	8.705994
es	wikisource	odio y	2	401	odioy	es	wikisource	y oído	2	157	yoido	11.059047
es	wikisource	y oído	2	157	yoido	es	wikisource	odio y	2	401	odioy	11.059047
es	wikisource	años el	2	551	anosel	es	wikisource	le son a	3	5	lesona	8.105308
es	wikisource	le son a	3	5	lesona	es	wikisource	años el	2	551	anosel	8.105308
es	wikisource	a oír	2	549	aoir	es	wikisource	rio á	2	6	rioa	8.255828
es	wikisource	oído y	2	478	oidoy	es	wikisource	y odio	2	77	yodio	10.528409
es	wikisource	rio á	2	6	rioa	es	wikisource	a oír	2	549	aoir	8.255828
es	wikisource	y odio	2	77	yodio	es	wikisource	oído y	2	478	oidoy	10.528409
es	wikisource	a mme	2	9	amme	es	wikisource	emma	1	545	emma	8.605204
es	wikisource	emma	1	545	emma	es	wikisource	a mme	2	9	amme	8.605204
es	wikisource	le oyó	2	200	leoyo	es	wikisource	oyó el	2	352	oyoel	11.169773
es	wikisource	oyó el	2	352	oyoel	es	wikisource	le oyó	2	200	leoyo	11.169773
es	wikisource	daga	1	542	daga	es	wikisource	á gad	2	8	agad	8.494334
es	wikisource	ente	1	542	ente	es	wikisource	et ne	2	8	etne	8.494334
es	wikisource	et ne	2	8	etne	es	wikisource	ente	1	542	ente	8.494334
es	wikisource	á gad	2	8	agad	es	wikisource	daga	1	542	daga	8.494334
es	wikisource	no da	2	445	noda	es	wikisource	á don	2	101	adon	10.725292
es	wikisource	á don	2	101	adon	es	wikisource	no da	2	445	noda	10.725292
es	wikisource	al rio	2	84	alrio	es	wikisource	oír la	2	461	oirla	10.578216
es	wikisource	oír la	2	461	oirla	es	wikisource	al rio	2	84	alrio	10.578216
es	wikisource	abra	1	527	abra	es	wikisource	arba	1	16	arba	9.10231
es	wikisource	amor al	2	461	amoral	es	wikisource	la roma	2	82	laroma	10.554405
es	wikisource	arba	1	16	arba	es	wikisource	abra	1	527	abra	9.10231
es	wikisource	la roma	2	82	laroma	es	wikisource	amor al	2	461	amoral	10.554405
es	wikisource	senos	1	528	senos	es	wikisource	son es	2	15	sones	9.043577
es	wikisource	son es	2	15	sones	es	wikisource	senos	1	528	senos	9.043577
es	wikisource	o no los	3	78	onolos	es	wikisource	sólo no	2	464	solono	10.511485
es	wikisource	rada	1	335	rada	es	wikisource	á dar	2	207	adar	11.154649
es	wikisource	sólo no	2	464	solono	es	wikisource	o no los	3	78	onolos	10.511485
es	wikisource	á dar	2	207	adar	es	wikisource	rada	1	335	rada	11.154649
es	wikisource	anás	1	46	anas	es	wikisource	saña	1	495	sana	10.056724
es	wikisource	saña	1	495	sana	es	wikisource	anás	1	46	anas	10.056724
es	wikisource	rimas	1	532	rimas	es	wikisource	samir	1	8	samir	8.475746
es	wikisource	samir	1	8	samir	es	wikisource	rimas	1	532	rimas	8.475746
es	wikisource	a leda	2	5	aleda	es	wikisource	adela	1	531	adela	8.068403
es	wikisource	a sur	2	64	asur	es	wikisource	rusa	1	472	rusa	10.333483
es	wikisource	adela	1	531	adela	es	wikisource	a leda	2	5	aleda	8.068403
es	wikisource	oro nos	2	6	oronos	es	wikisource	sonoro	1	530	sonoro	8.220672
es	wikisource	rusa	1	472	rusa	es	wikisource	a sur	2	64	asur	10.333483
es	wikisource	sonoro	1	530	sonoro	es	wikisource	oro nos	2	6	oronos	8.220672
es	wikisource	a mina	2	9	amina	es	wikisource	anima	1	526	anima	8.569786
es	wikisource	anima	1	526	anima	es	wikisource	a mina	2	9	amina	8.569786
es	wikisource	nemo	1	513	nemo	es	wikisource	omen	1	22	omen	9.377717
es	wikisource	omen	1	22	omen	es	wikisource	nemo	1	513	nemo	9.377717
es	wikisource	anas	1	37	anas	es	wikisource	saña	1	495	sana	9.844162
es	wikisource	anima	1	526	anima	es	wikisource	á mina	2	6	amina	8.213111
es	wikisource	saña	1	495	sana	es	wikisource	anas	1	37	anas	9.844162
es	wikisource	á mina	2	6	amina	es	wikisource	anima	1	526	anima	8.213111
es	wikisource	era y	2	520	eray	es	wikisource	yare	1	8	yare	8.452975
es	wikisource	ir en	2	502	iren	es	wikisource	neri	1	26	neri	9.516427
es	wikisource	neri	1	26	neri	es	wikisource	ir en	2	502	iren	9.516427
es	wikisource	yare	1	8	yare	es	wikisource	era y	2	520	eray	8.452975
es	wikisource	sanos	1	519	sanos	es	wikisource	sonas	1	7	sonas	8.33327
es	wikisource	sonas	1	7	sonas	es	wikisource	sanos	1	519	sanos	8.33327
es	wikisource	o seis	2	484	oseis	es	wikisource	si es o	3	40	sieso	9.897721
es	wikisource	si es o	3	40	sieso	es	wikisource	o seis	2	484	oseis	9.897721
es	wikisource	al abad	2	50	alabad	es	wikisource	daba la	2	473	dabala	10.093033
es	wikisource	daba la	2	473	dabala	es	wikisource	al abad	2	50	alabad	10.093033
es	wikisource	edén	1	518	eden	es	wikisource	ne de	2	5	nede	8.043663
es	wikisource	ne de	2	5	nede	es	wikisource	edén	1	518	eden	8.043663
es	wikisource	usa y	2	27	usay	es	wikisource	ya su	2	494	yasu	9.536762
es	wikisource	ya su	2	494	yasu	es	wikisource	usa y	2	27	usay	9.536762
es	wikisource	res a	2	11	resa	es	wikisource	á ser	2	509	aser	8.719317
es	wikisource	á ser	2	509	aser	es	wikisource	res a	2	11	resa	8.719317
es	wikisource	leo los	2	7	leolos	es	wikisource	solo el	2	512	soloel	8.319717
es	wikisource	solo el	2	512	soloel	es	wikisource	leo los	2	7	leolos	8.319717
es	wikisource	año el	2	463	anoel	es	wikisource	león a	2	54	leona	10.147218
es	wikisource	león a	2	54	leona	es	wikisource	año el	2	463	anoel	10.147218
es	wikisource	amar al	2	44	amaral	es	wikisource	la rama	2	472	larama	9.965758
es	wikisource	la rama	2	472	larama	es	wikisource	amar al	2	44	amaral	9.965758
es	wikisource	obes	1	19	obes	es	wikisource	sebo	1	497	sebo	9.206332
es	wikisource	sebo	1	497	sebo	es	wikisource	obes	1	19	obes	9.206332
es	wikisource	a nada	2	498	anada	es	wikisource	adán a	2	17	adana	9.102978
es	wikisource	adán a	2	17	adana	es	wikisource	a nada	2	498	anada	9.102978
es	wikisource	otos	1	7	otos	es	wikisource	soto	1	508	soto	8.31189
es	wikisource	soto	1	508	soto	es	wikisource	otos	1	7	otos	8.31189
es	wikisource	ama y	2	428	amay	es	wikisource	y ama	2	86	yama	10.527365
es	wikisource	le doy	2	374	ledoy	es	wikisource	yo del	2	140	yodel	10.875686
es	wikisource	y ama	2	86	yama	es	wikisource	ama y	2	428	amay	10.527365
es	wikisource	yo del	2	140	yodel	es	wikisource	le doy	2	374	ledoy	10.875686
es	wikisource	anam	1	24	anam	es	wikisource	maña	1	489	mana	9.413281
es	wikisource	maña	1	489	mana	es	wikisource	anam	1	24	anam	9.413281
es	wikisource	alis	1	5	alis	es	wikisource	sila	1	507	sila	8.022241
es	wikisource	sila	1	507	sila	es	wikisource	alis	1	5	alis	8.022241
es	wikisource	no corto	2	14	nocorto	es	wikisource	otro con	2	497	otrocon	8.91865
es	wikisource	otro con	2	497	otrocon	es	wikisource	no corto	2	14	nocorto	8.91865
es	wikisource	eres el	2	499	eresel	es	wikisource	le seré	2	11	lesere	8.699515
es	wikisource	le seré	2	11	lesere	es	wikisource	eres el	2	499	eresel	8.699515
es	wikisource	ama le	2	38	amale	es	wikisource	el ama	2	471	elama	9.820541
es	wikisource	el ama	2	471	elama	es	wikisource	ama le	2	38	amale	9.820541
es	wikisource	sima	1	247	sima	es	wikisource	á mis	2	262	amis	11.085583
es	wikisource	á mis	2	262	amis	es	wikisource	sima	1	247	sima	11.085583
es	wikisource	alabad	1	35	alabad	es	wikisource	daba la	2	473	dabala	9.744726
es	wikisource	daba la	2	473	dabala	es	wikisource	alabad	1	35	alabad	9.744726
es	wikisource	allí los	2	500	allilos	es	wikisource	solilla	1	6	solilla	8.162516
es	wikisource	allí por	2	444	allipor	es	wikisource	ropilla	1	62	ropilla	10.241209
es	wikisource	ropilla	1	62	ropilla	es	wikisource	allí por	2	444	allipor	10.241209
es	wikisource	solilla	1	6	solilla	es	wikisource	allí los	2	500	allilos	8.162516
es	wikisource	acá y	2	433	acay	es	wikisource	y acá	2	72	yaca	10.363504
es	wikisource	oró y	2	9	oroy	es	wikisource	y oro	2	496	yoro	8.511175
es	wikisource	y acá	2	72	yaca	es	wikisource	acá y	2	433	acay	10.363504
es	wikisource	y oro	2	496	yoro	es	wikisource	oró y	2	9	oroy	8.511175
es	wikisource	lao y	2	6	laoy	es	wikisource	yo al	2	495	yoal	8.152486
es	wikisource	yo al	2	495	yoal	es	wikisource	lao y	2	6	laoy	8.152486
es	wikisource	auge y	2	17	augey	es	wikisource	yegua	1	483	yegua	9.072457
es	wikisource	yegua	1	483	yegua	es	wikisource	auge y	2	17	augey	9.072457
es	wikisource	seda de los	3	7	sedadelos	es	wikisource	soledades	1	492	soledades	8.279951
es	wikisource	soledades	1	492	soledades	es	wikisource	seda de los	3	7	sedadelos	8.279951
es	wikisource	le da y	3	15	leday	es	wikisource	ya del	2	483	yadel	8.954674
es	wikisource	ya del	2	483	yadel	es	wikisource	le da y	3	15	leday	8.954674
es	wikisource	aecid	1	15	aecid	es	wikisource	dice a	2	482	dicea	8.952605
es	wikisource	dice a	2	482	dicea	es	wikisource	aecid	1	15	aecid	8.952605
es	wikisource	rusa	1	472	rusa	es	wikisource	á sur	2	25	asur	9.417192
es	wikisource	á sur	2	25	asur	es	wikisource	rusa	1	472	rusa	9.417192
es	wikisource	leda y	2	12	leday	es	wikisource	ya del	2	483	yadel	8.747034
es	wikisource	me los	2	489	melos	es	wikisource	solem	1	6	solem	8.140316
es	wikisource	solem	1	6	solem	es	wikisource	me los	2	489	melos	8.140316
es	wikisource	ya del	2	483	yadel	es	wikisource	leda y	2	12	leday	8.747034
es	wikisource	ni sus	2	485	nisus	es	wikisource	su sin	2	8	susin	8.383433
es	wikisource	su sin	2	8	susin	es	wikisource	ni sus	2	485	nisus	8.383433
es	wikisource	o seis	2	484	oseis	es	wikisource	si es ó	3	8	sieso	8.381373
es	wikisource	si es ó	3	8	sieso	es	wikisource	o seis	2	484	oseis	8.381373
es	wikisource	es él	2	486	esel	es	wikisource	le sé	2	5	lese	7.980024
es	wikisource	le sé	2	5	lese	es	wikisource	es él	2	486	esel	7.980024
es	wikisource	atar	1	305	atar	es	wikisource	rata	1	185	rata	10.949332
es	wikisource	rata	1	185	rata	es	wikisource	atar	1	305	atar	10.949332
es	wikisource	rusa	1	472	rusa	es	wikisource	á súr	2	18	asur	9.103534
es	wikisource	á súr	2	18	asur	es	wikisource	rusa	1	472	rusa	9.103534
es	wikisource	eva y	2	35	evay	es	wikisource	ya ve	2	454	yave	9.703816
es	wikisource	ya ve	2	454	yave	es	wikisource	eva y	2	35	evay	9.703816
es	wikisource	a lam	2	6	alam	es	wikisource	mal a	2	482	mala	8.125927
es	wikisource	mal a	2	482	mala	es	wikisource	a lam	2	6	alam	8.125927
es	wikisource	onís	1	11	onis	es	wikisource	sí no	2	477	sino	8.654517
es	wikisource	sí no	2	477	sino	es	wikisource	onís	1	11	onis	8.654517
es	wikisource	dábale	1	126	dabale	es	wikisource	el abad	2	360	elabad	10.733065
es	wikisource	el abad	2	360	elabad	es	wikisource	dábale	1	126	dabale	10.733065
es	wikisource	arcas	1	242	arcas	es	wikisource	sacra	1	242	sacra	10.986123
es	wikisource	sacra	1	242	sacra	es	wikisource	arcas	1	242	arcas	10.986123
es	wikisource	ropa y	2	468	ropay	es	wikisource	yá por	2	14	yapor	8.858653
es	wikisource	yá por	2	14	yapor	es	wikisource	ropa y	2	468	ropay	8.858653
es	wikisource	amaral	1	8	amaral	es	wikisource	la rama	2	472	larama	8.35632
es	wikisource	amos a	2	33	amosa	es	wikisource	asoma	1	447	asoma	9.631154
es	wikisource	ares	1	32	ares	es	wikisource	ser a	2	448	sera	9.60353
es	wikisource	asoma	1	447	asoma	es	wikisource	amos a	2	33	amosa	9.631154
es	wikisource	la rama	2	472	larama	es	wikisource	amaral	1	8	amaral	8.35632
es	wikisource	ser a	2	448	sera	es	wikisource	ares	1	32	ares	9.60353
es	wikisource	ah le	2	8	ahle	es	wikisource	él ha	2	471	elha	8.354204
es	wikisource	él ha	2	471	elha	es	wikisource	ah le	2	8	ahle	8.354204
es	wikisource	le dió	2	467	ledio	es	wikisource	oíd el	2	11	oidel	8.633375
es	wikisource	oíd el	2	11	oidel	es	wikisource	le dió	2	467	ledio	8.633375
es	wikisource	a real	2	43	areal	es	wikisource	la era	2	434	laera	9.859536
es	wikisource	asur	1	5	asur	es	wikisource	rusa	1	472	rusa	7.950855
es	wikisource	la era	2	434	laera	es	wikisource	a real	2	43	areal	9.859536
es	wikisource	rusa	1	472	rusa	es	wikisource	asur	1	5	asur	7.950855
es	wikisource	el ama	2	471	elama	es	wikisource	ámale	1	5	amale	7.948738
es	wikisource	ámale	1	5	amale	es	wikisource	el ama	2	471	elama	7.948738
es	wikisource	alá le	2	8	alale	es	wikisource	el ala	2	467	elala	8.345693
es	wikisource	el ala	2	467	elala	es	wikisource	alá le	2	8	alale	8.345693
es	wikisource	allo	1	28	allo	es	wikisource	olla	1	445	olla	9.467615
es	wikisource	le dió	2	467	ledio	es	wikisource	oí del	2	6	oidel	8.094378
es	wikisource	olla	1	445	olla	es	wikisource	allo	1	28	allo	9.467615
es	wikisource	oí del	2	6	oidel	es	wikisource	le dió	2	467	ledio	8.094378
es	wikisource	león y	2	448	leony	es	wikisource	y no él	3	24	ynoel	9.325899
es	wikisource	omer	1	12	omer	es	wikisource	remo	1	460	remo	8.698347
es	wikisource	remo	1	460	remo	es	wikisource	omer	1	12	omer	8.698347
es	wikisource	y no él	3	24	ynoel	es	wikisource	león y	2	448	leony	9.325899
es	wikisource	al rio	2	84	alrio	es	wikisource	oírla	1	387	oirla	10.403657
es	wikisource	oírla	1	387	oirla	es	wikisource	al rio	2	84	alrio	10.403657
es	wikisource	año el	2	463	anoel	es	wikisource	león á	2	7	leona	8.219326
es	wikisource	león á	2	7	leona	es	wikisource	año el	2	463	anoel	8.219326
es	wikisource	rete	1	14	rete	es	wikisource	éter	1	456	eter	8.832734
es	wikisource	éter	1	456	eter	es	wikisource	rete	1	14	rete	8.832734
es	wikisource	alli	1	329	alli	es	wikisource	illa	1	140	illa	10.747853
es	wikisource	illa	1	140	illa	es	wikisource	alli	1	329	alli	10.747853
es	wikisource	sala y	2	427	salay	es	wikisource	y alas	2	42	yalas	9.820323
es	wikisource	y alas	2	42	yalas	es	wikisource	sala y	2	427	salay	9.820323
es	wikisource	asióle	1	7	asiole	es	wikisource	eloísa	1	461	eloisa	8.215006
es	wikisource	eloísa	1	461	eloisa	es	wikisource	asióle	1	7	asiole	8.215006
es	wikisource	me di	2	344	medi	es	wikisource	ídem	1	123	idem	10.663826
es	wikisource	ídem	1	123	idem	es	wikisource	me di	2	344	medi	10.663826
es	wikisource	el rio	2	440	elrio	es	wikisource	oirle	1	26	oirle	9.384882
es	wikisource	oirle	1	26	oirle	es	wikisource	el rio	2	440	elrio	9.384882
es	wikisource	ama y	2	428	amay	es	wikisource	yama	1	36	yama	9.672375
es	wikisource	yama	1	36	yama	es	wikisource	ama y	2	428	amay	9.672375
es	wikisource	a seis	2	440	aseis	es	wikisource	si es a	3	23	siesa	9.267099
es	wikisource	si es a	3	23	siesa	es	wikisource	a seis	2	440	aseis	9.267099
es	wikisource	acera	1	457	acera	es	wikisource	areca	1	5	areca	7.918629
es	wikisource	areca	1	5	areca	es	wikisource	acera	1	457	acera	7.918629
es	wikisource	a seis	2	440	aseis	es	wikisource	sí esa	2	21	siesa	9.180087
es	wikisource	sí esa	2	21	siesa	es	wikisource	a seis	2	440	aseis	9.180087
es	wikisource	seréis	1	455	sereis	es	wikisource	sí eres	2	5	sieres	7.914252
es	wikisource	sí eres	2	5	sieres	es	wikisource	seréis	1	455	sereis	7.914252
es	wikisource	apos	1	8	apos	es	wikisource	sopa	1	451	sopa	8.310907
es	wikisource	sopa	1	451	sopa	es	wikisource	apos	1	8	apos	8.310907
es	wikisource	ranas	1	272	ranas	es	wikisource	sanar	1	186	sanar	10.84058
es	wikisource	sanar	1	186	sanar	es	wikisource	ranas	1	272	ranas	10.84058
es	wikisource	a res	2	9	ares	es	wikisource	ser a	2	448	sera	8.409608
es	wikisource	ser a	2	448	sera	es	wikisource	a res	2	9	ares	8.409608
es	wikisource	ana y	2	261	anay	es	wikisource	y ana	2	195	yana	10.846459
es	wikisource	y ana	2	195	yana	es	wikisource	ana y	2	261	anay	10.846459
es	wikisource	de rey	2	449	derey	es	wikisource	yered	1	5	yered	7.901007
es	wikisource	et seis	2	15	etseis	es	wikisource	si éste	2	439	sieste	8.859363
es	wikisource	si éste	2	439	sieste	es	wikisource	et seis	2	15	etseis	8.859363
es	wikisource	yered	1	5	yered	es	wikisource	de rey	2	449	derey	7.901007
es	wikisource	a sol	2	137	asol	es	wikisource	losa	1	316	losa	10.686155
es	wikisource	al reconocer	2	125	alreconocer	es	wikisource	reconocer la	2	328	reconocerla	10.63234
es	wikisource	losa	1	316	losa	es	wikisource	a sol	2	137	asol	10.686155
es	wikisource	reconocer la	2	328	reconocerla	es	wikisource	al reconocer	2	125	alreconocer	10.63234
es	wikisource	anos	1	151	anos	es	wikisource	son a	2	300	sona	10.730991
es	wikisource	son a	2	300	sona	es	wikisource	anos	1	151	anos	10.730991
es	wikisource	arado	1	443	arado	es	wikisource	o dar a	3	7	odara	8.175266
es	wikisource	arado	1	443	arado	es	wikisource	o dará	2	7	odara	8.175266
es	wikisource	o dar a	3	7	odara	es	wikisource	arado	1	443	arado	8.175266
es	wikisource	o dará	2	7	odara	es	wikisource	arado	1	443	arado	8.175266
es	wikisource	a ti me	3	56	atime	es	wikisource	emita	1	393	emita	10.019402
es	wikisource	emita	1	393	emita	es	wikisource	a ti me	3	56	atime	10.019402
es	wikisource	a tañer	2	18	ataner	es	wikisource	renata	1	430	renata	9.010547
es	wikisource	renata	1	430	renata	es	wikisource	a tañer	2	18	ataner	9.010547
es	wikisource	a seis	2	440	aseis	es	wikisource	sí ésa	2	7	siesa	8.168486
es	wikisource	aval	1	63	aval	es	wikisource	lava	1	384	lava	10.112126
es	wikisource	lava	1	384	lava	es	wikisource	aval	1	63	aval	10.112126
es	wikisource	sí ésa	2	7	siesa	es	wikisource	a seis	2	440	aseis	8.168486
es	wikisource	el rio	2	440	elrio	es	wikisource	oír le	2	6	oirle	8.034955
es	wikisource	el son	2	333	elson	es	wikisource	nos le	2	113	nosle	10.547339
es	wikisource	la unam	2	14	launam	es	wikisource	manual	1	432	manual	8.778788
es	wikisource	manual	1	432	manual	es	wikisource	la unam	2	14	launam	8.778788
es	wikisource	nos le	2	113	nosle	es	wikisource	el son	2	333	elson	10.547339
es	wikisource	oír le	2	6	oirle	es	wikisource	el rio	2	440	elrio	8.034955
es	wikisource	e sin	2	36	esin	es	wikisource	nise	1	409	nise	9.627075
es	wikisource	nise	1	409	nise	es	wikisource	e sin	2	36	esin	9.627075
es	wikisource	solis	1	32	solis	es	wikisource	sí los	2	413	silos	9.522374
es	wikisource	sí los	2	413	silos	es	wikisource	solis	1	32	solis	9.522374
es	wikisource	edecán	1	65	edecan	es	wikisource	nace de	2	377	nacede	10.124549
es	wikisource	nace de	2	377	nacede	es	wikisource	edecán	1	65	edecan	10.124549
es	wikisource	le rió	2	6	lerio	es	wikisource	oír el	2	434	oirel	8.021256
es	wikisource	oír el	2	434	oirel	es	wikisource	le rió	2	6	lerio	8.021256
es	wikisource	areal	1	5	areal	es	wikisource	la era	2	434	laera	7.867106
es	wikisource	iram	1	8	iram	es	wikisource	mari	1	431	mari	8.26565
es	wikisource	la era	2	434	laera	es	wikisource	areal	1	5	areal	7.867106
es	wikisource	mari	1	431	mari	es	wikisource	iram	1	8	iram	8.26565
es	wikisource	líder	1	332	lider	es	wikisource	redil	1	106	redil	10.480971
es	wikisource	redil	1	106	redil	es	wikisource	líder	1	332	lider	10.480971
es	wikisource	atan	1	120	atan	es	wikisource	nata	1	317	nata	10.557842
es	wikisource	nata	1	317	nata	es	wikisource	atan	1	120	atan	10.557842
es	wikisource	allá se	2	417	allase	es	wikisource	es allá	2	17	esalla	8.925853
es	wikisource	es allá	2	17	esalla	es	wikisource	allá se	2	417	allase	8.925853
es	wikisource	nos es	2	424	noses	es	wikisource	se son	2	10	seson	8.449984
es	wikisource	se son	2	10	seson	es	wikisource	nos es	2	424	noses	8.449984
es	wikisource	amar a	2	423	amara	es	wikisource	á rama	2	8	arama	8.246958
es	wikisource	á rama	2	8	arama	es	wikisource	amar a	2	423	amara	8.246958
es	wikisource	allí sus	2	106	allisus	es	wikisource	su silla	2	324	susilla	10.456654
es	wikisource	su silla	2	324	susilla	es	wikisource	allí sus	2	106	allisus	10.456654
es	wikisource	assi	1	396	assi	es	wikisource	issa	1	30	issa	9.417923
es	wikisource	e vale	2	7	evale	es	wikisource	el ave	2	419	elave	8.119696
es	wikisource	el ave	2	419	elave	es	wikisource	e vale	2	7	evale	8.119696
es	wikisource	issa	1	30	issa	es	wikisource	assi	1	396	assi	9.417923
es	wikisource	el ave	2	419	elave	es	wikisource	eva le	2	6	evale	7.986165
es	wikisource	eva le	2	6	evale	es	wikisource	el ave	2	419	elave	7.986165
es	wikisource	nerones	1	20	nerones	es	wikisource	señor en	2	405	senoren	9.050876
es	wikisource	noto	1	311	noto	es	wikisource	otón	1	114	oton	10.487935
es	wikisource	o no ser	3	43	onoser	es	wikisource	resonó	1	382	resono	9.732225
es	wikisource	oter	1	10	oter	es	wikisource	reto	1	415	reto	8.428581
es	wikisource	otón	1	114	oton	es	wikisource	noto	1	311	noto	10.487935
es	wikisource	resonó	1	382	resono	es	wikisource	o no ser	3	43	onoser	9.732225
es	wikisource	reto	1	415	reto	es	wikisource	oter	1	10	oter	8.428581
es	wikisource	señor en	2	405	senoren	es	wikisource	nerones	1	20	nerones	9.050876
es	wikisource	salón y	2	212	salony	es	wikisource	y no las	3	212	ynolas	10.722584
es	wikisource	y no las	3	212	ynolas	es	wikisource	salón y	2	212	salony	10.722584
es	wikisource	a val	2	39	aval	es	wikisource	lava	1	384	lava	9.642123
es	wikisource	apra	1	8	apra	es	wikisource	arpa	1	415	arpa	8.22791
es	wikisource	arpa	1	415	arpa	es	wikisource	apra	1	8	apra	8.22791
es	wikisource	lava	1	384	lava	es	wikisource	a val	2	39	aval	9.642123
es	wikisource	aleson	1	8	aleson	es	wikisource	no se la	3	414	nosela	8.225503
es	wikisource	no se la	3	414	nosela	es	wikisource	aleson	1	8	aleson	8.225503
es	wikisource	ayes	1	328	ayes	es	wikisource	sé ya	2	93	seya	10.339353
es	wikisource	sé ya	2	93	seya	es	wikisource	ayes	1	328	ayes	10.339353
es	wikisource	azúl	1	10	azul	es	wikisource	luz a	2	409	luza	8.414052
es	wikisource	luz a	2	409	luza	es	wikisource	azúl	1	10	azul	8.414052
es	wikisource	soit	1	22	soit	es	wikisource	tíos	1	397	tios	9.121946
es	wikisource	tíos	1	397	tios	es	wikisource	soit	1	22	soit	9.121946
es	wikisource	a nos	2	118	anos	es	wikisource	son a	2	300	sona	10.486234
es	wikisource	son a	2	300	sona	es	wikisource	a nos	2	118	anos	10.486234
es	wikisource	sellos	1	399	sellos	es	wikisource	sol les	2	18	solles	8.935904
es	wikisource	sol les	2	18	solles	es	wikisource	sellos	1	399	sellos	8.935904
es	wikisource	es in	2	7	esin	es	wikisource	nise	1	409	nise	8.095599
es	wikisource	nise	1	409	nise	es	wikisource	es in	2	7	esin	8.095599
es	wikisource	no caes	2	14	nocaes	es	wikisource	sea con	2	402	seacon	8.706987
es	wikisource	sea con	2	402	seacon	es	wikisource	no caes	2	14	nocaes	8.706987
es	wikisource	ni soy	2	75	nisoy	es	wikisource	yo sin	2	340	yosin	10.162616
es	wikisource	yo sin	2	340	yosin	es	wikisource	ni soy	2	75	nisoy	10.162616
es	wikisource	aseo	1	385	aseo	es	wikisource	o esa	2	29	oesa	9.357035
es	wikisource	e irnos	2	7	eirnos	es	wikisource	sonríe	1	407	sonrie	8.090709
es	wikisource	es ser	2	407	esser	es	wikisource	res se	2	7	resse	8.090709
es	wikisource	o esa	2	29	oesa	es	wikisource	aseo	1	385	aseo	9.357035
es	wikisource	res se	2	7	resse	es	wikisource	es ser	2	407	esser	8.090709
es	wikisource	sonríe	1	407	sonrie	es	wikisource	e irnos	2	7	eirnos	8.090709
es	wikisource	aracne	1	17	aracne	es	wikisource	en cara	2	396	encara	8.874308
es	wikisource	el ramo	2	408	elramo	es	wikisource	omar le	2	5	omarle	7.805475
es	wikisource	en cara	2	396	encara	es	wikisource	aracne	1	17	aracne	8.874308
es	wikisource	omar le	2	5	omarle	es	wikisource	el ramo	2	408	elramo	7.805475
es	wikisource	a ras	2	74	aras	es	wikisource	sara	1	338	sara	10.143488
es	wikisource	sara	1	338	sara	es	wikisource	a ras	2	74	aras	10.143488
es	wikisource	añil	1	112	anil	es	wikisource	lina	1	298	lina	10.427831
es	wikisource	es o no	3	124	esono	es	wikisource	o no se	3	286	onose	10.487796
es	wikisource	lina	1	298	lina	es	wikisource	añil	1	112	anil	10.427831
es	wikisource	o no se	3	286	onose	es	wikisource	es o no	3	124	esono	10.487796
es	wikisource	aves y	2	235	avesy	es	wikisource	y se va	3	174	yseva	10.628618
es	wikisource	y se va	3	174	yseva	es	wikisource	aves y	2	235	avesy	10.628618
es	wikisource	aya y	2	23	ayay	es	wikisource	ya ya	2	385	yaya	9.133891
es	wikisource	ya ya	2	385	yaya	es	wikisource	aya y	2	23	ayay	9.133891
es	wikisource	odio y	2	401	odioy	es	wikisource	yo ido	2	5	yoido	7.788212
es	wikisource	yo ido	2	5	yoido	es	wikisource	odio y	2	401	odioy	7.788212
es	wikisource	a ir a	3	313	aira	es	wikisource	aria	1	88	aria	10.238029
es	wikisource	aria	1	88	aria	es	wikisource	a ir a	3	313	aira	10.238029
es	wikisource	aram	1	45	aram	es	wikisource	mar a	2	354	mara	9.700759
es	wikisource	edem	1	13	edem	es	wikisource	me dé	2	386	mede	8.597482
es	wikisource	mar a	2	354	mara	es	wikisource	aram	1	45	aram	9.700759
es	wikisource	me dé	2	386	mede	es	wikisource	edem	1	13	edem	8.597482
es	wikisource	ni fa	2	11	nifa	es	wikisource	á fin	2	387	afin	8.445912
es	wikisource	á fin	2	387	afin	es	wikisource	ni fa	2	11	nifa	8.445912
es	wikisource	abad y	2	45	abady	es	wikisource	y daba	2	352	ydaba	9.695109
es	wikisource	ley los	2	291	leylos	es	wikisource	sol y el	3	106	solyel	10.349583
es	wikisource	sol y el	3	106	solyel	es	wikisource	ley los	2	291	leylos	10.349583
es	wikisource	y daba	2	352	ydaba	es	wikisource	abad y	2	45	abady	9.695109
es	wikisource	eso los	2	254	esolos	es	wikisource	sólo sé	2	142	solose	10.504108
es	wikisource	sólo sé	2	142	solose	es	wikisource	eso los	2	254	esolos	10.504108
es	wikisource	o nos	2	154	onos	es	wikisource	soñó	1	240	sono	10.528222
es	wikisource	soñó	1	240	sono	es	wikisource	o nos	2	154	onos	10.528222
es	wikisource	a sam	2	6	asam	es	wikisource	mas a	2	387	masa	7.906915
es	wikisource	mas a	2	387	masa	es	wikisource	a sam	2	6	asam	7.906915
es	wikisource	al azar	2	346	alazar	es	wikisource	raza la	2	46	razala	9.699472
es	wikisource	raza la	2	46	razala	es	wikisource	al azar	2	346	alazar	9.699472
es	wikisource	a iris	2	8	airis	es	wikisource	siria	1	379	siria	8.137396
es	wikisource	nata	1	317	nata	es	wikisource	á tan	2	70	atan	10.024731
es	wikisource	siria	1	379	siria	es	wikisource	a iris	2	8	airis	8.137396
es	wikisource	á tan	2	70	atan	es	wikisource	nata	1	317	nata	10.024731
es	wikisource	suez	1	120	suez	es	wikisource	zeus	1	266	zeus	10.383039
es	wikisource	zeus	1	266	zeus	es	wikisource	suez	1	120	suez	10.383039
es	wikisource	a merced	2	367	amerced	es	wikisource	de crema	2	18	decrema	8.852522
es	wikisource	de crema	2	18	decrema	es	wikisource	a merced	2	367	amerced	8.852522
es	wikisource	edecan	1	8	edecan	es	wikisource	nace de	2	377	nacede	8.132119
es	wikisource	nace de	2	377	nacede	es	wikisource	edecan	1	8	edecan	8.132119
es	wikisource	a ti los	3	26	atilos	es	wikisource	solita	1	358	solita	9.179159
es	wikisource	solita	1	358	solita	es	wikisource	a ti los	3	26	atilos	9.179159
es	wikisource	le doy	2	374	ledoy	es	wikisource	yo dél	2	9	yodel	8.229511
es	wikisource	lein	1	7	lein	es	wikisource	ni él	2	376	niel	8.011687
es	wikisource	mí lo	2	362	milo	es	wikisource	olim	1	21	olim	8.985445
es	wikisource	ni él	2	376	niel	es	wikisource	lein	1	7	lein	8.011687
es	wikisource	olim	1	21	olim	es	wikisource	mí lo	2	362	milo	8.985445
es	wikisource	sea se	2	71	sease	es	wikisource	ésa es	2	312	esaes	10.022869
es	wikisource	yo dél	2	9	yodel	es	wikisource	le doy	2	374	ledoy	8.229511
es	wikisource	ésa es	2	312	esaes	es	wikisource	sea se	2	71	sease	10.022869
es	wikisource	a la mar	3	368	alamar	es	wikisource	rama la	2	11	ramala	8.395703
es	wikisource	rama la	2	11	ramala	es	wikisource	a la mar	3	368	alamar	8.395703
es	wikisource	a mal	2	328	amal	es	wikisource	lama	1	50	lama	9.727883
es	wikisource	eton	1	21	eton	es	wikisource	noté	1	357	note	8.971575
es	wikisource	lama	1	50	lama	es	wikisource	a mal	2	328	amal	9.727883
es	wikisource	noté	1	357	note	es	wikisource	eton	1	21	eton	8.971575
es	wikisource	enel	1	358	enel	es	wikisource	lene	1	19	lene	8.879055
es	wikisource	lene	1	19	lene	es	wikisource	enel	1	358	enel	8.879055
es	wikisource	e seis	2	16	eseis	es	wikisource	si ese	2	359	siese	8.719317
es	wikisource	si ese	2	359	siese	es	wikisource	e seis	2	16	eseis	8.719317
es	wikisource	atad	1	8	atad	es	wikisource	data	1	366	data	8.102586
es	wikisource	data	1	366	data	es	wikisource	atad	1	8	atad	8.102586
es	wikisource	sonó y	2	6	sonoy	es	wikisource	yo nos	2	368	yonos	7.856707
es	wikisource	yo nos	2	368	yonos	es	wikisource	sonó y	2	6	sonoy	7.856707
es	wikisource	a la mar	3	368	alamar	es	wikisource	ramal a	2	5	ramala	7.702556
es	wikisource	ramal a	2	5	ramala	es	wikisource	a la mar	3	368	alamar	7.702556
es	wikisource	a reconocer	2	360	areconocer	es	wikisource	reconocer á	2	12	reconocera	8.453827
es	wikisource	a río	2	40	ario	es	wikisource	oír a	2	332	oira	9.521715
es	wikisource	oír a	2	332	oira	es	wikisource	a río	2	40	ario	9.521715
es	wikisource	reconocer á	2	12	reconocera	es	wikisource	a reconocer	2	360	areconocer	8.453827
es	wikisource	atroces	1	281	atroces	es	wikisource	se corta	2	90	secorta	10.152767
es	wikisource	lo ves	2	364	loves	es	wikisource	se vol	2	7	sevol	7.979339
es	wikisource	nilo	1	361	nilo	es	wikisource	olin	1	10	olin	8.289539
es	wikisource	olin	1	10	olin	es	wikisource	nilo	1	361	nilo	8.289539
es	wikisource	se corta	2	90	secorta	es	wikisource	atroces	1	281	atroces	10.152767
es	wikisource	se vol	2	7	sevol	es	wikisource	lo ves	2	364	loves	7.979339
es	wikisource	si eso	2	334	sieso	es	wikisource	ó seis	2	37	oseis	9.451717
es	wikisource	ó seis	2	37	oseis	es	wikisource	si eso	2	334	sieso	9.451717
es	wikisource	ario	1	37	ario	es	wikisource	oír a	2	332	oira	9.445729
es	wikisource	ayo y	2	22	ayoy	es	wikisource	yo ya	2	347	yoya	8.987697
es	wikisource	oír a	2	332	oira	es	wikisource	ario	1	37	ario	9.445729
es	wikisource	yo ya	2	347	yoya	es	wikisource	ayo y	2	22	ayoy	8.987697
es	wikisource	anita	1	340	anita	es	wikisource	atina	1	28	atina	9.199178
es	wikisource	atina	1	28	atina	es	wikisource	anita	1	340	anita	9.199178
es	wikisource	enel	1	358	enel	es	wikisource	leñe	1	10	lene	8.281218
es	wikisource	leñe	1	10	lene	es	wikisource	enel	1	358	enel	8.281218
es	wikisource	navy	1	12	navy	es	wikisource	y van	2	356	yvan	8.442685
es	wikisource	y van	2	356	yvan	es	wikisource	navy	1	12	navy	8.442685
es	wikisource	en ir	2	278	enir	es	wikisource	riñe	1	89	rine	10.131021
es	wikisource	et el	2	362	etel	es	wikisource	le te	2	5	lete	7.686162
es	wikisource	le te	2	5	lete	es	wikisource	et el	2	362	etel	7.686162
es	wikisource	riñe	1	89	rine	es	wikisource	en ir	2	278	enir	10.131021
es	wikisource	daba le	2	6	dabale	es	wikisource	el abad	2	360	elabad	7.834788
es	wikisource	el abad	2	360	elabad	es	wikisource	daba le	2	6	dabale	7.834788
es	wikisource	a la ya	3	14	alaya	es	wikisource	ayala	1	350	ayala	8.568836
es	wikisource	ayala	1	350	ayala	es	wikisource	a la ya	3	14	alaya	8.568836
es	wikisource	sereis	1	7	sereis	es	wikisource	si eres	2	357	sieres	7.959975
es	wikisource	si eres	2	357	sieres	es	wikisource	sereis	1	7	sereis	7.959975
es	wikisource	islam	1	268	islam	es	wikisource	mal si	2	95	malsi	10.15906
es	wikisource	mal si	2	95	malsi	es	wikisource	islam	1	268	islam	10.15906
es	wikisource	a mal	2	328	amal	es	wikisource	la ma	2	34	lama	9.351406
es	wikisource	al aya	2	12	alaya	es	wikisource	ayala	1	350	ayala	8.425736
es	wikisource	ayala	1	350	ayala	es	wikisource	al aya	2	12	alaya	8.425736
es	wikisource	la ma	2	34	lama	es	wikisource	a mal	2	328	amal	9.351406
es	wikisource	al nivel	2	336	alnivel	es	wikisource	levin la	2	25	levinla	9.078179
es	wikisource	levin la	2	25	levinla	es	wikisource	al nivel	2	336	alnivel	9.078179
es	wikisource	samo y	2	6	samoy	es	wikisource	yo más	2	355	yomas	7.820841
es	wikisource	yo más	2	355	yomas	es	wikisource	samo y	2	6	samoy	7.820841
es	wikisource	a goha	2	18	agoha	es	wikisource	ahoga	1	342	ahoga	8.782169
es	wikisource	ahoga	1	342	ahoga	es	wikisource	a goha	2	18	agoha	8.782169
es	wikisource	al són	2	19	alson	es	wikisource	nos la	2	341	nosla	8.830543
es	wikisource	el sol le	3	33	elsolle	es	wikisource	ellos le	2	327	ellosle	9.319374
es	wikisource	ellos le	2	327	ellosle	es	wikisource	el sol le	3	33	elsolle	9.319374
es	wikisource	le has	2	338	lehas	es	wikisource	sahel	1	22	sahel	8.961494
es	wikisource	nos la	2	341	nosla	es	wikisource	al són	2	19	alson	8.830543
es	wikisource	sahel	1	22	sahel	es	wikisource	le has	2	338	lehas	8.961494
es	wikisource	a bajar	2	349	abajar	es	wikisource	rajaba	1	9	rajaba	8.160518
es	wikisource	alaya	1	8	alaya	es	wikisource	ayala	1	350	ayala	8.058011
es	wikisource	alos	1	50	alos	es	wikisource	sol a	2	308	sola	9.665167
es	wikisource	ayala	1	350	ayala	es	wikisource	alaya	1	8	alaya	8.058011
es	wikisource	rajaba	1	9	rajaba	es	wikisource	a bajar	2	349	abajar	8.160518
es	wikisource	sol a	2	308	sola	es	wikisource	alos	1	50	alos	9.665167
es	wikisource	a lima	2	349	alima	es	wikisource	á mí la	3	8	amila	8.055158
es	wikisource	leo yo	2	5	leoyo	es	wikisource	oyó el	2	352	oyoel	7.658228
es	wikisource	oyó el	2	352	oyoel	es	wikisource	leo yo	2	5	leoyo	7.658228
es	wikisource	á mí la	3	8	amila	es	wikisource	a lima	2	349	alima	8.055158
es	wikisource	esso	1	351	esso	es	wikisource	os se	2	5	osse	7.655391
es	wikisource	esso	1	351	esso	es	wikisource	os sé	2	5	osse	7.655391
es	wikisource	os se	2	5	osse	es	wikisource	esso	1	351	esso	7.655391
es	wikisource	os sé	2	5	osse	es	wikisource	esso	1	351	esso	7.655391
es	wikisource	a lima	2	349	alima	es	wikisource	a mi la	3	6	amila	7.803843
es	wikisource	a mi la	3	6	amila	es	wikisource	a lima	2	349	alima	7.803843
es	wikisource	aires el	2	149	airesel	es	wikisource	le sería	2	206	leseria	10.343354
es	wikisource	le sería	2	206	leseria	es	wikisource	aires el	2	149	airesel	10.343354
es	wikisource	agapa	1	5	agapa	es	wikisource	apaga	1	349	apaga	7.649693
es	wikisource	apaga	1	349	apaga	es	wikisource	agapa	1	5	agapa	7.649693
es	wikisource	livres	1	9	livres	es	wikisource	servil	1	345	servil	8.149024
es	wikisource	servil	1	345	servil	es	wikisource	livres	1	9	livres	8.149024
es	wikisource	séase	1	41	sease	es	wikisource	ésa es	2	312	esaes	9.483873
es	wikisource	ésa es	2	312	esaes	es	wikisource	séase	1	41	sease	9.483873
es	wikisource	adar	1	17	adar	es	wikisource	rada	1	335	rada	8.707483
es	wikisource	e mis	2	15	emis	es	wikisource	sí me	2	337	sime	8.595635
es	wikisource	rada	1	335	rada	es	wikisource	adar	1	17	adar	8.707483
es	wikisource	sí me	2	337	sime	es	wikisource	e mis	2	15	emis	8.595635
es	wikisource	al amo	2	186	alamo	es	wikisource	o mala	2	164	omala	10.337054
es	wikisource	et in	2	51	etin	es	wikisource	ni te	2	299	nite	9.655026
es	wikisource	ni te	2	299	nite	es	wikisource	et in	2	51	etin	9.655026
es	wikisource	o mala	2	164	omala	es	wikisource	al amo	2	186	alamo	10.337054
es	wikisource	alen	1	8	alen	es	wikisource	nela	1	341	nela	8.032035
es	wikisource	nela	1	341	nela	es	wikisource	alen	1	8	alen	8.032035
es	wikisource	asomar	1	339	asomar	es	wikisource	ramos a	2	9	ramosa	8.131531
es	wikisource	es ni	2	338	esni	es	wikisource	in se	2	10	inse	8.223895
es	wikisource	eso yo	2	182	esoyo	es	wikisource	oyose	1	166	oyose	10.32748
es	wikisource	in se	2	10	inse	es	wikisource	es ni	2	338	esni	8.223895
es	wikisource	niso y	2	8	nisoy	es	wikisource	yo sin	2	340	yosin	8.029107
es	wikisource	oyose	1	166	oyose	es	wikisource	eso yo	2	182	esoyo	10.32748
es	wikisource	ramos a	2	9	ramosa	es	wikisource	asomar	1	339	asomar	8.131531
es	wikisource	selle	1	16	selle	es	wikisource	él les	2	332	elles	8.641356
es	wikisource	yo sin	2	340	yosin	es	wikisource	niso y	2	8	nisoy	8.029107
es	wikisource	él les	2	332	elles	es	wikisource	selle	1	16	selle	8.641356
es	wikisource	asomar	1	339	asomar	es	wikisource	ramosa	1	8	ramosa	8.02617
es	wikisource	no yo	2	336	noyo	es	wikisource	oyón	1	11	oyon	8.30499
es	wikisource	oyón	1	11	oyon	es	wikisource	no yo	2	336	noyo	8.30499
es	wikisource	ramosa	1	8	ramosa	es	wikisource	asomar	1	339	asomar	8.02617
es	wikisource	silos	1	69	silos	es	wikisource	solís	1	276	solis	9.872513
es	wikisource	solís	1	276	solis	es	wikisource	silos	1	69	silos	9.872513
es	wikisource	alas y	2	326	alasy	es	wikisource	y sala	2	18	ysala	8.734399
es	wikisource	ejidal	1	250	ejidal	es	wikisource	la dije	2	94	ladije	10.07933
es	wikisource	la dije	2	94	ladije	es	wikisource	ejidal	1	250	ejidal	10.07933
es	wikisource	y sala	2	18	ysala	es	wikisource	alas y	2	326	alasy	8.734399
es	wikisource	lata	1	242	lata	es	wikisource	á tal	2	95	atal	10.05741
es	wikisource	oír a	2	332	oira	es	wikisource	á río	2	5	ario	7.599902
es	wikisource	á río	2	5	ario	es	wikisource	oír a	2	332	oira	7.599902
es	wikisource	á tal	2	95	atal	es	wikisource	lata	1	242	lata	10.05741
es	wikisource	a ana	2	268	aana	es	wikisource	ana a	2	67	anaa	9.814219
es	wikisource	ana a	2	67	anaa	es	wikisource	a ana	2	268	aana	9.814219
es	wikisource	et le	2	53	etle	es	wikisource	él te	2	282	elte	9.634431
es	wikisource	él te	2	282	elte	es	wikisource	et le	2	53	etle	9.634431
es	wikisource	años los	2	262	anoslos	es	wikisource	solsona	1	71	solsona	9.84882
es	wikisource	le da las	3	13	ledalas	es	wikisource	sala del	2	320	saladel	8.410498
es	wikisource	sala del	2	320	saladel	es	wikisource	le da las	3	13	ledalas	8.410498
es	wikisource	solsona	1	71	solsona	es	wikisource	años los	2	262	anoslos	9.84882
es	wikisource	adah	1	11	adah	es	wikisource	hada	1	321	hada	8.259458
es	wikisource	hada	1	321	hada	es	wikisource	adah	1	11	adah	8.259458
es	wikisource	adió	1	5	adio	es	wikisource	oída	1	325	oida	7.578657
es	wikisource	dual	1	34	dual	es	wikisource	laúd	1	296	laud	9.24908
es	wikisource	la av	2	40	laav	es	wikisource	va al	2	290	vaal	9.386895
es	wikisource	laúd	1	296	laud	es	wikisource	dual	1	34	dual	9.24908
es	wikisource	oída	1	325	oida	es	wikisource	adió	1	5	adio	7.578657
es	wikisource	va al	2	290	vaal	es	wikisource	la av	2	40	laav	9.386895
es	wikisource	lamo	1	9	lamo	es	wikisource	o mal	2	319	omal	8.070906
es	wikisource	lee las	2	9	leelas	es	wikisource	sale el	2	319	saleel	8.070906
es	wikisource	o mal	2	319	omal	es	wikisource	lamo	1	9	lamo	8.070906
es	wikisource	sale el	2	319	saleel	es	wikisource	lee las	2	9	leelas	8.070906
es	wikisource	a dar a	3	293	adara	es	wikisource	arada	1	34	arada	9.238928
es	wikisource	arada	1	34	arada	es	wikisource	a dar a	3	293	adara	9.238928
es	wikisource	ir a los	3	93	iralos	es	wikisource	solari	1	234	solari	10.00288
es	wikisource	lares	1	191	lares	es	wikisource	ser al	2	136	seral	10.177476
es	wikisource	ser al	2	136	seral	es	wikisource	lares	1	191	lares	10.177476
es	wikisource	solari	1	234	solari	es	wikisource	ir a los	3	93	iralos	10.00288
es	wikisource	atán	1	8	atan	es	wikisource	nata	1	317	nata	7.959276
es	wikisource	nata	1	317	nata	es	wikisource	atán	1	8	atan	7.959276
es	wikisource	salís	1	52	salis	es	wikisource	sí las	2	270	silas	9.572411
es	wikisource	se liga	2	32	seliga	es	wikisource	ágiles	1	290	agiles	9.169831
es	wikisource	serones	1	29	serones	es	wikisource	señor es	2	293	senores	9.084777
es	wikisource	señor es	2	293	senores	es	wikisource	serones	1	29	serones	9.084777
es	wikisource	sí las	2	270	silas	es	wikisource	salís	1	52	salis	9.572411
es	wikisource	ágiles	1	290	agiles	es	wikisource	se liga	2	32	seliga	9.169831
es	wikisource	e de oſſo	3	8	edeoſſo	es	wikisource	oſſo e de	3	313	oſſoede	7.946618
es	wikisource	oſſo e de	3	313	oſſoede	es	wikisource	e de oſſo	3	8	edeoſſo	7.946618
es	wikisource	se ase	2	9	sease	es	wikisource	ésa es	2	312	esaes	8.048788
es	wikisource	ésa es	2	312	esaes	es	wikisource	se ase	2	9	sease	8.048788
es	wikisource	le son	2	277	leson	es	wikisource	nos el	2	42	nosel	9.388821
es	wikisource	nos el	2	42	nosel	es	wikisource	le son	2	277	leson	9.388821
es	wikisource	a cap	2	7	acap	es	wikisource	paca	1	309	paca	7.816014
es	wikisource	a daria	2	29	adaria	es	wikisource	airada	1	287	airada	9.064158
es	wikisource	airada	1	287	airada	es	wikisource	a daria	2	29	adaria	9.064158
es	wikisource	el orto	2	15	elorto	es	wikisource	otro le	2	301	otrole	8.483016
es	wikisource	otro le	2	301	otrole	es	wikisource	el orto	2	15	elorto	8.483016
es	wikisource	paca	1	309	paca	es	wikisource	a cap	2	7	acap	7.816014
es	wikisource	son a	2	300	sona	es	wikisource	á nos	2	14	anos	8.41516
es	wikisource	á nos	2	14	anos	es	wikisource	son a	2	300	sona	8.41516
es	wikisource	al os	2	5	alos	es	wikisource	sol a	2	308	sola	7.525101
es	wikisource	sol a	2	308	sola	es	wikisource	al os	2	5	alos	7.525101
es	wikisource	sol a	2	308	sola	es	wikisource	álos	1	5	alos	7.525101
es	wikisource	álos	1	5	alos	es	wikisource	sol a	2	308	sola	7.525101
es	wikisource	a la luna	3	302	alaluna	es	wikisource	anula la	2	9	anulala	8.016318
es	wikisource	anula la	2	9	anulala	es	wikisource	a la luna	3	302	alaluna	8.016318
es	wikisource	al uno	2	304	aluno	es	wikisource	o nula	2	6	onula	7.666222
es	wikisource	o nula	2	6	onula	es	wikisource	al uno	2	304	aluno	7.666222
es	wikisource	sapos	1	153	sapos	es	wikisource	sopas	1	157	sopas	10.099548
es	wikisource	sopas	1	157	sopas	es	wikisource	sapos	1	153	sapos	10.099548
es	wikisource	aries	1	101	aries	es	wikisource	se irá	2	208	seira	9.967307
es	wikisource	oler	1	159	oler	es	wikisource	reló	1	150	relo	10.092454
es	wikisource	reló	1	150	relo	es	wikisource	oler	1	159	oler	10.092454
es	wikisource	se irá	2	208	seira	es	wikisource	aries	1	101	aries	9.967307
es	wikisource	a allá	2	8	aalla	es	wikisource	allá a	2	300	allaa	7.904335
es	wikisource	allá a	2	300	allaa	es	wikisource	a allá	2	8	aalla	7.904335
es	wikisource	acata	1	62	acata	es	wikisource	ataca	1	245	ataca	9.648466
es	wikisource	ataca	1	245	ataca	es	wikisource	acata	1	62	acata	9.648466
es	wikisource	ayres	1	136	ayres	es	wikisource	ser ya	2	171	serya	10.067475
es	wikisource	el té	2	254	elte	es	wikisource	et le	2	53	etle	9.530248
es	wikisource	et le	2	53	etle	es	wikisource	el té	2	254	elte	9.530248
es	wikisource	ser ya	2	171	serya	es	wikisource	ayres	1	136	ayres	10.067475
es	wikisource	aloña	1	5	alona	es	wikisource	año la	2	301	anola	7.502186
es	wikisource	año la	2	301	anola	es	wikisource	aloña	1	5	alona	7.502186
es	wikisource	a río	2	40	ario	es	wikisource	oirá	1	265	oira	9.297068
es	wikisource	navales	1	263	navales	es	wikisource	se lavan	2	42	selavan	9.337149
es	wikisource	oirá	1	265	oira	es	wikisource	a río	2	40	ario	9.297068
es	wikisource	se lavan	2	42	selavan	es	wikisource	navales	1	263	navales	9.337149
es	wikisource	ario	1	37	ario	es	wikisource	oirá	1	265	oira	9.221082
es	wikisource	era hoy	2	12	erahoy	es	wikisource	yo haré	2	290	yohare	8.238273
es	wikisource	oirá	1	265	oira	es	wikisource	ario	1	37	ario	9.221082
es	wikisource	yo haré	2	290	yohare	es	wikisource	era hoy	2	12	erahoy	8.238273
es	wikisource	e nos	2	46	enos	es	wikisource	soñé	1	255	sone	9.395325
es	wikisource	lato	1	24	lato	es	wikisource	o tal	2	277	otal	8.846497
es	wikisource	o tal	2	277	otal	es	wikisource	lato	1	24	lato	8.846497
es	wikisource	soñé	1	255	sone	es	wikisource	e nos	2	46	enos	9.395325
es	wikisource	nulos	1	232	nulos	es	wikisource	sol un	2	68	solun	9.685145
es	wikisource	sol un	2	68	solun	es	wikisource	nulos	1	232	nulos	9.685145
es	wikisource	lima y	2	276	limay	es	wikisource	ya mil	2	22	yamil	8.759512
es	wikisource	nos et	2	5	noset	es	wikisource	tesón	1	293	teson	7.475339
es	wikisource	tesón	1	293	teson	es	wikisource	nos et	2	5	noset	7.475339
es	wikisource	ya mil	2	22	yamil	es	wikisource	lima y	2	276	limay	8.759512
es	wikisource	o si es	3	89	osies	es	wikisource	seis o	2	208	seiso	9.842144
es	wikisource	seis o	2	208	seiso	es	wikisource	o si es	3	89	osies	9.842144
es	wikisource	es amor	2	202	esamor	es	wikisource	roma se	2	94	romase	9.867083
es	wikisource	roma se	2	94	romase	es	wikisource	es amor	2	202	esamor	9.867083
es	wikisource	a es el	3	8	aesel	es	wikisource	le sea	2	287	lesea	7.860185
es	wikisource	es ó no	3	9	esono	es	wikisource	o no se	3	286	onose	7.962067
es	wikisource	la iv	2	62	laiv	es	wikisource	vial	1	233	vial	9.598456
es	wikisource	le sea	2	287	lesea	es	wikisource	a es el	3	8	aesel	7.860185
es	wikisource	o no se	3	286	onose	es	wikisource	es ó no	3	9	esono	7.962067
es	wikisource	seca y	2	255	secay	es	wikisource	yaces	1	40	yaces	9.25875
es	wikisource	vial	1	233	vial	es	wikisource	la iv	2	62	laiv	9.598456
es	wikisource	yaces	1	40	yaces	es	wikisource	seca y	2	255	secay	9.25875
es	wikisource	solís y	2	19	solisy	es	wikisource	y si los	3	275	ysilos	8.616133
es	wikisource	y si los	3	275	ysilos	es	wikisource	solís y	2	19	solisy	8.616133
es	wikisource	alua	1	17	alua	es	wikisource	aula	1	274	aula	8.507143
es	wikisource	aula	1	274	aula	es	wikisource	alua	1	17	alua	8.507143
es	wikisource	lima y	2	276	limay	es	wikisource	y a mil	3	14	yamil	8.332068
es	wikisource	y a mil	3	14	yamil	es	wikisource	lima y	2	276	limay	8.332068
es	wikisource	ara del	2	19	aradel	es	wikisource	le dará	2	270	ledara	8.597851
es	wikisource	es río	2	10	esrio	es	wikisource	oírse	1	279	oirse	8.032685
es	wikisource	le dará	2	270	ledara	es	wikisource	ara del	2	19	aradel	8.597851
es	wikisource	oírse	1	279	oirse	es	wikisource	es río	2	10	esrio	8.032685
es	wikisource	a mí se	3	280	amise	es	wikisource	ésima	1	8	esima	7.835579
es	wikisource	al oro	2	117	aloro	es	wikisource	oro la	2	171	orola	9.918179
es	wikisource	oro la	2	171	orola	es	wikisource	al oro	2	117	aloro	9.918179
es	wikisource	reconocerá	1	241	reconocera	es	wikisource	á reconocer	2	47	areconocer	9.360139
es	wikisource	á reconocer	2	47	areconocer	es	wikisource	reconocerá	1	241	reconocera	9.360139
es	wikisource	ésima	1	8	esima	es	wikisource	a mí se	3	280	amise	7.835579
es	wikisource	reses	1	281	reses	es	wikisource	sé ser	2	6	seser	7.587817
es	wikisource	sé ser	2	6	seser	es	wikisource	reses	1	281	reses	7.587817
es	wikisource	eglé	1	280	egle	es	wikisource	el ge	2	6	elge	7.584265
es	wikisource	el ge	2	6	elge	es	wikisource	eglé	1	280	egle	7.584265
es	wikisource	leon	1	206	leon	es	wikisource	no él	2	80	noel	9.727168
es	wikisource	no él	2	80	noel	es	wikisource	leon	1	206	leon	9.727168
es	wikisource	a oído	2	12	aoido	es	wikisource	odio a	2	273	odioa	8.178077
es	wikisource	odio a	2	273	odioa	es	wikisource	a oído	2	12	aoido	8.178077
es	wikisource	son le	2	8	sonle	es	wikisource	él nos	2	277	elnos	7.824846
es	wikisource	él nos	2	277	elnos	es	wikisource	son le	2	8	sonle	7.824846
es	wikisource	o mala	2	164	omala	es	wikisource	álamo	1	120	alamo	9.901736
es	wikisource	álamo	1	120	alamo	es	wikisource	o mala	2	164	omala	9.901736
es	wikisource	a ana	2	268	aana	es	wikisource	ana á	2	15	anaa	8.3673
es	wikisource	a ti mi	3	48	atimi	es	wikisource	imita	1	235	imita	9.355652
es	wikisource	ana á	2	15	anaa	es	wikisource	a ana	2	268	aana	8.3673
es	wikisource	ateas	1	30	ateas	es	wikisource	saeta	1	253	saeta	8.971321
es	wikisource	imita	1	235	imita	es	wikisource	a ti mi	3	48	atimi	9.355652
es	wikisource	la sor	2	15	lasor	es	wikisource	rosal	1	268	rosal	8.3673
es	wikisource	naves y	2	184	navesy	es	wikisource	y se van	3	99	ysevan	9.825526
es	wikisource	oyó y	2	56	oyoy	es	wikisource	y oyó	2	227	yoyo	9.472397
es	wikisource	rosal	1	268	rosal	es	wikisource	la sor	2	15	lasor	8.3673
es	wikisource	saeta	1	253	saeta	es	wikisource	ateas	1	30	ateas	8.971321
es	wikisource	y oyó	2	227	yoyo	es	wikisource	oyó y	2	56	oyoy	9.472397
es	wikisource	y se van	3	99	ysevan	es	wikisource	naves y	2	184	navesy	9.825526
es	wikisource	aesop	1	5	aesop	es	wikisource	posea	1	277	posea	7.419381
es	wikisource	alá se	2	8	alase	es	wikisource	es a la	3	274	esala	7.813996
es	wikisource	es a la	3	274	esala	es	wikisource	alá se	2	8	alase	7.813996
es	wikisource	eso yo	2	182	esoyo	es	wikisource	oyóse	1	100	oyose	9.824607
es	wikisource	oyóse	1	100	oyose	es	wikisource	eso yo	2	182	esoyo	9.824607
es	wikisource	posea	1	277	posea	es	wikisource	aesop	1	5	aesop	7.419381
es	wikisource	ala se	2	7	alase	es	wikisource	es a la	3	274	esala	7.696213
es	wikisource	es a la	3	274	esala	es	wikisource	ala se	2	7	alase	7.696213
es	wikisource	odiar	1	171	odiar	es	wikisource	raído	1	109	raido	9.847975
es	wikisource	raído	1	109	raido	es	wikisource	odiar	1	171	odiar	9.847975
es	wikisource	elis	1	12	elis	es	wikisource	sí le	2	267	sile	8.155936
es	wikisource	sí le	2	267	sile	es	wikisource	elis	1	12	elis	8.155936
es	wikisource	enos	1	22	enos	es	wikisource	soñé	1	255	sone	8.680672
es	wikisource	le odio	2	28	leodio	es	wikisource	oído el	2	249	oidoel	8.888757
es	wikisource	oído el	2	249	oidoel	es	wikisource	le odio	2	28	leodio	8.888757
es	wikisource	soñé	1	255	sone	es	wikisource	enos	1	22	enos	8.680672
es	wikisource	a palos	2	162	apalos	es	wikisource	solapa	1	114	solapa	9.838682
es	wikisource	solapa	1	114	solapa	es	wikisource	a palos	2	162	apalos	9.838682
es	wikisource	aláh	1	108	alah	es	wikisource	hala	1	167	hala	9.815312
es	wikisource	hala	1	167	hala	es	wikisource	aláh	1	108	alah	9.815312
es	wikisource	isle	1	13	isle	es	wikisource	él si	2	262	elsi	8.211211
es	wikisource	le domina	2	27	ledomina	es	wikisource	ánimo del	2	248	animodel	8.849657
es	wikisource	ánimo del	2	248	animodel	es	wikisource	le domina	2	27	ledomina	8.849657
es	wikisource	él si	2	262	elsi	es	wikisource	isle	1	13	isle	8.211211
es	wikisource	amis	1	27	amis	es	wikisource	sima	1	247	sima	8.845633
es	wikisource	anís	1	244	anis	es	wikisource	siñá	1	30	sina	8.935245
es	wikisource	atal	1	32	atal	es	wikisource	lata	1	242	lata	8.989569
es	wikisource	e non	2	263	enon	es	wikisource	non e	2	11	none	8.060856
es	wikisource	lata	1	242	lata	es	wikisource	atal	1	32	atal	8.989569
es	wikisource	leit	1	6	leit	es	wikisource	ti el	2	268	tiel	7.540622
es	wikisource	leon y	2	20	leony	es	wikisource	y no el	3	254	ynoel	8.585786
es	wikisource	non e	2	11	none	es	wikisource	e non	2	263	enon	8.060856
es	wikisource	sima	1	247	sima	es	wikisource	amis	1	27	amis	8.845633
es	wikisource	siñá	1	30	sina	es	wikisource	anís	1	244	anis	8.935245
es	wikisource	ti el	2	268	tiel	es	wikisource	leit	1	6	leit	7.540622
es	wikisource	y no el	3	254	ynoel	es	wikisource	leon y	2	20	leony	8.585786
es	wikisource	animal y	2	268	animaly	es	wikisource	y la mina	3	5	ylamina	7.386471
es	wikisource	y la mina	3	5	ylamina	es	wikisource	animal y	2	268	animaly	7.386471
es	wikisource	idem	1	259	idem	es	wikisource	medí	1	13	medi	8.199739
es	wikisource	medí	1	13	medi	es	wikisource	idem	1	259	idem	8.199739
es	wikisource	a jet	2	6	ajet	es	wikisource	teja	1	265	teja	7.529406
es	wikisource	di las	2	65	dilas	es	wikisource	salid	1	206	salid	9.522374
es	wikisource	eso los	2	254	esolos	es	wikisource	solo sé	2	17	solose	8.431635
es	wikisource	salid	1	206	salid	es	wikisource	di las	2	65	dilas	9.522374
es	wikisource	solo sé	2	17	solose	es	wikisource	eso los	2	254	esolos	8.431635
es	wikisource	teja	1	265	teja	es	wikisource	a jet	2	6	ajet	7.529406
es	wikisource	e non	2	263	enon	es	wikisource	non è	2	7	none	7.655391
es	wikisource	e non	2	263	enon	es	wikisource	non é	2	7	none	7.655391
es	wikisource	et al	2	59	etal	es	wikisource	late	1	211	late	9.450931
es	wikisource	late	1	211	late	es	wikisource	et al	2	59	etal	9.450931
es	wikisource	ley las	2	255	leylas	es	wikisource	sal y el	3	15	salyel	8.317766
es	wikisource	non è	2	7	none	es	wikisource	e non	2	263	enon	7.655391
es	wikisource	non é	2	7	none	es	wikisource	e non	2	263	enon	7.655391
es	wikisource	oirá	1	265	oira	es	wikisource	á río	2	5	ario	7.375256
es	wikisource	sal y el	3	15	salyel	es	wikisource	ley las	2	255	leylas	8.317766
es	wikisource	á río	2	5	ario	es	wikisource	oirá	1	265	oira	7.375256
es	wikisource	alte	1	12	alte	es	wikisource	et la	2	256	etla	8.114025
es	wikisource	et la	2	256	etla	es	wikisource	alte	1	12	alte	8.114025
es	wikisource	navales	1	263	navales	es	wikisource	se la van	3	5	selavan	7.367709
es	wikisource	se la van	3	5	selavan	es	wikisource	navales	1	263	navales	7.367709
es	wikisource	nata y	2	35	natay	es	wikisource	ya tan	2	232	yatan	9.034557
es	wikisource	ya tan	2	232	yatan	es	wikisource	nata y	2	35	natay	9.034557
es	wikisource	al té	2	10	alte	es	wikisource	et la	2	256	etla	7.946971
es	wikisource	asís	1	236	asis	es	wikisource	sisa	1	30	sisa	8.902047
es	wikisource	et la	2	256	etla	es	wikisource	al té	2	10	alte	7.946971
es	wikisource	o nos	2	154	onos	es	wikisource	son o	2	112	sono	9.770813
es	wikisource	ojo y	2	232	ojoy	es	wikisource	y ojo	2	34	yojo	9.006387
es	wikisource	sisa	1	30	sisa	es	wikisource	asís	1	236	asis	8.902047
es	wikisource	son o	2	112	sono	es	wikisource	o nos	2	154	onos	9.770813
es	wikisource	y ojo	2	34	yojo	es	wikisource	ojo y	2	232	ojoy	9.006387
es	wikisource	idem	1	259	idem	es	wikisource	medi	1	6	medi	7.506592
es	wikisource	medi	1	6	medi	es	wikisource	idem	1	259	idem	7.506592
es	wikisource	raza y	2	256	razay	es	wikisource	y azar	2	9	yazar	7.851661
es	wikisource	y azar	2	9	yazar	es	wikisource	raza y	2	256	razay	7.851661
es	wikisource	idem	1	259	idem	es	wikisource	me dí	2	5	medi	7.352441
es	wikisource	me dí	2	5	medi	es	wikisource	idem	1	259	idem	7.352441
es	wikisource	enós	1	8	enos	es	wikisource	soñé	1	255	sone	7.742402
es	wikisource	ivón	1	9	ivon	es	wikisource	no vi	2	254	novi	7.843849
es	wikisource	no vi	2	254	novi	es	wikisource	ivón	1	9	ivon	7.843849
es	wikisource	reconocer a	2	216	reconocera	es	wikisource	á reconocer	2	47	areconocer	9.251098
es	wikisource	rio y	2	51	rioy	es	wikisource	y oír	2	212	yoir	9.312536
es	wikisource	soñé	1	255	sone	es	wikisource	enós	1	8	enos	7.742402
es	wikisource	y oír	2	212	yoir	es	wikisource	rio y	2	51	rioy	9.312536
es	wikisource	á reconocer	2	47	areconocer	es	wikisource	reconocer a	2	216	reconocera	9.251098
es	wikisource	al ama	2	93	alama	es	wikisource	ama la	2	169	amala	9.679093
es	wikisource	al te	2	6	alte	es	wikisource	et la	2	256	etla	7.494986
es	wikisource	ama la	2	169	amala	es	wikisource	al ama	2	93	alama	9.679093
es	wikisource	ejido y	2	29	ejidoy	es	wikisource	yo dije	2	233	yodije	8.856518
es	wikisource	et la	2	256	etla	es	wikisource	al te	2	6	alte	7.494986
es	wikisource	oír y	2	186	oiry	es	wikisource	y río	2	76	yrio	9.574914
es	wikisource	y río	2	76	yrio	es	wikisource	oír y	2	186	oiry	9.574914
es	wikisource	yo dije	2	233	yodije	es	wikisource	ejido y	2	29	ejidoy	8.856518
es	wikisource	al iv	2	6	aliv	es	wikisource	vi la	2	255	vila	7.491088
es	wikisource	en os	2	6	enos	es	wikisource	soñé	1	255	sone	7.491088
es	wikisource	soñé	1	255	sone	es	wikisource	en os	2	6	enos	7.491088
es	wikisource	vi la	2	255	vila	es	wikisource	al iv	2	6	aliv	7.491088
es	wikisource	a levin	2	244	alevin	es	wikisource	nivela	1	16	nivela	8.334472
es	wikisource	ese yo	2	20	eseyo	es	wikisource	oyese	1	240	oyese	8.529319
es	wikisource	nivela	1	16	nivela	es	wikisource	a levin	2	244	alevin	8.334472
es	wikisource	oyese	1	240	oyese	es	wikisource	ese yo	2	20	eseyo	8.529319
es	wikisource	eso los	2	254	esolos	es	wikisource	solos e	2	5	solose	7.333023
es	wikisource	solos e	2	5	solose	es	wikisource	eso los	2	254	esolos	7.333023
es	wikisource	anís	1	244	anis	es	wikisource	sina	1	14	sina	8.209308
es	wikisource	sina	1	14	sina	es	wikisource	anís	1	244	anis	8.209308
es	wikisource	solón y	2	15	solony	es	wikisource	y no los	3	243	ynolos	8.269757
es	wikisource	y no los	3	243	ynolos	es	wikisource	solón y	2	15	solony	8.269757
es	wikisource	a levin	2	244	alevin	es	wikisource	nivel a	2	13	nivela	8.140316
es	wikisource	nivel a	2	13	nivela	es	wikisource	a levin	2	244	alevin	8.140316
es	wikisource	eres y	2	128	eresy	es	wikisource	y seré	2	128	ysere	9.719625
es	wikisource	y seré	2	128	ysere	es	wikisource	eres y	2	128	eresy	9.719625
es	wikisource	a locas	2	28	alocas	es	wikisource	sacó la	2	227	sacola	8.796641
es	wikisource	sacó la	2	227	sacola	es	wikisource	a locas	2	28	alocas	8.796641
es	wikisource	al odio	2	101	alodio	es	wikisource	oído la	2	153	oidola	9.661925
es	wikisource	ira los	2	20	iralos	es	wikisource	solari	1	234	solari	8.504108
es	wikisource	oído la	2	153	oidola	es	wikisource	al odio	2	101	alodio	9.661925
es	wikisource	solari	1	234	solari	es	wikisource	ira los	2	20	iralos	8.504108
es	wikisource	nato y	2	6	natoy	es	wikisource	yo tan	2	247	yotan	7.459339
es	wikisource	sabet	1	21	sabet	es	wikisource	tebas	1	232	tebas	8.542081
es	wikisource	tebas	1	232	tebas	es	wikisource	sabet	1	21	sabet	8.542081
es	wikisource	yo tan	2	247	yotan	es	wikisource	nato y	2	6	natoy	7.459339
es	wikisource	a ido	2	18	aido	es	wikisource	odia	1	234	odia	8.404024
es	wikisource	ayer le	2	47	ayerle	es	wikisource	el rey a	3	205	elreya	9.199077
es	wikisource	el rey a	3	205	elreya	es	wikisource	ayer le	2	47	ayerle	9.199077
es	wikisource	odia	1	234	odia	es	wikisource	a ido	2	18	aido	8.404024
es	wikisource	rió y	2	40	rioy	es	wikisource	y oír	2	212	yoir	9.074864
es	wikisource	y oír	2	212	yoir	es	wikisource	rió y	2	40	rioy	9.074864
es	wikisource	osos	1	181	osos	es	wikisource	soso	1	70	soso	9.466687
es	wikisource	soso	1	70	soso	es	wikisource	osos	1	181	osos	9.466687
es	wikisource	a remar	2	44	aremar	es	wikisource	ramera	1	206	ramera	9.139381
es	wikisource	arar	1	103	arar	es	wikisource	ra ra	2	147	rara	9.641603
es	wikisource	o no los	3	78	onolos	es	wikisource	solo no	2	172	solono	9.522739
es	wikisource	oyó y	2	56	oyoy	es	wikisource	yo yo	2	194	yoyo	9.316051
es	wikisource	ra ra	2	147	rara	es	wikisource	arar	1	103	arar	9.641603
es	wikisource	ramera	1	206	ramera	es	wikisource	a remar	2	44	aremar	9.139381
es	wikisource	solo no	2	172	solono	es	wikisource	o no los	3	78	onolos	9.522739
es	wikisource	yo yo	2	194	yoyo	es	wikisource	oyó y	2	56	oyoy	9.316051
es	wikisource	a su mal	3	27	asumal	es	wikisource	la musa	2	222	lamusa	8.739376
es	wikisource	ala del	2	99	aladel	es	wikisource	le da la	3	150	ledala	9.62245
es	wikisource	ejes	1	244	ejes	es	wikisource	seje	1	5	seje	7.293018
es	wikisource	la musa	2	222	lamusa	es	wikisource	a su mal	3	27	asumal	8.739376
es	wikisource	le da la	3	150	ledala	es	wikisource	ala del	2	99	aladel	9.62245
es	wikisource	seje	1	5	seje	es	wikisource	ejes	1	244	ejes	7.293018
es	wikisource	ay ay	2	233	ayay	es	wikisource	yaya	1	15	yaya	8.22791
es	wikisource	ayas	1	41	ayas	es	wikisource	saya	1	207	saya	9.075208
es	wikisource	la res	2	112	lares	es	wikisource	ser al	2	136	seral	9.647369
es	wikisource	saya	1	207	saya	es	wikisource	ayas	1	41	ayas	9.075208
es	wikisource	ser al	2	136	seral	es	wikisource	la res	2	112	lares	9.647369
es	wikisource	yaya	1	15	yaya	es	wikisource	ay ay	2	233	ayay	8.22791
es	wikisource	a baso	2	5	abaso	es	wikisource	osaba	1	242	osaba	7.284821
es	wikisource	a la dama	3	217	aladama	es	wikisource	amada la	2	30	amadala	8.818482
es	wikisource	amada la	2	30	amadala	es	wikisource	a la dama	3	217	aladama	8.818482
es	wikisource	et los	2	144	etlos	es	wikisource	solté	1	103	solte	9.621125
es	wikisource	osaba	1	242	osaba	es	wikisource	a baso	2	5	abaso	7.284821
es	wikisource	solté	1	103	solte	es	wikisource	et los	2	144	etlos	9.621125
es	wikisource	si esa	2	220	siesa	es	wikisource	á seis	2	25	aseis	8.656259
es	wikisource	soñó	1	240	sono	es	wikisource	ó nos	2	5	onos	7.276556
es	wikisource	á seis	2	25	aseis	es	wikisource	si esa	2	220	siesa	8.656259
es	wikisource	ó nos	2	5	onos	es	wikisource	soñó	1	240	sono	7.276556
es	wikisource	a dar la	3	235	adarla	es	wikisource	al rada	2	9	alrada	7.766417
es	wikisource	al rada	2	9	alrada	es	wikisource	a dar la	3	235	adarla	7.766417
es	wikisource	limón	1	192	limon	es	wikisource	no mil	2	52	nomil	9.232982
es	wikisource	no mil	2	52	nomil	es	wikisource	limón	1	192	limon	9.232982
es	wikisource	edad no	2	169	edadno	es	wikisource	onda de	2	74	ondade	9.453287
es	wikisource	ocopa	1	16	ocopa	es	wikisource	á poco	2	227	apoco	8.262559
es	wikisource	onda de	2	74	ondade	es	wikisource	edad no	2	169	edadno	9.453287
es	wikisource	sous	1	87	sous	es	wikisource	suos	1	156	suos	9.533583
es	wikisource	suos	1	156	suos	es	wikisource	sous	1	87	sous	9.533583
es	wikisource	á poco	2	227	apoco	es	wikisource	ocopa	1	16	ocopa	8.262559
es	wikisource	amir	1	31	amir	es	wikisource	rima	1	211	rima	8.822322
es	wikisource	ir á los	3	8	iralos	es	wikisource	solari	1	234	solari	7.65681
es	wikisource	nado	1	233	nado	es	wikisource	o dan	2	9	odan	7.757906
es	wikisource	o dan	2	9	odan	es	wikisource	nado	1	233	nado	7.757906
es	wikisource	rima	1	211	rima	es	wikisource	amir	1	31	amir	8.822322
es	wikisource	solari	1	234	solari	es	wikisource	ir á los	3	8	iralos	7.65681
es	wikisource	ay ay	2	233	ayay	es	wikisource	ya y a	3	8	yaya	7.652546
es	wikisource	es oro	2	77	esoro	es	wikisource	oro se	2	164	orose	9.462654
es	wikisource	oro se	2	164	orose	es	wikisource	es oro	2	77	esoro	9.462654
es	wikisource	ya y a	3	8	yaya	es	wikisource	ay ay	2	233	ayay	7.652546
es	wikisource	reconocer y	2	126	reconocery	es	wikisource	y reconocer	2	114	yreconocer	9.589119
es	wikisource	y reconocer	2	114	yreconocer	es	wikisource	reconocer y	2	126	reconocery	9.589119
es	wikisource	ama es	2	39	amaes	es	wikisource	se ama	2	200	seama	8.992184
es	wikisource	asnos	1	231	asnos	es	wikisource	sonsa	1	8	sonsa	7.643962
es	wikisource	se ama	2	200	seama	es	wikisource	ama es	2	39	amaes	8.992184
es	wikisource	sonsa	1	8	sonsa	es	wikisource	asnos	1	231	asnos	7.643962
es	wikisource	date	1	230	date	es	wikisource	et ad	2	8	etad	7.639642
es	wikisource	et ad	2	8	etad	es	wikisource	date	1	230	date	7.639642
es	wikisource	o daños	2	43	odanos	es	wikisource	sonado	1	195	sonado	9.062304
es	wikisource	sana y	2	233	sanay	es	wikisource	y anás	2	5	yanas	7.247081
es	wikisource	sonado	1	195	sonado	es	wikisource	o daños	2	43	odanos	9.062304
es	wikisource	y anás	2	5	yanas	es	wikisource	sana y	2	233	sanay	7.247081
es	wikisource	al reconocer	2	125	alreconocer	es	wikisource	reconocerla	1	112	reconocerla	9.56367
es	wikisource	latón	1	160	laton	es	wikisource	no tal	2	77	notal	9.438113
es	wikisource	no tal	2	77	notal	es	wikisource	latón	1	160	laton	9.438113
es	wikisource	reconocerla	1	112	reconocerla	es	wikisource	al reconocer	2	125	alreconocer	9.56367
es	wikisource	retos	1	230	retos	es	wikisource	soter	1	5	soter	7.234177
es	wikisource	soter	1	5	soter	es	wikisource	retos	1	230	retos	7.234177
es	wikisource	said y	2	9	saidy	es	wikisource	y días	2	225	ydias	7.72312
es	wikisource	y días	2	225	ydias	es	wikisource	said y	2	9	saidy	7.72312
es	wikisource	ares	1	32	ares	es	wikisource	sera	1	201	sera	8.804775
es	wikisource	asar	1	79	asar	es	wikisource	rasa	1	154	rasa	9.425452
es	wikisource	e val	2	43	eval	es	wikisource	la ve	2	190	lave	9.036463
es	wikisource	la ve	2	190	lave	es	wikisource	e val	2	43	eval	9.036463
es	wikisource	rasa	1	154	rasa	es	wikisource	asar	1	79	asar	9.425452
es	wikisource	sera	1	201	sera	es	wikisource	ares	1	32	ares	8.804775
es	wikisource	era don	2	203	eradon	es	wikisource	no daré	2	29	nodare	8.719317
es	wikisource	leon	1	206	leon	es	wikisource	noel	1	26	noel	8.628556
es	wikisource	no daré	2	29	nodare	es	wikisource	era don	2	203	eradon	8.719317
es	wikisource	noel	1	26	noel	es	wikisource	leon	1	206	leon	8.628556
es	wikisource	así va	2	52	asiva	es	wikisource	avisa	1	179	avisa	9.163249
es	wikisource	avisa	1	179	avisa	es	wikisource	así va	2	52	asiva	9.163249
es	wikisource	lavó	1	174	lavo	es	wikisource	oval	1	57	oval	9.225229
es	wikisource	natas	1	10	natas	es	wikisource	satán	1	221	satan	7.800573
es	wikisource	oval	1	57	oval	es	wikisource	lavó	1	174	lavo	9.225229
es	wikisource	oír es	2	18	oires	es	wikisource	se rió	2	213	serio	8.310415
es	wikisource	rebasa	1	52	rebasa	es	wikisource	á saber	2	179	asaber	9.163249
es	wikisource	satán	1	221	satan	es	wikisource	natas	1	10	natas	7.800573
es	wikisource	se rió	2	213	serio	es	wikisource	oír es	2	18	oires	8.310415
es	wikisource	á saber	2	179	asaber	es	wikisource	rebasa	1	52	rebasa	9.163249
es	wikisource	ateo	1	224	ateo	es	wikisource	oeta	1	6	oeta	7.362011
es	wikisource	oeta	1	6	oeta	es	wikisource	ateo	1	224	ateo	7.362011
es	wikisource	abajo la	2	167	abajola	es	wikisource	alojaba	1	62	alojaba	9.267099
es	wikisource	alojaba	1	62	alojaba	es	wikisource	abajo la	2	167	abajola	9.267099
es	wikisource	el río y	3	201	elrioy	es	wikisource	y oírle	2	28	yoirle	8.675564
es	wikisource	y oírle	2	28	yoirle	es	wikisource	el río y	3	201	elrioy	8.675564
es	wikisource	al ne	2	6	alne	es	wikisource	enla	1	222	enla	7.353082
es	wikisource	alsó	1	21	also	es	wikisource	os la	2	207	osla	8.428581
es	wikisource	as el	2	7	asel	es	wikisource	lesa	1	221	lesa	7.482119
es	wikisource	enla	1	222	enla	es	wikisource	al ne	2	6	alne	7.353082
es	wikisource	lesa	1	221	lesa	es	wikisource	as el	2	7	asel	7.482119
es	wikisource	os la	2	207	osla	es	wikisource	alsó	1	21	also	8.428581
es	wikisource	a lo no	3	5	alono	es	wikisource	o no la	3	222	onola	7.198931
es	wikisource	a mí la	3	214	amila	es	wikisource	á lima	2	13	alima	8.009695
es	wikisource	a par	2	197	apar	es	wikisource	rapa	1	30	rapa	8.722254
es	wikisource	adán o	2	6	adano	es	wikisource	o nada	2	221	onada	7.348588
es	wikisource	asel	1	6	asel	es	wikisource	lesa	1	221	lesa	7.348588
es	wikisource	lesa	1	221	lesa	es	wikisource	asel	1	6	asel	7.348588
es	wikisource	o nada	2	221	onada	es	wikisource	adán o	2	6	adano	7.348588
es	wikisource	o no la	3	222	onola	es	wikisource	a lo no	3	5	alono	7.198931
es	wikisource	rapa	1	30	rapa	es	wikisource	a par	2	197	apar	8.722254
es	wikisource	susa y	2	11	susay	es	wikisource	ya sus	2	216	yasus	7.864804
es	wikisource	ya sus	2	216	yasus	es	wikisource	susa y	2	11	susay	7.864804
es	wikisource	á lima	2	13	alima	es	wikisource	a mí la	3	214	amila	8.009695
es	wikisource	a la av	3	8	alaav	es	wikisource	va a la	3	218	vaala	7.586296
es	wikisource	va a la	3	218	vaala	es	wikisource	a la av	3	8	alaav	7.586296
es	wikisource	also	1	18	also	es	wikisource	os la	2	207	osla	8.281977
es	wikisource	e tal	2	14	etal	es	wikisource	late	1	211	late	8.064636
es	wikisource	en er	2	52	ener	es	wikisource	rené	1	173	rene	9.129347
es	wikisource	et non	2	205	etnon	es	wikisource	non te	2	20	nonte	8.372399
es	wikisource	ibas	1	217	ibas	es	wikisource	sabi	1	8	sabi	7.58172
es	wikisource	iuan	1	218	iuan	es	wikisource	naui	1	7	naui	7.468513
es	wikisource	late	1	211	late	es	wikisource	e tal	2	14	etal	8.064636
es	wikisource	nanón	1	215	nanon	es	wikisource	non an	2	10	nonan	7.773174
es	wikisource	naui	1	7	naui	es	wikisource	iuan	1	218	iuan	7.468513
es	wikisource	non an	2	10	nonan	es	wikisource	nanón	1	215	nanon	7.773174
es	wikisource	non te	2	20	nonte	es	wikisource	et non	2	205	etnon	8.372399
es	wikisource	os la	2	207	osla	es	wikisource	also	1	18	also	8.281977
es	wikisource	rené	1	173	rene	es	wikisource	en er	2	52	ener	9.129347
es	wikisource	sabi	1	8	sabi	es	wikisource	ibas	1	217	ibas	7.58172
es	wikisource	al so	2	16	also	es	wikisource	os la	2	207	osla	8.170751
es	wikisource	os la	2	207	osla	es	wikisource	al so	2	16	also	8.170751
es	wikisource	rios	1	210	rios	es	wikisource	soir	1	13	soir	7.990915
es	wikisource	soir	1	13	soir	es	wikisource	rios	1	210	rios	7.990915
es	wikisource	kedar	1	8	kedar	es	wikisource	radek	1	214	radek	7.567863
es	wikisource	radek	1	214	radek	es	wikisource	kedar	1	8	kedar	7.567863
es	wikisource	solos y	2	159	solosy	es	wikisource	y solos	2	63	ysolos	9.234057
es	wikisource	y solos	2	63	ysolos	es	wikisource	solos y	2	159	solosy	9.234057
es	wikisource	el azar	2	212	elazar	es	wikisource	raza le	2	9	razale	7.663877
es	wikisource	el sí	2	208	elsi	es	wikisource	isle	1	13	isle	7.981392
es	wikisource	isle	1	13	isle	es	wikisource	el sí	2	208	elsi	7.981392
es	wikisource	iv el	2	112	ivel	es	wikisource	leví	1	109	levi	9.427868
es	wikisource	leví	1	109	levi	es	wikisource	iv el	2	112	ivel	9.427868
es	wikisource	ones	1	5	ones	es	wikisource	señó	1	216	seno	7.171657
es	wikisource	raza le	2	9	razale	es	wikisource	el azar	2	212	elazar	7.663877
es	wikisource	señó	1	216	seno	es	wikisource	ones	1	5	ones	7.171657
es	wikisource	sólo su	2	203	solosu	es	wikisource	uso los	2	18	usolos	8.262559
es	wikisource	uso los	2	18	usolos	es	wikisource	sólo su	2	203	solosu	8.262559
es	wikisource	ica y	2	8	icay	es	wikisource	y ací	2	212	yaci	7.558517
es	wikisource	iv et	2	8	ivet	es	wikisource	te vi	2	212	tevi	7.558517
es	wikisource	la iv	2	62	laiv	es	wikisource	vi al	2	158	vial	9.212039
es	wikisource	te vi	2	212	tevi	es	wikisource	iv et	2	8	ivet	7.558517
es	wikisource	vi al	2	158	vial	es	wikisource	la iv	2	62	laiv	9.212039
es	wikisource	y ací	2	212	yaci	es	wikisource	ica y	2	8	icay	7.558517
es	wikisource	amáis	1	205	amais	es	wikisource	si ama	2	14	siama	8.035926
es	wikisource	si ama	2	14	siama	es	wikisource	amáis	1	205	amais	8.035926
es	wikisource	a ti las	3	15	atilas	es	wikisource	salita	1	203	salita	8.090709
es	wikisource	adam	1	213	adam	es	wikisource	mada	1	5	mada	7.157735
es	wikisource	de es	2	210	dees	es	wikisource	seed	1	8	seed	7.549083
es	wikisource	mada	1	5	mada	es	wikisource	adam	1	213	adam	7.157735
es	wikisource	oyeres	1	19	oyeres	es	wikisource	seré yo	2	199	sereyo	8.29405
es	wikisource	sait	1	7	sait	es	wikisource	tías	1	211	tias	7.436028
es	wikisource	salita	1	203	salita	es	wikisource	a ti las	3	15	atilas	8.090709
es	wikisource	seed	1	8	seed	es	wikisource	de es	2	210	dees	7.549083
es	wikisource	seré yo	2	199	sereyo	es	wikisource	oyeres	1	19	oyeres	8.29405
es	wikisource	tías	1	211	tias	es	wikisource	sait	1	7	sait	7.436028
es	wikisource	a oro	2	38	aoro	es	wikisource	oro a	2	178	oroa	8.850947
es	wikisource	debo a	2	208	deboa	es	wikisource	á obed	2	8	aobed	7.539559
es	wikisource	oro a	2	178	oroa	es	wikisource	a oro	2	38	aoro	8.850947
es	wikisource	sed y	2	192	sedy	es	wikisource	y des	2	24	ydes	8.481566
es	wikisource	y des	2	24	ydes	es	wikisource	sed y	2	192	sedy	8.481566
es	wikisource	á obed	2	8	aobed	es	wikisource	debo a	2	208	deboa	7.539559
es	wikisource	a amar	2	194	aamar	es	wikisource	rama a	2	21	ramaa	8.364042
es	wikisource	aire el	2	174	aireel	es	wikisource	leería	1	41	leeria	8.902456
es	wikisource	habas	1	196	habas	es	wikisource	sabah	1	19	sabah	8.278936
es	wikisource	leería	1	41	leeria	es	wikisource	aire el	2	174	aireel	8.902456
es	wikisource	rama a	2	21	ramaa	es	wikisource	a amar	2	194	aamar	8.364042
es	wikisource	sabah	1	19	sabah	es	wikisource	habas	1	196	habas	8.278936
es	wikisource	seis y	2	209	seisy	es	wikisource	y sí es	3	6	ysies	7.293018
es	wikisource	y sí es	3	6	ysies	es	wikisource	seis y	2	209	seisy	7.293018
es	wikisource	a bala	2	14	abala	es	wikisource	alaba	1	200	alaba	8.011355
es	wikisource	alaba	1	200	alaba	es	wikisource	a bala	2	14	abala	8.011355
es	wikisource	seria y	2	198	seriay	es	wikisource	y aires	2	16	yaires	8.126518
es	wikisource	y aires	2	16	yaires	es	wikisource	seria y	2	198	seriay	8.126518
es	wikisource	es o no	3	124	esono	es	wikisource	o no sé	3	89	onose	9.328123
es	wikisource	isis	1	114	isis	es	wikisource	sí si	2	99	sisi	9.350102
es	wikisource	o no sé	3	89	onose	es	wikisource	es o no	3	124	esono	9.328123
es	wikisource	sí si	2	99	sisi	es	wikisource	isis	1	114	isis	9.350102
es	wikisource	dilas	1	6	dilas	es	wikisource	salid	1	206	salid	7.278629
es	wikisource	no reír	2	15	noreir	es	wikisource	rieron	1	197	rieron	8.060856
es	wikisource	rieron	1	197	rieron	es	wikisource	no reír	2	15	noreir	8.060856
es	wikisource	salid	1	206	salid	es	wikisource	dilas	1	6	dilas	7.278629
es	wikisource	leon	1	206	leon	es	wikisource	noël	1	5	noel	7.124478
es	wikisource	noël	1	5	noel	es	wikisource	leon	1	206	leon	7.124478
es	wikisource	a res	2	9	ares	es	wikisource	sera	1	201	sera	7.610853
es	wikisource	al amo	2	186	alamo	es	wikisource	ó mala	2	24	omala	8.449984
es	wikisource	amen	1	201	amen	es	wikisource	nema	1	9	nema	7.610853
es	wikisource	amáis	1	205	amais	es	wikisource	sí ama	2	5	siama	7.119636
es	wikisource	nema	1	9	nema	es	wikisource	amen	1	201	amen	7.610853
es	wikisource	sera	1	201	sera	es	wikisource	a res	2	9	ares	7.610853
es	wikisource	sí ama	2	5	siama	es	wikisource	amáis	1	205	amais	7.119636
es	wikisource	ó mala	2	24	omala	es	wikisource	al amo	2	186	alamo	8.449984
es	wikisource	a nay	2	14	anay	es	wikisource	y ana	2	195	yana	7.986165
es	wikisource	atilas	1	6	atilas	es	wikisource	salita	1	203	salita	7.26403
es	wikisource	salita	1	203	salita	es	wikisource	atilas	1	6	atilas	7.26403
es	wikisource	y ana	2	195	yana	es	wikisource	a nay	2	14	anay	7.986165
es	wikisource	a tiro	2	201	atiro	es	wikisource	orita	1	7	orita	7.387709
es	wikisource	e sin	2	36	esin	es	wikisource	ni sé	2	172	nise	8.76421
es	wikisource	etolos	1	20	etolos	es	wikisource	sólo te	2	188	solote	8.286269
es	wikisource	ni sé	2	172	nise	es	wikisource	e sin	2	36	esin	8.76421
es	wikisource	orita	1	7	orita	es	wikisource	a tiro	2	201	atiro	7.387709
es	wikisource	oí los	2	24	oilos	es	wikisource	solio	1	184	solio	8.439232
es	wikisource	solio	1	184	solio	es	wikisource	oí los	2	24	oilos	8.439232
es	wikisource	sólo te	2	188	solote	es	wikisource	etolos	1	20	etolos	8.286269
es	wikisource	a soria	2	12	asoria	es	wikisource	airosa	1	195	airosa	7.843064
es	wikisource	airosa	1	195	airosa	es	wikisource	a soria	2	12	asoria	7.843064
es	wikisource	arañas	1	165	aranas	es	wikisource	sanará	1	42	sanara	8.873188
es	wikisource	es a los	3	77	esalos	es	wikisource	sola se	2	130	solase	9.231906
es	wikisource	oír y	2	186	oiry	es	wikisource	y rió	2	21	yrio	8.322151
es	wikisource	sanará	1	42	sanara	es	wikisource	arañas	1	165	aranas	8.873188
es	wikisource	sola se	2	130	solase	es	wikisource	es a los	3	77	esalos	9.231906
es	wikisource	y rió	2	21	yrio	es	wikisource	oír y	2	186	oiry	8.322151
es	wikisource	a muy	2	198	amuy	es	wikisource	yuma	1	8	yuma	7.490529
es	wikisource	le oyó	2	200	leoyo	es	wikisource	oyó él	2	6	oyoel	7.249215
es	wikisource	leo los	2	7	leolos	es	wikisource	sólo él	2	199	soloel	7.377759
es	wikisource	oyó él	2	6	oyoel	es	wikisource	le oyó	2	200	leoyo	7.249215
es	wikisource	sólo él	2	199	soloel	es	wikisource	leo los	2	7	leolos	7.377759
es	wikisource	yuma	1	8	yuma	es	wikisource	a muy	2	198	amuy	7.490529
es	wikisource	a eso y	3	18	aesoy	es	wikisource	yo sea	2	187	yosea	8.180881
es	wikisource	amar y	2	191	amary	es	wikisource	y rama	2	14	yrama	7.965546
es	wikisource	y rama	2	14	yrama	es	wikisource	amar y	2	191	amary	7.965546
es	wikisource	yo sea	2	187	yosea	es	wikisource	a eso y	3	18	aesoy	8.180881
es	wikisource	alii	1	28	alii	es	wikisource	ii la	2	176	iila	8.543446
es	wikisource	edad es	2	68	edades	es	wikisource	seda de	2	136	sedade	9.154087
es	wikisource	ii la	2	176	iila	es	wikisource	alii	1	28	alii	8.543446
es	wikisource	le vino	2	196	levino	es	wikisource	o nivel	2	8	onivel	7.480428
es	wikisource	o nivel	2	8	onivel	es	wikisource	le vino	2	196	levino	7.480428
es	wikisource	seda de	2	136	sedade	es	wikisource	edad es	2	68	edades	9.154087
es	wikisource	da su	2	192	dasu	es	wikisource	usad	1	11	usad	7.747597
es	wikisource	es reconocer	2	26	esreconocer	es	wikisource	reconocerse	1	177	reconocerse	8.47762
es	wikisource	giró	1	198	giro	es	wikisource	orig	1	5	orig	7.085064
es	wikisource	le los	2	12	lelos	es	wikisource	sol el	2	191	solel	7.822445
es	wikisource	orig	1	5	orig	es	wikisource	giró	1	198	giro	7.085064
es	wikisource	reconocerse	1	177	reconocerse	es	wikisource	es reconocer	2	26	esreconocer	8.47762
es	wikisource	sol el	2	191	solel	es	wikisource	le los	2	12	lelos	7.822445
es	wikisource	usad	1	11	usad	es	wikisource	da su	2	192	dasu	7.747597
es	wikisource	e talle	2	5	etalle	es	wikisource	ella te	2	197	ellate	7.080026
es	wikisource	ella te	2	197	ellate	es	wikisource	e talle	2	5	etalle	7.080026
es	wikisource	mí las	2	174	milas	es	wikisource	salim	1	28	salim	8.532082
es	wikisource	salim	1	28	salim	es	wikisource	mí las	2	174	milas	8.532082
es	wikisource	solet	1	10	solet	es	wikisource	te los	2	192	telos	7.660585
es	wikisource	te los	2	192	telos	es	wikisource	solet	1	10	solet	7.660585
es	wikisource	ni son y	3	7	nisony	es	wikisource	y no sin	3	194	ynosin	7.352441
es	wikisource	y no sin	3	194	ynosin	es	wikisource	ni son y	3	7	nisony	7.352441
es	wikisource	ajos	1	132	ajos	es	wikisource	soja	1	68	soja	9.124456
es	wikisource	imón	1	6	imon	es	wikisource	no mi	2	194	nomi	7.21891
es	wikisource	no mi	2	194	nomi	es	wikisource	imón	1	6	imon	7.21891
es	wikisource	soja	1	68	soja	es	wikisource	ajos	1	132	ajos	9.124456
es	wikisource	ana se	2	192	anase	es	wikisource	es ana	2	7	esana	7.342132
es	wikisource	es ana	2	7	esana	es	wikisource	ana se	2	192	anase	7.342132
es	wikisource	no solos	2	7	nosolos	es	wikisource	sólo son	2	192	soloson	7.342132
es	wikisource	selis	1	148	selis	es	wikisource	siles	1	51	siles	8.95519
es	wikisource	siles	1	51	siles	es	wikisource	selis	1	148	selis	8.95519
es	wikisource	sólo son	2	192	soloson	es	wikisource	no solos	2	7	nosolos	7.342132
es	wikisource	a sí le	3	8	asile	es	wikisource	elisa	1	190	elisa	7.449498
es	wikisource	allá con	2	185	allacon	es	wikisource	no calla	2	13	nocalla	7.864804
es	wikisource	el es	2	174	eles	es	wikisource	sé le	2	24	sele	8.383662
es	wikisource	elisa	1	190	elisa	es	wikisource	a sí le	3	8	asile	7.449498
es	wikisource	no calla	2	13	nocalla	es	wikisource	allá con	2	185	allacon	7.864804
es	wikisource	sé le	2	24	sele	es	wikisource	el es	2	174	eles	8.383662
es	wikisource	y liga	2	21	yliga	es	wikisource	ágil y	2	177	agily	8.272826
es	wikisource	ágil y	2	177	agily	es	wikisource	y liga	2	21	yliga	8.272826
es	wikisource	ama el	2	102	amael	es	wikisource	le ama	2	95	leama	9.199077
es	wikisource	le ama	2	95	leama	es	wikisource	ama el	2	102	amael	9.199077
es	wikisource	lelos	1	6	lelos	es	wikisource	sol el	2	191	solel	7.203406
es	wikisource	o ser	2	181	oser	es	wikisource	reso	1	16	reso	8.03722
es	wikisource	odió	1	17	odio	es	wikisource	oido	1	180	oido	8.088869
es	wikisource	oido	1	180	oido	es	wikisource	odió	1	17	odio	8.088869
es	wikisource	oido	1	180	oido	es	wikisource	ódio	1	17	odio	8.088869
es	wikisource	reso	1	16	reso	es	wikisource	o ser	2	181	oser	8.03722
es	wikisource	sol el	2	191	solel	es	wikisource	lelos	1	6	lelos	7.203406
es	wikisource	ódio	1	17	odio	es	wikisource	oido	1	180	oido	8.088869
es	wikisource	a día	2	177	adia	es	wikisource	aída	1	19	aida	8.177516
es	wikisource	asi le	2	6	asile	es	wikisource	elisa	1	190	elisa	7.198184
es	wikisource	aída	1	19	aida	es	wikisource	a día	2	177	adia	8.177516
es	wikisource	elisa	1	190	elisa	es	wikisource	asi le	2	6	asile	7.198184
es	wikisource	anam	1	24	anam	es	wikisource	mana	1	171	mana	8.36637
es	wikisource	mana	1	171	mana	es	wikisource	anam	1	24	anam	8.36637
es	wikisource	oír y	2	186	oiry	es	wikisource	y rio	2	9	yrio	7.533694
es	wikisource	y rio	2	9	yrio	es	wikisource	oír y	2	186	oiry	7.533694
es	wikisource	al amo	2	186	alamo	es	wikisource	o mal a	3	8	omala	7.428333
es	wikisource	eaces	1	9	eaces	es	wikisource	se cae	2	185	secae	7.528332
es	wikisource	nos le	2	113	nosle	es	wikisource	él son	2	81	elson	9.142918
es	wikisource	o mal a	3	8	omala	es	wikisource	al amo	2	186	alamo	7.428333
es	wikisource	se cae	2	185	secae	es	wikisource	eaces	1	9	eaces	7.528332
es	wikisource	él son	2	81	elson	es	wikisource	nos le	2	113	nosle	9.142918
es	wikisource	alah y	2	181	alahy	es	wikisource	y hala	2	12	yhala	7.768956
es	wikisource	atemos	1	6	atemos	es	wikisource	someta	1	187	someta	7.182352
es	wikisource	someta	1	187	someta	es	wikisource	atemos	1	6	atemos	7.182352
es	wikisource	y hala	2	12	yhala	es	wikisource	alah y	2	181	alahy	7.768956
es	wikisource	a ir al	3	71	airal	es	wikisource	la ría	2	121	laria	9.080687
es	wikisource	adanes	1	18	adanes	es	wikisource	sé nada	2	174	senada	8.109225
es	wikisource	la ría	2	121	laria	es	wikisource	a ir al	3	71	airal	9.080687
es	wikisource	sé nada	2	174	senada	es	wikisource	adanes	1	18	adanes	8.109225
es	wikisource	y yo soy	3	171	yyosoy	es	wikisource	yo soy y	3	21	yosoyy	8.238537
es	wikisource	yo soy y	3	21	yosoyy	es	wikisource	y yo soy	3	171	yyosoy	8.238537
es	wikisource	a día	2	177	adia	es	wikisource	aida	1	14	aida	7.889834
es	wikisource	aida	1	14	aida	es	wikisource	a día	2	177	adia	7.889834
es	wikisource	aleves	1	45	aleves	es	wikisource	se ve la	3	146	sevela	8.819074
es	wikisource	aram	1	45	aram	es	wikisource	mara	1	146	mara	8.819074
es	wikisource	edom	1	107	edom	es	wikisource	mo de	2	84	mode	9.124782
es	wikisource	el es	2	174	eles	es	wikisource	sele	1	17	sele	8.055158
es	wikisource	erit	1	48	erit	es	wikisource	tiré	1	143	tire	8.861634
es	wikisource	eso yo	2	182	esoyo	es	wikisource	oyó se	2	9	oyose	7.512071
es	wikisource	la im	2	12	laim	es	wikisource	mí al	2	179	mial	7.757906
es	wikisource	mara	1	146	mara	es	wikisource	aram	1	45	aram	8.819074
es	wikisource	mo de	2	84	mode	es	wikisource	edom	1	107	edom	9.124782
es	wikisource	mí al	2	179	mial	es	wikisource	la im	2	12	laim	7.757906
es	wikisource	obús	1	49	obus	es	wikisource	subo	1	142	subo	8.874868
es	wikisource	oyó se	2	9	oyose	es	wikisource	eso yo	2	182	esoyo	7.512071
es	wikisource	ríes	1	149	ries	es	wikisource	seir	1	42	seir	8.771835
es	wikisource	se ve la	3	146	sevela	es	wikisource	aleves	1	45	aleves	8.819074
es	wikisource	seir	1	42	seir	es	wikisource	ríes	1	149	ries	8.771835
es	wikisource	sele	1	17	sele	es	wikisource	el es	2	174	eles	8.055158
es	wikisource	subo	1	142	subo	es	wikisource	obús	1	49	obus	8.874868
es	wikisource	tiré	1	143	tire	es	wikisource	erit	1	48	erit	8.861634
es	wikisource	a babor	2	43	ababor	es	wikisource	robaba	1	147	robaba	8.781402
es	wikisource	ni ser	2	185	niser	es	wikisource	resín	1	5	resin	7.017506
es	wikisource	ores	1	11	ores	es	wikisource	ser o	2	179	sero	7.677864
es	wikisource	resín	1	5	resin	es	wikisource	ni ser	2	185	niser	7.017506
es	wikisource	robaba	1	147	robaba	es	wikisource	a babor	2	43	ababor	8.781402
es	wikisource	ser o	2	179	sero	es	wikisource	ores	1	11	ores	7.677864
es	wikisource	a día	2	177	adia	es	wikisource	a ida	2	12	aida	7.746733
es	wikisource	a ida	2	12	aida	es	wikisource	a día	2	177	adia	7.746733
es	wikisource	edit	1	41	edit	es	wikisource	ti de	2	147	tide	8.734882
es	wikisource	nada les	2	167	nadales	es	wikisource	se la dan	3	21	seladan	8.215006
es	wikisource	no de las	3	98	nodelas	es	wikisource	sale don	2	90	saledon	9.105979
es	wikisource	sale don	2	90	saledon	es	wikisource	no de las	3	98	nodelas	9.105979
es	wikisource	se la dan	3	21	seladan	es	wikisource	nada les	2	167	nadales	8.215006
es	wikisource	somos y	2	92	somosy	es	wikisource	y somos	2	96	ysomos	9.10731
es	wikisource	ti de	2	147	tide	es	wikisource	edit	1	41	edit	8.734882
es	wikisource	y somos	2	96	ysomos	es	wikisource	somos y	2	92	somosy	9.10731
es	wikisource	elisa y	2	10	elisay	es	wikisource	y así le	3	177	yasile	7.579679
es	wikisource	lais	1	23	lais	es	wikisource	sí al	2	164	sial	8.283999
es	wikisource	selis	1	148	selis	es	wikisource	sí les	2	39	siles	8.692826
es	wikisource	sí al	2	164	sial	es	wikisource	lais	1	23	lais	8.283999
es	wikisource	sí les	2	39	siles	es	wikisource	selis	1	148	selis	8.692826
es	wikisource	y así le	3	177	yasile	es	wikisource	elisa y	2	10	elisay	7.579679
es	wikisource	adán es	2	12	adanes	es	wikisource	sé nada	2	174	senada	7.729735
es	wikisource	anav	1	34	anav	es	wikisource	van á	2	152	vana	8.585786
es	wikisource	nones	1	150	nones	es	wikisource	se non	2	36	senon	8.628198
es	wikisource	se non	2	36	senon	es	wikisource	nones	1	150	nones	8.628198
es	wikisource	sé nada	2	174	senada	es	wikisource	adán es	2	12	adanes	7.729735
es	wikisource	van á	2	152	vana	es	wikisource	anav	1	34	anav	8.585786
es	wikisource	o dio	2	5	odio	es	wikisource	oido	1	180	oido	6.990257
es	wikisource	oido	1	180	oido	es	wikisource	o dio	2	5	odio	6.990257
es	wikisource	alií	1	7	alii	es	wikisource	ii la	2	176	iila	7.255591
es	wikisource	ama al	2	78	amaal	es	wikisource	la ama	2	105	laama	9.032887
es	wikisource	arañas	1	165	aranas	es	wikisource	sanar a	2	18	sanara	8.056427
es	wikisource	de le	2	178	dele	es	wikisource	el ed	2	5	eled	6.979145
es	wikisource	el ed	2	5	eled	es	wikisource	de le	2	178	dele	6.979145
es	wikisource	et las	2	58	etlas	es	wikisource	salté	1	125	salte	8.913819
es	wikisource	ii la	2	176	iila	es	wikisource	alií	1	7	alii	7.255591
es	wikisource	la ama	2	105	laama	es	wikisource	ama al	2	78	amaal	9.032887
es	wikisource	o nos	2	154	onos	es	wikisource	sono	1	29	sono	8.444622
es	wikisource	salté	1	125	salte	es	wikisource	et las	2	58	etlas	8.913819
es	wikisource	sanar a	2	18	sanara	es	wikisource	arañas	1	165	aranas	8.056427
es	wikisource	sono	1	29	sono	es	wikisource	o nos	2	154	onos	8.444622
es	wikisource	alamo	1	18	alamo	es	wikisource	o mala	2	164	omala	8.050384
es	wikisource	o mala	2	164	omala	es	wikisource	alamo	1	18	alamo	8.050384
es	wikisource	adel	1	71	adel	es	wikisource	leda	1	110	leda	8.986196
es	wikisource	anos	1	151	anos	es	wikisource	son á	2	30	sona	8.457868
es	wikisource	leda	1	110	leda	es	wikisource	adel	1	71	adel	8.986196
es	wikisource	nos los	2	168	noslos	es	wikisource	sol son	2	13	solson	7.768956
es	wikisource	sol son	2	13	solson	es	wikisource	nos los	2	168	noslos	7.768956
es	wikisource	son á	2	30	sona	es	wikisource	anos	1	151	anos	8.457868
es	wikisource	alef	1	12	alef	es	wikisource	fe la	2	168	fela	7.694848
es	wikisource	fe la	2	168	fela	es	wikisource	alef	1	12	alef	7.694848
es	wikisource	haras	1	10	haras	es	wikisource	sarah	1	170	sarah	7.539559
es	wikisource	ihim	1	5	ihim	es	wikisource	mihi	1	175	mihi	6.962243
es	wikisource	le dé las	3	6	ledelas	es	wikisource	sale del	2	174	saledel	7.110696
es	wikisource	mihi	1	175	mihi	es	wikisource	ihim	1	5	ihim	6.962243
es	wikisource	opas	1	5	opas	es	wikisource	sapo	1	175	sapo	6.962243
es	wikisource	oyó los	2	54	oyolos	es	wikisource	sólo yo	2	126	soloyo	8.85152
es	wikisource	sale del	2	174	saledel	es	wikisource	le dé las	3	6	ledelas	7.110696
es	wikisource	sapo	1	175	sapo	es	wikisource	opas	1	5	opas	6.962243
es	wikisource	sarah	1	170	sarah	es	wikisource	haras	1	10	haras	7.539559
es	wikisource	sima y	2	9	simay	es	wikisource	y a mis	3	171	yamis	7.45008
es	wikisource	sólo yo	2	126	soloyo	es	wikisource	oyó los	2	54	oyolos	8.85152
es	wikisource	y a mis	3	171	yamis	es	wikisource	sima y	2	9	simay	7.45008
es	wikisource	es in	2	7	esin	es	wikisource	ni sé	2	172	nise	7.232733
es	wikisource	nato	1	94	nato	es	wikisource	o tan	2	85	otan	9.008224
es	wikisource	ni sé	2	172	nise	es	wikisource	es in	2	7	esin	7.232733
es	wikisource	nos o	2	17	noso	es	wikisource	o son	2	162	oson	7.984122
es	wikisource	o son	2	162	oson	es	wikisource	nos o	2	17	noso	7.984122
es	wikisource	o tan	2	85	otan	es	wikisource	nato	1	94	nato	9.008224
es	wikisource	rama y	2	90	ramay	es	wikisource	y amar	2	89	yamar	9.010669
es	wikisource	y amar	2	89	yamar	es	wikisource	rama y	2	90	ramay	9.010669
es	wikisource	a ley	2	170	aley	es	wikisource	yela	1	8	yela	7.338888
es	wikisource	al oír la	3	172	aloirla	es	wikisource	al río la	3	6	alriola	7.099202
es	wikisource	al río la	3	6	alriola	es	wikisource	al oír la	3	172	aloirla	7.099202
es	wikisource	alah el	2	171	alahel	es	wikisource	le ha la	3	7	lehala	7.226936
es	wikisource	anac	1	8	anac	es	wikisource	cana	1	170	cana	7.338888
es	wikisource	cana	1	170	cana	es	wikisource	anac	1	8	anac	7.338888
es	wikisource	le ha la	3	7	lehala	es	wikisource	alah el	2	171	alahel	7.226936
es	wikisource	nato	1	94	nato	es	wikisource	otan	1	84	otan	8.996528
es	wikisource	otan	1	84	otan	es	wikisource	nato	1	94	nato	8.996528
es	wikisource	río a	2	142	rioa	es	wikisource	á oir	2	36	aoir	8.573763
es	wikisource	yela	1	8	yela	es	wikisource	a ley	2	170	aley	7.338888
es	wikisource	á oir	2	36	aoir	es	wikisource	río a	2	142	rioa	8.573763
es	wikisource	amor á	2	115	amora	es	wikisource	á roma	2	62	aroma	8.896725
es	wikisource	arad	1	9	arad	es	wikisource	dar á	2	168	dara	7.432484
es	wikisource	dar á	2	168	dara	es	wikisource	arad	1	9	arad	7.432484
es	wikisource	la oit	2	144	laoit	es	wikisource	tío al	2	33	tioal	8.503094
es	wikisource	non es	2	141	nones	es	wikisource	se non	2	36	senon	8.566745
es	wikisource	odiar	1	171	odiar	es	wikisource	raido	1	6	raido	7.093405
es	wikisource	raido	1	6	raido	es	wikisource	odiar	1	171	odiar	7.093405
es	wikisource	se non	2	36	senon	es	wikisource	non es	2	141	nones	8.566745
es	wikisource	tío al	2	33	tioal	es	wikisource	la oit	2	144	laoit	8.503094
es	wikisource	á roma	2	62	aroma	es	wikisource	amor á	2	115	amora	8.896725
es	wikisource	a la ma	3	6	alama	es	wikisource	ama la	2	169	amala	7.081709
es	wikisource	ama la	2	169	amala	es	wikisource	a la ma	3	6	alama	7.081709
es	wikisource	soda	1	23	soda	es	wikisource	á dos	2	152	ados	8.208492
es	wikisource	á dos	2	152	ados	es	wikisource	soda	1	23	soda	8.208492
es	wikisource	a dir a	3	6	adira	es	wikisource	árida	1	168	arida	7.075809
es	wikisource	arañas	1	165	aranas	es	wikisource	sanara	1	9	sanara	7.414573
es	wikisource	sanara	1	9	sanara	es	wikisource	arañas	1	165	aranas	7.414573
es	wikisource	árida	1	168	arida	es	wikisource	a dir a	3	6	adira	7.075809
es	wikisource	arroz al	2	5	arrozal	es	wikisource	la zorra	2	167	lazorra	6.915723
es	wikisource	la zorra	2	167	lazorra	es	wikisource	arroz al	2	5	arrozal	6.915723
es	wikisource	no son y	3	12	nosony	es	wikisource	y no son	3	160	ynoson	7.646354
es	wikisource	noso	1	10	noso	es	wikisource	o son	2	162	oson	7.491645
es	wikisource	o son	2	162	oson	es	wikisource	noso	1	10	noso	7.491645
es	wikisource	y no son	3	160	ynoson	es	wikisource	no son y	3	12	nosony	7.646354
es	wikisource	al animal	2	164	alanimal	es	wikisource	la mina la	3	6	laminala	7.051856
es	wikisource	la mina la	3	6	laminala	es	wikisource	al animal	2	164	alanimal	7.051856
es	wikisource	a amor	2	33	aamor	es	wikisource	roma a	2	136	romaa	8.446341
es	wikisource	a lid	2	8	alid	es	wikisource	di la	2	161	dila	7.284821
es	wikisource	airón	1	31	airon	es	wikisource	noria	1	138	noria	8.40021
es	wikisource	al león	2	117	alleon	es	wikisource	no ella	2	52	noella	8.740977
es	wikisource	di la	2	161	dila	es	wikisource	a lid	2	8	alid	7.284821
es	wikisource	día su	2	133	diasu	es	wikisource	usaid	1	36	usaid	8.508758
es	wikisource	et los	2	144	etlos	es	wikisource	sol te	2	25	solte	8.23483
es	wikisource	la mis	2	7	lamis	es	wikisource	si mal	2	162	simal	7.173192
es	wikisource	no ella	2	52	noella	es	wikisource	al león	2	117	alleon	8.740977
es	wikisource	noria	1	138	noria	es	wikisource	airón	1	31	airon	8.40021
es	wikisource	o nos	2	154	onos	es	wikisource	son ó	2	15	sono	7.816014
es	wikisource	roma a	2	136	romaa	es	wikisource	a amor	2	33	aamor	8.446341
es	wikisource	seres y	2	145	seresy	es	wikisource	y seres	2	24	yseres	8.202482
es	wikisource	si mal	2	162	simal	es	wikisource	la mis	2	7	lamis	7.173192
es	wikisource	sol te	2	25	solte	es	wikisource	et los	2	144	etlos	8.23483
es	wikisource	son ó	2	15	sono	es	wikisource	o nos	2	154	onos	7.816014
es	wikisource	usaid	1	36	usaid	es	wikisource	día su	2	133	diasu	8.508758
es	wikisource	y seres	2	24	yseres	es	wikisource	seres y	2	145	seresy	8.202482
es	wikisource	aire va	2	7	aireva	es	wikisource	avería	1	161	averia	7.167038
es	wikisource	avería	1	161	averia	es	wikisource	aire va	2	7	aireva	7.167038
es	wikisource	ii iv y	3	10	iiivy	es	wikisource	y viii	2	158	yviii	7.466799
es	wikisource	no so	2	6	noso	es	wikisource	o son	2	162	oson	7.03966
es	wikisource	o son	2	162	oson	es	wikisource	no so	2	6	noso	7.03966
es	wikisource	ramus	1	10	ramus	es	wikisource	sumar	1	158	sumar	7.466799
es	wikisource	sumar	1	158	sumar	es	wikisource	ramus	1	10	ramus	7.466799
es	wikisource	y viii	2	158	yviii	es	wikisource	ii iv y	3	10	iiivy	7.466799
es	wikisource	sela y	2	10	selay	es	wikisource	ya les	2	157	yales	7.46049
es	wikisource	ya les	2	157	yales	es	wikisource	sela y	2	10	selay	7.46049
es	wikisource	a dar al	3	80	adaral	es	wikisource	la rada	2	86	larada	8.860357
es	wikisource	adonis	1	153	adonis	es	wikisource	si no da	3	13	sinoda	7.67601
es	wikisource	deme	1	160	deme	es	wikisource	e med	2	6	emed	7.027315
es	wikisource	e med	2	6	emed	es	wikisource	deme	1	160	deme	7.027315
es	wikisource	la rada	2	86	larada	es	wikisource	a dar al	3	80	adaral	8.860357
es	wikisource	nuit	1	18	nuit	es	wikisource	ti un	2	148	tiun	7.948385
es	wikisource	si no da	3	13	sinoda	es	wikisource	adonis	1	153	adonis	7.67601
es	wikisource	ti un	2	148	tiun	es	wikisource	nuit	1	18	nuit	7.948385
es	wikisource	alem y	2	8	alemy	es	wikisource	y me la	3	157	ymela	7.25982
es	wikisource	el non	2	47	elnon	es	wikisource	non le	2	118	nonle	8.650325
es	wikisource	non le	2	118	nonle	es	wikisource	el non	2	47	elnon	8.650325
es	wikisource	y me la	3	157	ymela	es	wikisource	alem y	2	8	alemy	7.25982
es	wikisource	ay al	2	10	ayal	es	wikisource	la ya	2	154	laya	7.44132
es	wikisource	la ya	2	154	laya	es	wikisource	ay al	2	10	ayal	7.44132
es	wikisource	nepo	1	26	nepo	es	wikisource	open	1	138	open	8.230311
es	wikisource	no sólo los	3	158	nosololos	es	wikisource	sólo lo son	3	6	sololoson	7.014814
es	wikisource	open	1	138	open	es	wikisource	nepo	1	26	nepo	8.230311
es	wikisource	sólo lo son	3	6	sololoson	es	wikisource	no sólo los	3	158	nosololos	7.014814
es	wikisource	te le	2	96	tele	es	wikisource	él et	2	68	elet	8.808817
es	wikisource	él et	2	68	elet	es	wikisource	te le	2	96	tele	8.808817
es	wikisource	a sam	2	6	asam	es	wikisource	mas á	2	157	masa	7.008505
es	wikisource	dilo	1	154	dilo	es	wikisource	olid	1	9	olid	7.34601
es	wikisource	mas á	2	157	masa	es	wikisource	a sam	2	6	asam	7.008505
es	wikisource	olid	1	9	olid	es	wikisource	dilo	1	154	dilo	7.34601
es	wikisource	a oir	2	20	aoir	es	wikisource	río a	2	142	rioa	8.007367
es	wikisource	alas al	2	53	alasal	es	wikisource	lasala	1	109	lasala	8.689464
es	wikisource	asarta	1	8	asarta	es	wikisource	atrás a	2	154	atrasa	7.24065
es	wikisource	ase con	2	8	asecon	es	wikisource	no cesa	2	154	nocesa	7.24065
es	wikisource	atrás a	2	154	atrasa	es	wikisource	asarta	1	8	asarta	7.24065
es	wikisource	eloy	1	155	eloy	es	wikisource	y olé	2	7	yole	7.129298
es	wikisource	lasala	1	109	lasala	es	wikisource	alas al	2	53	alasal	8.689464
es	wikisource	no cesa	2	154	nocesa	es	wikisource	ase con	2	8	asecon	7.24065
es	wikisource	río a	2	142	rioa	es	wikisource	a oir	2	20	aoir	8.007367
es	wikisource	y olé	2	7	yole	es	wikisource	eloy	1	155	eloy	7.129298
es	wikisource	a daños	2	6	adanos	es	wikisource	soñada	1	155	sonada	6.995766
es	wikisource	al oir	2	96	aloir	es	wikisource	río la	2	65	riola	8.764366
es	wikisource	anam	1	24	anam	es	wikisource	maná	1	137	mana	8.14613
es	wikisource	asi es	2	47	asies	es	wikisource	seis a	2	114	seisa	8.616133
es	wikisource	eloy	1	155	eloy	es	wikisource	yole	1	6	yole	6.995766
es	wikisource	maná	1	137	mana	es	wikisource	anam	1	24	anam	8.14613
es	wikisource	río la	2	65	riola	es	wikisource	al oir	2	96	aloir	8.764366
es	wikisource	seis a	2	114	seisa	es	wikisource	asi es	2	47	asies	8.616133
es	wikisource	soñada	1	155	sonada	es	wikisource	a daños	2	6	adanos	6.995766
es	wikisource	yole	1	6	yole	es	wikisource	eloy	1	155	eloy	6.995766
es	wikisource	aláh	1	108	alah	es	wikisource	ha la	2	52	hala	8.66164
es	wikisource	anos	1	151	anos	es	wikisource	sona	1	9	sona	7.326466
es	wikisource	ataf	1	116	ataf	es	wikisource	fata	1	44	fata	8.568836
es	wikisource	fata	1	44	fata	es	wikisource	ataf	1	116	ataf	8.568836
es	wikisource	ha la	2	52	hala	es	wikisource	aláh	1	108	alah	8.66164
es	wikisource	no doy	2	117	nodoy	es	wikisource	yo don	2	43	yodon	8.554874
es	wikisource	o nos	2	154	onos	es	wikisource	soño	1	6	sono	6.989335
es	wikisource	sona	1	9	sona	es	wikisource	anos	1	151	anos	7.326466
es	wikisource	soño	1	6	sono	es	wikisource	o nos	2	154	onos	6.989335
es	wikisource	yo don	2	43	yodon	es	wikisource	no doy	2	117	nodoy	8.554874
es	wikisource	al oírle	2	139	aloirle	es	wikisource	el río la	3	20	elriola	7.986165
es	wikisource	ana los	2	18	analos	es	wikisource	solana	1	141	solana	7.900266
es	wikisource	ayres	1	136	ayres	es	wikisource	ser y a	3	23	serya	8.098035
es	wikisource	el ley	2	5	elley	es	wikisource	y él le	3	154	yelle	6.835185
es	wikisource	el río la	3	20	elriola	es	wikisource	al oírle	2	139	aloirle	7.986165
es	wikisource	la oyó	2	109	laoyo	es	wikisource	oyó al	2	50	oyoal	8.632306
es	wikisource	me des	2	153	medes	es	wikisource	sedem	1	6	sedem	6.982863
es	wikisource	miles y	2	154	milesy	es	wikisource	y selim	2	5	yselim	6.835185
es	wikisource	oyó al	2	50	oyoal	es	wikisource	la oyó	2	109	laoyo	8.632306
es	wikisource	raro y	2	139	raroy	es	wikisource	y orar	2	20	yorar	7.986165
es	wikisource	sedem	1	6	sedem	es	wikisource	me des	2	153	medes	6.982863
es	wikisource	ser y a	3	23	serya	es	wikisource	ayres	1	136	ayres	8.098035
es	wikisource	solana	1	141	solana	es	wikisource	ana los	2	18	analos	7.900266
es	wikisource	y orar	2	20	yorar	es	wikisource	raro y	2	139	raroy	7.986165
es	wikisource	y selim	2	5	yselim	es	wikisource	miles y	2	154	milesy	6.835185
es	wikisource	y él le	3	154	yelle	es	wikisource	el ley	2	5	elley	6.835185
es	wikisource	amat	1	149	amat	es	wikisource	tama	1	9	tama	7.31322
es	wikisource	tama	1	9	tama	es	wikisource	amat	1	149	amat	7.31322
es	wikisource	a job	2	143	ajob	es	wikisource	boja	1	14	boja	7.677864
es	wikisource	aires el	2	149	airesel	es	wikisource	le seria	2	8	leseria	7.20786
es	wikisource	boja	1	14	boja	es	wikisource	a job	2	143	ajob	7.677864
es	wikisource	ese y	2	59	esey	es	wikisource	y ése	2	98	yese	8.689464
es	wikisource	le seria	2	8	leseria	es	wikisource	aires el	2	149	airesel	7.20786
es	wikisource	nivel y	2	73	nively	es	wikisource	y levin	2	84	ylevin	8.746716
es	wikisource	otis	1	64	otis	es	wikisource	sito	1	93	sito	8.717682
es	wikisource	sito	1	93	sito	es	wikisource	otis	1	64	otis	8.717682
es	wikisource	soporta	1	149	soporta	es	wikisource	átropos	1	8	atropos	7.20786
es	wikisource	y levin	2	84	ylevin	es	wikisource	nivel y	2	73	nively	8.746716
es	wikisource	y ése	2	98	yese	es	wikisource	ese y	2	59	esey	8.689464
es	wikisource	átropos	1	8	atropos	es	wikisource	soporta	1	149	soporta	7.20786
es	wikisource	a dis	2	7	adis	es	wikisource	sida	1	149	sida	7.090077
es	wikisource	a tom	2	77	atom	es	wikisource	mota	1	79	mota	8.738735
es	wikisource	atropos	1	7	atropos	es	wikisource	soporta	1	149	soporta	7.090077
es	wikisource	avis	1	19	avis	es	wikisource	si va	2	137	siva	7.922986
es	wikisource	e don	2	29	edon	es	wikisource	no dé	2	127	node	8.253228
es	wikisource	lamón	1	54	lamon	es	wikisource	no mal	2	102	nomal	8.642062
es	wikisource	mota	1	79	mota	es	wikisource	a tom	2	77	atom	8.738735
es	wikisource	no dé	2	127	node	es	wikisource	e don	2	29	edon	8.253228
es	wikisource	no mal	2	102	nomal	es	wikisource	lamón	1	54	lamon	8.642062
es	wikisource	non le	2	118	nonle	es	wikisource	él non	2	38	elnon	8.442685
es	wikisource	si va	2	137	siva	es	wikisource	avis	1	19	avis	7.922986
es	wikisource	sida	1	149	sida	es	wikisource	a dis	2	7	adis	7.090077
es	wikisource	soporta	1	149	soporta	es	wikisource	atropos	1	7	atropos	7.090077
es	wikisource	él non	2	38	elnon	es	wikisource	non le	2	118	nonle	8.442685
es	wikisource	aten	1	35	aten	es	wikisource	neta	1	120	neta	8.379309
es	wikisource	neta	1	120	neta	es	wikisource	aten	1	35	aten	8.379309
es	wikisource	o ley	2	109	oley	es	wikisource	yelo	1	46	yelo	8.550628
es	wikisource	ríes	1	149	ries	es	wikisource	se ir	2	6	seir	6.956545
es	wikisource	se ir	2	6	seir	es	wikisource	ríes	1	149	ries	6.956545
es	wikisource	yelo	1	46	yelo	es	wikisource	o ley	2	109	oley	8.550628
es	wikisource	arde y	2	49	ardey	es	wikisource	yedra	1	105	yedra	8.575462
es	wikisource	hall	1	143	hall	es	wikisource	llah	1	11	llah	7.45472
es	wikisource	le di las	3	36	ledilas	es	wikisource	salí del	2	118	salidel	8.390041
es	wikisource	llah	1	11	llah	es	wikisource	hall	1	143	hall	7.45472
es	wikisource	salí del	2	118	salidel	es	wikisource	le di las	3	36	ledilas	8.390041
es	wikisource	yedra	1	105	yedra	es	wikisource	arde y	2	49	ardey	8.575462
es	wikisource	avala	1	7	avala	es	wikisource	álava	1	146	alava	7.069874
es	wikisource	isis	1	114	isis	es	wikisource	si si	2	39	sisi	8.433812
es	wikisource	oírle y	2	43	oirley	es	wikisource	y el río	3	110	yelrio	8.49372
es	wikisource	si si	2	39	sisi	es	wikisource	isis	1	114	isis	8.433812
es	wikisource	y el río	3	110	yelrio	es	wikisource	oírle y	2	43	oirley	8.49372
es	wikisource	álava	1	146	alava	es	wikisource	avala	1	7	avala	7.069874
es	wikisource	a peso y	3	5	apesoy	es	wikisource	yo sepa	2	147	yosepa	6.788972
es	wikisource	allá el	2	134	allael	es	wikisource	leal la	2	18	lealla	7.849714
es	wikisource	leal la	2	18	lealla	es	wikisource	allá el	2	134	allael	7.849714
es	wikisource	yo sepa	2	147	yosepa	es	wikisource	a peso y	3	5	apesoy	6.788972
es	wikisource	al rayar	2	123	alrayar	es	wikisource	rayar la	2	28	rayarla	8.187577
es	wikisource	aval a	2	5	avala	es	wikisource	álava	1	146	alava	6.782192
es	wikisource	ayan	1	81	ayan	es	wikisource	naya	1	70	naya	8.669399
es	wikisource	azor	1	51	azor	es	wikisource	roza	1	100	roza	8.566364
es	wikisource	erit	1	48	erit	es	wikisource	tire	1	103	tire	8.536211
es	wikisource	liga y	2	57	ligay	es	wikisource	y ágil	2	94	yagil	8.61432
es	wikisource	naya	1	70	naya	es	wikisource	ayan	1	81	ayan	8.669399
es	wikisource	rayar la	2	28	rayarla	es	wikisource	al rayar	2	123	alrayar	8.187577
es	wikisource	reus	1	140	reus	es	wikisource	suer	1	11	suer	7.433667
es	wikisource	roza	1	100	roza	es	wikisource	azor	1	51	azor	8.566364
es	wikisource	río a	2	142	rioa	es	wikisource	á oír	2	9	aoir	7.26543
es	wikisource	se va y	3	72	sevay	es	wikisource	y aves	2	79	yaves	8.672486
es	wikisource	sones y	2	6	sonesy	es	wikisource	y se nos	3	145	ysenos	6.929517
es	wikisource	suer	1	11	suer	es	wikisource	reus	1	140	reus	7.433667
es	wikisource	tire	1	103	tire	es	wikisource	erit	1	48	erit	8.536211
es	wikisource	y aves	2	79	yaves	es	wikisource	se va y	3	72	sevay	8.672486
es	wikisource	y se nos	3	145	ysenos	es	wikisource	sones y	2	6	sonesy	6.929517
es	wikisource	y ágil	2	94	yagil	es	wikisource	liga y	2	57	ligay	8.61432
es	wikisource	á oír	2	9	aoir	es	wikisource	río a	2	142	rioa	7.26543
es	wikisource	álava	1	146	alava	es	wikisource	aval a	2	5	avala	6.782192
es	wikisource	ana me	2	9	aname	es	wikisource	emana	1	141	emana	7.258412
es	wikisource	asín	1	140	asin	es	wikisource	nisa	1	10	nisa	7.346655
es	wikisource	el reconocer	2	10	elreconocer	es	wikisource	reconocerle	1	140	reconocerle	7.346655
es	wikisource	emana	1	141	emana	es	wikisource	ana me	2	9	aname	7.258412
es	wikisource	mulos	1	124	mulos	es	wikisource	solum	1	26	solum	8.124151
es	wikisource	nisa	1	10	nisa	es	wikisource	asín	1	140	asin	7.346655
es	wikisource	reconocerle	1	140	reconocerle	es	wikisource	el reconocer	2	10	elreconocer	7.346655
es	wikisource	roba sus	2	5	robasus	es	wikisource	su sabor	2	145	susabor	6.775366
es	wikisource	solum	1	26	solum	es	wikisource	mulos	1	124	mulos	8.124151
es	wikisource	su sabor	2	145	susabor	es	wikisource	roba sus	2	5	robasus	6.775366
es	wikisource	des y	2	8	desy	es	wikisource	y sed	2	141	ysed	7.153052
es	wikisource	in is	2	5	inis	es	wikisource	sí ni	2	144	sini	6.768493
es	wikisource	no comer	2	139	nocomer	es	wikisource	remo con	2	10	remocon	7.339538
es	wikisource	raro y	2	139	raroy	es	wikisource	yorar	1	10	yorar	7.339538
es	wikisource	remo con	2	10	remocon	es	wikisource	no comer	2	139	nocomer	7.339538
es	wikisource	salas y	2	114	salasy	es	wikisource	y salas	2	35	ysalas	8.328451
es	wikisource	sole	1	34	sole	es	wikisource	él os	2	115	elos	8.308938
es	wikisource	sí ni	2	144	sini	es	wikisource	in is	2	5	inis	6.768493
es	wikisource	y salas	2	35	ysalas	es	wikisource	salas y	2	114	salasy	8.328451
es	wikisource	y sed	2	141	ysed	es	wikisource	des y	2	8	desy	7.153052
es	wikisource	yorar	1	10	yorar	es	wikisource	raro y	2	139	raroy	7.339538
es	wikisource	él os	2	115	elos	es	wikisource	sole	1	34	sole	8.308938
es	wikisource	a nos	2	118	anos	es	wikisource	son á	2	30	sona	8.213111
es	wikisource	allì	1	8	alli	es	wikisource	illa	1	140	illa	7.145984
es	wikisource	ame y	2	38	amey	es	wikisource	yema	1	110	yema	8.373092
es	wikisource	amo con	2	116	amocon	es	wikisource	no coma	2	32	nocoma	8.258681
es	wikisource	año las	2	92	anolas	es	wikisource	salón a	2	56	salona	8.575651
es	wikisource	illa	1	140	illa	es	wikisource	allì	1	8	alli	7.145984
es	wikisource	no coma	2	32	nocoma	es	wikisource	amo con	2	116	amocon	8.258681
es	wikisource	ram y	2	6	ramy	es	wikisource	y mar	2	142	ymar	6.908755
es	wikisource	salón a	2	56	salona	es	wikisource	año las	2	92	anolas	8.575651
es	wikisource	son á	2	30	sona	es	wikisource	a nos	2	118	anos	8.213111
es	wikisource	y mar	2	142	ymar	es	wikisource	ram y	2	6	ramy	6.908755
es	wikisource	yema	1	110	yema	es	wikisource	ame y	2	38	amey	8.373092
es	wikisource	ara y	2	39	aray	es	wikisource	yara	1	108	yara	8.380227
es	wikisource	et só	2	6	etso	es	wikisource	osté	1	141	oste	6.901737
es	wikisource	ledo y	2	7	ledoy	es	wikisource	yo del	2	140	yodel	7.028201
es	wikisource	odas	1	130	odas	es	wikisource	sado	1	17	sado	7.765569
es	wikisource	osté	1	141	oste	es	wikisource	et só	2	6	etso	6.901737
es	wikisource	sado	1	17	sado	es	wikisource	odas	1	130	odas	7.765569
es	wikisource	yara	1	108	yara	es	wikisource	ara y	2	39	aray	8.380227
es	wikisource	yo del	2	140	yodel	es	wikisource	ledo y	2	7	ledoy	7.028201
es	wikisource	a ojo	2	25	aojo	es	wikisource	ojo a	2	121	ojoa	8.062118
es	wikisource	aportó	1	140	aporto	es	wikisource	o tropa	2	6	otropa	6.89467
es	wikisource	atras	1	25	atras	es	wikisource	sarta	1	121	sarta	8.062118
es	wikisource	aval	1	63	aval	es	wikisource	la va	2	83	lava	8.5897
es	wikisource	la va	2	83	lava	es	wikisource	aval	1	63	aval	8.5897
es	wikisource	o tropa	2	6	otropa	es	wikisource	aportó	1	140	aporto	6.89467
es	wikisource	ojo a	2	121	ojoa	es	wikisource	a ojo	2	25	aojo	8.062118
es	wikisource	sarta	1	121	sarta	es	wikisource	atras	1	25	atras	8.062118
es	wikisource	al ratón	2	18	alraton	es	wikisource	notar la	2	127	notarla	7.796469
es	wikisource	atos	1	22	atos	es	wikisource	sota	1	123	sota	7.955776
es	wikisource	notar la	2	127	notarla	es	wikisource	al ratón	2	18	alraton	7.796469
es	wikisource	sota	1	123	sota	es	wikisource	atos	1	22	atos	7.955776
es	wikisource	ave y	2	63	avey	es	wikisource	y eva	2	81	yeva	8.565602
es	wikisource	es á los	3	14	esalos	es	wikisource	sola se	2	130	solase	7.583248
es	wikisource	sola se	2	130	solase	es	wikisource	es á los	3	14	esalos	7.583248
es	wikisource	y eva	2	81	yeva	es	wikisource	ave y	2	63	avey	8.565602
es	wikisource	álamo	1	120	alamo	es	wikisource	ó mala	2	24	omala	8.014666
es	wikisource	ó mala	2	24	omala	es	wikisource	álamo	1	120	alamo	8.014666
es	wikisource	a roma y	3	90	aromay	es	wikisource	y amor a	3	53	yamora	8.499844
es	wikisource	a vis	2	6	avis	es	wikisource	si va	2	137	siva	6.873164
es	wikisource	ariel	1	126	ariel	es	wikisource	le irá	2	17	leira	7.734559
es	wikisource	iv el	2	112	ivel	es	wikisource	levi	1	31	levi	8.193124
es	wikisource	le irá	2	17	leira	es	wikisource	ariel	1	126	ariel	7.734559
es	wikisource	levi	1	31	levi	es	wikisource	iv el	2	112	ivel	8.193124
es	wikisource	león o	2	24	leono	es	wikisource	o no el	3	119	onoel	8.006368
es	wikisource	o no el	3	119	onoel	es	wikisource	león o	2	24	leono	8.006368
es	wikisource	serey	1	21	serey	es	wikisource	y eres	2	122	yeres	7.903227
es	wikisource	si va	2	137	siva	es	wikisource	a vis	2	6	avis	6.873164
es	wikisource	y amor a	3	53	yamora	es	wikisource	a roma y	3	90	aromay	8.499844
es	wikisource	y el ala	3	14	yelala	es	wikisource	á la ley	3	129	alaley	7.575585
es	wikisource	y eres	2	122	yeres	es	wikisource	serey	1	21	serey	7.903227
es	wikisource	á la ley	3	129	alaley	es	wikisource	y el ala	3	14	yelala	7.575585
es	wikisource	albor	1	125	albor	es	wikisource	robla	1	17	robla	7.726654
es	wikisource	ellas al	2	136	ellasal	es	wikisource	lasalle	1	6	lasalle	6.865891
es	wikisource	lasalle	1	6	lasalle	es	wikisource	ellas al	2	136	ellasal	6.865891
es	wikisource	robla	1	17	robla	es	wikisource	albor	1	125	albor	7.726654
es	wikisource	sí eso	2	105	sieso	es	wikisource	ó seis	2	37	oseis	8.301025
es	wikisource	ó seis	2	37	oseis	es	wikisource	sí eso	2	105	sieso	8.301025
es	wikisource	alah es	2	130	alahes	es	wikisource	se ha la	3	11	sehala	7.360104
es	wikisource	amé y	2	31	amey	es	wikisource	yema	1	110	yema	8.175266
es	wikisource	ese a	2	28	esea	es	wikisource	á ese	2	113	aese	8.103494
es	wikisource	oirás	1	134	oiras	es	wikisource	sario	1	7	sario	6.984716
es	wikisource	sario	1	7	sario	es	wikisource	oirás	1	134	oiras	6.984716
es	wikisource	se ha la	3	11	sehala	es	wikisource	alah es	2	130	alahes	7.360104
es	wikisource	yema	1	110	yema	es	wikisource	amé y	2	31	amey	8.175266
es	wikisource	á ese	2	113	aese	es	wikisource	ese a	2	28	esea	8.103494
es	wikisource	ala llah	2	5	alallah	es	wikisource	halla la	2	135	hallala	6.704414
es	wikisource	ay al	2	10	ayal	es	wikisource	laya	1	130	laya	7.273093
es	wikisource	halla la	2	135	hallala	es	wikisource	ala llah	2	5	alallah	6.704414
es	wikisource	laya	1	130	laya	es	wikisource	ay al	2	10	ayal	7.273093
es	wikisource	o les	2	121	oles	es	wikisource	selo	1	19	selo	7.799753
es	wikisource	selo	1	19	selo	es	wikisource	o les	2	121	oles	7.799753
es	wikisource	ser rey	2	134	serrey	es	wikisource	yerres	1	6	yerres	6.851185
es	wikisource	yerres	1	6	yerres	es	wikisource	ser rey	2	134	serrey	6.851185
es	wikisource	es a las	3	41	esalas	es	wikisource	sala se	2	98	salase	8.332789
es	wikisource	es o no	3	124	esono	es	wikisource	ó no se	3	15	onose	7.600902
es	wikisource	mais	1	114	mais	es	wikisource	siam	1	25	siam	8.003029
es	wikisource	sala se	2	98	salase	es	wikisource	es a las	3	41	esalas	8.332789
es	wikisource	siam	1	25	siam	es	wikisource	mais	1	114	mais	8.003029
es	wikisource	ó no se	3	15	onose	es	wikisource	es o no	3	124	esono	7.600902
es	wikisource	el pus	2	5	elpus	es	wikisource	suple	1	133	suple	6.689599
es	wikisource	suple	1	133	suple	es	wikisource	el pus	2	5	elpus	6.689599
es	wikisource	el lam	2	5	ellam	es	wikisource	mal le	2	132	malle	6.682109
es	wikisource	ido y	2	83	idoy	es	wikisource	yo di	2	54	yodi	8.43815
es	wikisource	mal le	2	132	malle	es	wikisource	el lam	2	5	ellam	6.682109
es	wikisource	yo di	2	54	yodi	es	wikisource	ido y	2	83	idoy	8.43815
es	wikisource	a luz a	3	94	aluza	es	wikisource	azul a	2	42	azula	8.315077
es	wikisource	areo	1	18	areo	es	wikisource	o era	2	118	oera	7.723562
es	wikisource	aro y	2	12	aroy	es	wikisource	y ora	2	124	yora	7.393263
es	wikisource	azul a	2	42	azula	es	wikisource	a luz a	3	94	aluza	8.315077
es	wikisource	medí	1	13	medi	es	wikisource	ídem	1	123	idem	7.459339
es	wikisource	o era	2	118	oera	es	wikisource	areo	1	18	areo	7.723562
es	wikisource	y ora	2	124	yora	es	wikisource	aro y	2	12	aroy	7.393263
es	wikisource	ídem	1	123	idem	es	wikisource	medí	1	13	medi	7.459339
es	wikisource	a letra	2	17	aletra	es	wikisource	arte la	2	118	artela	7.669495
es	wikisource	amo las	2	20	amolas	es	wikisource	saloma	1	115	saloma	7.798113
es	wikisource	arar y	2	15	arary	es	wikisource	y rara	2	120	yrara	7.568379
es	wikisource	arte la	2	118	artela	es	wikisource	a letra	2	17	aletra	7.669495
es	wikisource	aserto	1	123	aserto	es	wikisource	o tres a	3	12	otresa	7.385231
es	wikisource	es oír	2	20	esoir	es	wikisource	río se	2	115	riose	7.798113
es	wikisource	leonís	1	26	leonis	es	wikisource	si no el	3	109	sinoel	7.996317
es	wikisource	o tres a	3	12	otresa	es	wikisource	aserto	1	123	aserto	7.385231
es	wikisource	río se	2	115	riose	es	wikisource	es oír	2	20	esoir	7.798113
es	wikisource	saloma	1	115	saloma	es	wikisource	amo las	2	20	amolas	7.798113
es	wikisource	si no el	3	109	sinoel	es	wikisource	leonís	1	26	leonis	7.996317
es	wikisource	y rara	2	120	yrara	es	wikisource	arar y	2	15	arary	7.568379
es	wikisource	a luna	2	42	aluna	es	wikisource	anula	1	92	anula	8.2938
es	wikisource	a mala	2	41	amala	es	wikisource	al ama	2	93	alama	8.280964
es	wikisource	ajar	1	24	ajar	es	wikisource	rajá	1	110	raja	7.928406
es	wikisource	al ama	2	93	alama	es	wikisource	a mala	2	41	amala	8.280964
es	wikisource	al rio	2	84	alrio	es	wikisource	oir la	2	50	oirla	8.374477
es	wikisource	anula	1	92	anula	es	wikisource	a luna	2	42	aluna	8.2938
es	wikisource	dio y	2	107	dioy	es	wikisource	y oíd	2	27	yoid	8.014336
es	wikisource	oir la	2	50	oirla	es	wikisource	al rio	2	84	alrio	8.374477
es	wikisource	rajá	1	110	raja	es	wikisource	ajar	1	24	ajar	7.928406
es	wikisource	y oíd	2	27	yoid	es	wikisource	dio y	2	107	dioy	8.014336
es	wikisource	a ned	2	29	aned	es	wikisource	den a	2	104	dena	8.055158
es	wikisource	allah	1	127	allah	es	wikisource	hall a	2	6	halla	6.79794
es	wikisource	año los	2	120	anolos	es	wikisource	solón a	2	13	solona	7.434848
es	wikisource	den a	2	104	dena	es	wikisource	a ned	2	29	aned	8.055158
es	wikisource	edón	1	6	edon	es	wikisource	no dé	2	127	node	6.79794
es	wikisource	hall a	2	6	halla	es	wikisource	allah	1	127	allah	6.79794
es	wikisource	no dé	2	127	node	es	wikisource	edón	1	6	edon	6.79794
es	wikisource	solón a	2	13	solona	es	wikisource	año los	2	120	anolos	7.434848
es	wikisource	á eso	2	16	aeso	es	wikisource	ó sea	2	117	osea	7.603898
es	wikisource	ó sea	2	117	osea	es	wikisource	á eso	2	16	aeso	7.603898
es	wikisource	a nur	2	24	anur	es	wikisource	runa	1	108	runa	7.910224
es	wikisource	a tras	2	11	atras	es	wikisource	sarta	1	121	sarta	7.288928
es	wikisource	lea y	2	56	leay	es	wikisource	ya él	2	76	yael	8.386857
es	wikisource	runa	1	108	runa	es	wikisource	a nur	2	24	anur	7.910224
es	wikisource	sarta	1	121	sarta	es	wikisource	a tras	2	11	atras	7.288928
es	wikisource	seré y	2	10	serey	es	wikisource	y eres	2	122	yeres	7.21008
es	wikisource	y eres	2	122	yeres	es	wikisource	seré y	2	10	serey	7.21008
es	wikisource	ya él	2	76	yael	es	wikisource	lea y	2	56	leay	8.386857
es	wikisource	a dafne	2	7	adafne	es	wikisource	enfada	1	124	enfada	6.907755
es	wikisource	a iii	2	39	aiii	es	wikisource	iii a	2	92	iiia	8.221479
es	wikisource	ariel	1	126	ariel	es	wikisource	leira	1	5	leira	6.635947
es	wikisource	enfada	1	124	enfada	es	wikisource	a dafne	2	7	adafne	6.907755
es	wikisource	iii a	2	92	iiia	es	wikisource	a iii	2	39	aiii	8.221479
es	wikisource	leira	1	5	leira	es	wikisource	ariel	1	126	ariel	6.635947
es	wikisource	a sila	2	82	asila	es	wikisource	alisa	1	48	alisa	8.310661
es	wikisource	a tos	2	7	atos	es	wikisource	sota	1	123	sota	6.899723
es	wikisource	agena	1	82	agena	es	wikisource	anega	1	48	anega	8.310661
es	wikisource	aire por	2	113	airepor	es	wikisource	ropería	1	17	roperia	7.62657
es	wikisource	alisa	1	48	alisa	es	wikisource	a sila	2	82	asila	8.310661
es	wikisource	anega	1	48	anega	es	wikisource	agena	1	82	agena	8.310661
es	wikisource	iv el	2	112	ivel	es	wikisource	le ví	2	18	levi	7.671827
es	wikisource	la dan	2	93	ladan	es	wikisource	nadal	1	37	nadal	8.180881
es	wikisource	layas	1	7	layas	es	wikisource	sayal	1	123	sayal	6.899723
es	wikisource	le ví	2	18	levi	es	wikisource	iv el	2	112	ivel	7.671827
es	wikisource	nadal	1	37	nadal	es	wikisource	la dan	2	93	ladan	8.180881
es	wikisource	ropería	1	17	roperia	es	wikisource	aire por	2	113	airepor	7.62657
es	wikisource	sayal	1	123	sayal	es	wikisource	layas	1	7	layas	6.899723
es	wikisource	sota	1	123	sota	es	wikisource	a tos	2	7	atos	6.899723
es	wikisource	el són	2	16	elson	es	wikisource	nos le	2	113	nosle	7.569412
es	wikisource	le amas	2	39	leamas	es	wikisource	samael	1	90	samael	8.199739
es	wikisource	medi	1	6	medi	es	wikisource	ídem	1	123	idem	6.766192
es	wikisource	nos le	2	113	nosle	es	wikisource	el són	2	16	elson	7.569412
es	wikisource	o mas	2	96	omas	es	wikisource	samo	1	33	samo	8.101072
es	wikisource	samael	1	90	samael	es	wikisource	le amas	2	39	leamas	8.199739
es	wikisource	samo	1	33	samo	es	wikisource	o mas	2	96	omas	8.101072
es	wikisource	ídem	1	123	idem	es	wikisource	medi	1	6	medi	6.766192
es	wikisource	a tós	2	5	atos	es	wikisource	sota	1	123	sota	6.612041
es	wikisource	abata	1	14	abata	es	wikisource	ataba	1	114	ataba	7.452982
es	wikisource	alió	1	55	alio	es	wikisource	oí la	2	73	oila	8.329417
es	wikisource	ataba	1	114	ataba	es	wikisource	abata	1	14	abata	7.452982
es	wikisource	atan	1	120	atan	es	wikisource	ñata	1	8	nata	6.993015
es	wikisource	de me	2	122	deme	es	wikisource	e med	2	6	emed	6.758095
es	wikisource	e med	2	6	emed	es	wikisource	de me	2	122	deme	6.758095
es	wikisource	me dí	2	5	medi	es	wikisource	ídem	1	123	idem	6.612041
es	wikisource	o les	2	121	oles	es	wikisource	sélo	1	7	selo	6.883463
es	wikisource	o mal a	3	8	omala	es	wikisource	álamo	1	120	alamo	6.993015
es	wikisource	o seres	2	11	oseres	es	wikisource	ser eso	2	117	sereso	7.255591
es	wikisource	oí la	2	73	oila	es	wikisource	alió	1	55	alio	8.329417
es	wikisource	sama	1	31	sama	es	wikisource	á mas	2	97	amas	8.050703
es	wikisource	ser eso	2	117	sereso	es	wikisource	o seres	2	11	oseres	7.255591
es	wikisource	sota	1	123	sota	es	wikisource	a tós	2	5	atos	6.612041
es	wikisource	sélo	1	7	selo	es	wikisource	o les	2	121	oles	6.883463
es	wikisource	á mas	2	97	amas	es	wikisource	sama	1	31	sama	8.050703
es	wikisource	álamo	1	120	alamo	es	wikisource	o mal a	3	8	omala	6.993015
es	wikisource	ídem	1	123	idem	es	wikisource	me dí	2	5	medi	6.612041
es	wikisource	ñata	1	8	nata	es	wikisource	atan	1	120	atan	6.993015
es	wikisource	a nos	2	118	anos	es	wikisource	sona	1	9	sona	7.081709
es	wikisource	de sal y	3	37	desaly	es	wikisource	y la sed	3	90	ylased	8.148446
es	wikisource	sona	1	9	sona	es	wikisource	a nos	2	118	anos	7.081709
es	wikisource	y la sed	3	90	ylased	es	wikisource	de sal y	3	37	desaly	8.148446
es	wikisource	a ése	2	98	aese	es	wikisource	ese a	2	28	esea	7.962416
es	wikisource	allen	1	112	allen	es	wikisource	nella	1	14	nella	7.435438
es	wikisource	arre	1	109	arre	es	wikisource	erra	1	17	erra	7.590852
es	wikisource	asomos	1	115	asomos	es	wikisource	somos a	2	11	somosa	7.238497
es	wikisource	déme	1	120	deme	es	wikisource	e med	2	6	emed	6.741701
es	wikisource	e med	2	6	emed	es	wikisource	déme	1	120	deme	6.741701
es	wikisource	erra	1	17	erra	es	wikisource	arre	1	109	arre	7.590852
es	wikisource	ese a	2	28	esea	es	wikisource	a ése	2	98	aese	7.962416
es	wikisource	nella	1	14	nella	es	wikisource	allen	1	112	allen	7.435438
es	wikisource	sol e	2	11	sole	es	wikisource	él os	2	115	elos	7.238497
es	wikisource	somos a	2	11	somosa	es	wikisource	asomos	1	115	asomos	7.238497
es	wikisource	él os	2	115	elos	es	wikisource	sol e	2	11	sole	7.238497
es	wikisource	adán a	2	17	adana	es	wikisource	añada	1	108	anada	7.58172
es	wikisource	al azul	2	29	alazul	es	wikisource	luz a la	3	96	luzala	7.975908
es	wikisource	añada	1	108	anada	es	wikisource	adán a	2	17	adana	7.58172
es	wikisource	edad o	2	103	edado	es	wikisource	oda de	2	22	odade	7.779885
es	wikisource	luz a la	3	96	luzala	es	wikisource	al azul	2	29	alazul	7.975908
es	wikisource	oda de	2	22	odade	es	wikisource	edad o	2	103	edado	7.779885
es	wikisource	adán le	2	5	adanle	es	wikisource	él nada	2	119	elnada	6.579251
es	wikisource	aires se	2	113	airesse	es	wikisource	es seria	2	11	esseria	7.221105
es	wikisource	atabal	1	6	atabal	es	wikisource	la bata	2	118	labata	6.725034
es	wikisource	es seria	2	11	esseria	es	wikisource	aires se	2	113	airesse	7.221105
es	wikisource	et si	2	84	etsi	es	wikisource	iste	1	40	iste	8.156223
es	wikisource	iste	1	40	iste	es	wikisource	et si	2	84	etsi	8.156223
es	wikisource	la bata	2	118	labata	es	wikisource	atabal	1	6	atabal	6.725034
es	wikisource	á ese	2	113	aese	es	wikisource	ése a	2	11	esea	7.221105
es	wikisource	él nada	2	119	elnada	es	wikisource	adán le	2	5	adanle	6.579251
es	wikisource	ése a	2	11	esea	es	wikisource	á ese	2	113	aese	7.221105
es	wikisource	aera	1	11	aera	es	wikisource	area	1	112	area	7.212294
es	wikisource	al rey a	3	53	alreya	es	wikisource	ayer la	2	70	ayerla	8.251664
es	wikisource	area	1	112	area	es	wikisource	aera	1	11	aera	7.212294
es	wikisource	aroma y	2	70	aromay	es	wikisource	y amor a	3	53	yamora	8.251664
es	wikisource	ayer la	2	70	ayerla	es	wikisource	al rey a	3	53	alreya	8.251664
es	wikisource	e sea	2	10	esea	es	wikisource	á ese	2	113	aese	7.134094
es	wikisource	ida y	2	109	iday	es	wikisource	ya di	2	14	yadi	7.408531
es	wikisource	isis	1	114	isis	es	wikisource	si sí	2	9	sisi	7.047517
es	wikisource	rada y	2	20	raday	es	wikisource	y a dar	3	103	yadar	7.688913
es	wikisource	sea los	2	65	sealos	es	wikisource	sola es	2	58	solaes	8.267192
es	wikisource	si sí	2	9	sisi	es	wikisource	isis	1	114	isis	7.047517
es	wikisource	sola es	2	58	solaes	es	wikisource	sea los	2	65	sealos	8.267192
es	wikisource	solapa	1	114	solapa	es	wikisource	á palos	2	9	apalos	7.047517
es	wikisource	y a dar	3	103	yadar	es	wikisource	rada y	2	20	raday	7.688913
es	wikisource	y amor a	3	53	yamora	es	wikisource	aroma y	2	70	aromay	8.251664
es	wikisource	ya di	2	14	yadi	es	wikisource	ida y	2	109	iday	7.408531
es	wikisource	á ese	2	113	aese	es	wikisource	e sea	2	10	esea	7.134094
es	wikisource	á palos	2	9	apalos	es	wikisource	solapa	1	114	solapa	7.047517
es	wikisource	a val	2	39	aval	es	wikisource	la va	2	83	lava	8.119696
es	wikisource	aldama	1	117	aldama	es	wikisource	amad la	2	5	amadla	6.562444
es	wikisource	aldama	1	117	aldama	es	wikisource	amadla	1	5	amadla	6.562444
es	wikisource	amad la	2	5	amadla	es	wikisource	aldama	1	117	aldama	6.562444
es	wikisource	amadla	1	5	amadla	es	wikisource	aldama	1	117	aldama	6.562444
es	wikisource	añil	1	112	anil	es	wikisource	liña	1	10	lina	7.125283
es	wikisource	et las	2	58	etlas	es	wikisource	salte	1	64	salte	8.251925
es	wikisource	ines	1	9	ines	es	wikisource	sé ni	2	113	seni	7.038784
es	wikisource	la va	2	83	lava	es	wikisource	a val	2	39	aval	8.119696
es	wikisource	liña	1	10	lina	es	wikisource	añil	1	112	anil	7.125283
es	wikisource	o se le	3	110	osele	es	wikisource	él eso	2	12	eleso	7.27448
es	wikisource	salte	1	64	salte	es	wikisource	et las	2	58	etlas	8.251925
es	wikisource	sois y	2	48	soisy	es	wikisource	y si os	3	74	ysios	8.209308
es	wikisource	sé ni	2	113	seni	es	wikisource	ines	1	9	ines	7.038784
es	wikisource	y si os	3	74	ysios	es	wikisource	sois y	2	48	soisy	8.209308
es	wikisource	él eso	2	12	eleso	es	wikisource	o se le	3	110	osele	7.27448
es	wikisource	oírnos y	2	5	oirnosy	es	wikisource	y sonrió	2	116	ysonrio	6.553933
es	wikisource	sama	1	31	sama	es	wikisource	á más	2	90	amas	7.976595
es	wikisource	y sonrió	2	116	ysonrio	es	wikisource	oírnos y	2	5	oirnosy	6.553933
es	wikisource	á más	2	90	amas	es	wikisource	sama	1	31	sama	7.976595
es	wikisource	a la sed	3	10	alased	es	wikisource	de sala	2	110	desala	7.107425
es	wikisource	de sala	2	110	desala	es	wikisource	a la sed	3	10	alased	7.107425
es	wikisource	se dan a	3	84	sedana	es	wikisource	ánades	1	36	anades	8.053569
es	wikisource	y ése	2	98	yese	es	wikisource	ése y	2	22	esey	7.730614
es	wikisource	ánades	1	36	anades	es	wikisource	se dan a	3	84	sedana	8.053569
es	wikisource	ése y	2	22	esey	es	wikisource	y ése	2	98	yese	7.730614
es	wikisource	a ti a	3	74	atia	es	wikisource	aita	1	45	aita	8.14613
es	wikisource	aduar	1	55	aduar	es	wikisource	rauda	1	64	rauda	8.199739
es	wikisource	aita	1	45	aita	es	wikisource	a ti a	3	74	atia	8.14613
es	wikisource	añades	1	35	anades	es	wikisource	se dan a	3	84	sedana	8.02617
es	wikisource	caput	1	43	caput	es	wikisource	tupac	1	76	tupac	8.127995
es	wikisource	el te	2	66	elte	es	wikisource	et le	2	53	etle	8.193677
es	wikisource	et le	2	53	etle	es	wikisource	el te	2	66	elte	8.193677
es	wikisource	lavo	1	62	lavo	es	wikisource	oval	1	57	oval	8.203578
es	wikisource	mí les	2	12	miles	es	wikisource	selim	1	107	selim	7.247081
es	wikisource	nario	1	10	nario	es	wikisource	oirán	1	109	oiran	7.098376
es	wikisource	oirán	1	109	oiran	es	wikisource	nario	1	10	nario	7.098376
es	wikisource	oval	1	57	oval	es	wikisource	lavo	1	62	lavo	8.203578
es	wikisource	rauda	1	64	rauda	es	wikisource	aduar	1	55	aduar	8.199739
es	wikisource	samo	1	33	samo	es	wikisource	ó mas	2	86	omas	7.992269
es	wikisource	se dan a	3	84	sedana	es	wikisource	añades	1	35	anades	8.02617
es	wikisource	selim	1	107	selim	es	wikisource	mí les	2	12	miles	7.247081
es	wikisource	tupac	1	76	tupac	es	wikisource	caput	1	43	caput	8.127995
es	wikisource	ó mas	2	86	omas	es	wikisource	samo	1	33	samo	7.992269
es	wikisource	a la sal	3	9	alasal	es	wikisource	lasala	1	109	lasala	7.003065
es	wikisource	allá los	2	113	allalos	es	wikisource	sol allá	2	5	solalla	6.527958
es	wikisource	aria	1	88	aria	es	wikisource	á ira	2	30	aira	7.922624
es	wikisource	dio y	2	107	dioy	es	wikisource	y oid	2	11	yoid	7.167038
es	wikisource	lasala	1	109	lasala	es	wikisource	a la sal	3	9	alasal	7.003065
es	wikisource	león es	2	45	leones	es	wikisource	seno el	2	73	senoel	8.132706
es	wikisource	seno el	2	73	senoel	es	wikisource	león es	2	45	leones	8.132706
es	wikisource	sol allá	2	5	solalla	es	wikisource	allá los	2	113	allalos	6.527958
es	wikisource	y oid	2	11	yoid	es	wikisource	dio y	2	107	dioy	7.167038
es	wikisource	á ira	2	30	aira	es	wikisource	aria	1	88	aria	7.922624
es	wikisource	al ojo	2	84	alojo	es	wikisource	ojo la	2	33	ojola	7.969012
es	wikisource	anás y	2	15	anasy	es	wikisource	y sana	2	102	ysana	7.407318
es	wikisource	arión	1	41	arion	es	wikisource	no irá	2	76	noira	8.081475
es	wikisource	eje del	2	40	ejedel	es	wikisource	le dejé	2	77	ledeje	8.070281
es	wikisource	la tres	2	9	latres	es	wikisource	ser tal	2	108	sertal	6.993933
es	wikisource	le dejé	2	77	ledeje	es	wikisource	eje del	2	40	ejedel	8.070281
es	wikisource	no irá	2	76	noira	es	wikisource	arión	1	41	arion	8.081475
es	wikisource	no mis	2	26	nomis	es	wikisource	simon	1	91	simon	7.817625
es	wikisource	ojo la	2	33	ojola	es	wikisource	al ojo	2	84	alojo	7.969012
es	wikisource	ser tal	2	108	sertal	es	wikisource	la tres	2	9	latres	6.993933
es	wikisource	simon	1	91	simon	es	wikisource	no mis	2	26	nomis	7.817625
es	wikisource	son o	2	112	sono	es	wikisource	ó nos	2	5	onos	6.519147
es	wikisource	y sana	2	102	ysana	es	wikisource	anás y	2	15	anasy	7.407318
es	wikisource	ó nos	2	5	onos	es	wikisource	son o	2	112	sono	6.519147
es	wikisource	a van	2	29	avan	es	wikisource	nava	1	87	nava	7.878534
es	wikisource	alanos	1	81	alanos	es	wikisource	son a la	3	35	sonala	7.990238
es	wikisource	alisó	1	17	aliso	es	wikisource	o si la	3	99	osila	7.495542
es	wikisource	anaiv	1	24	anaiv	es	wikisource	viana	1	92	viana	7.751475
es	wikisource	aérea y	2	98	aereay	es	wikisource	y aérea	2	18	yaerea	7.539559
es	wikisource	et a y	3	29	etay	es	wikisource	yate	1	87	yate	7.878534
es	wikisource	leben	1	7	leben	es	wikisource	nébel	1	109	nebel	6.779922
es	wikisource	mil es	2	9	miles	es	wikisource	selim	1	107	selim	6.984716
es	wikisource	nava	1	87	nava	es	wikisource	a van	2	29	avan	7.878534
es	wikisource	nébel	1	109	nebel	es	wikisource	leben	1	7	leben	6.779922
es	wikisource	o si la	3	99	osila	es	wikisource	alisó	1	17	aliso	7.495542
es	wikisource	selim	1	107	selim	es	wikisource	mil es	2	9	miles	6.984716
es	wikisource	son a la	3	35	sonala	es	wikisource	alanos	1	81	alanos	7.990238
es	wikisource	viana	1	92	viana	es	wikisource	anaiv	1	24	anaiv	7.751475
es	wikisource	y aérea	2	18	yaerea	es	wikisource	aérea y	2	98	aereay	7.539559
es	wikisource	yate	1	87	yate	es	wikisource	et a y	3	29	etay	7.878534
es	wikisource	a sala	2	11	asala	es	wikisource	alas a	2	104	alasa	7.138867
es	wikisource	alas a	2	104	alasa	es	wikisource	a sala	2	11	asala	7.138867
es	wikisource	azul al	2	14	azulal	es	wikisource	la luz a	3	101	laluza	7.333023
es	wikisource	de art	2	14	deart	es	wikisource	traed	1	101	traed	7.333023
es	wikisource	la luz a	3	101	laluza	es	wikisource	azul al	2	14	azulal	7.333023
es	wikisource	o más o	3	20	omaso	es	wikisource	os amo	2	95	osamo	7.608871
es	wikisource	os amo	2	95	osamo	es	wikisource	o más o	3	20	omaso	7.608871
es	wikisource	salut	1	16	salut	es	wikisource	tú las	2	99	tulas	7.438384
es	wikisource	traed	1	101	traed	es	wikisource	de art	2	14	deart	7.333023
es	wikisource	tú las	2	99	tulas	es	wikisource	salut	1	16	salut	7.438384
es	wikisource	a mas	2	83	amas	es	wikisource	sama	1	31	sama	7.896553
es	wikisource	arno	1	22	arno	es	wikisource	onra	1	92	onra	7.668094
es	wikisource	el ratón	2	105	elraton	es	wikisource	notarle	1	9	notarle	6.966024
es	wikisource	esa era	2	101	esaera	es	wikisource	áreas e	2	13	arease	7.26403
es	wikisource	eso su	2	72	esosu	es	wikisource	uso se	2	42	usose	8.05166
es	wikisource	notarle	1	9	notarle	es	wikisource	el ratón	2	105	elraton	6.966024
es	wikisource	o tan	2	85	otan	es	wikisource	ñato	1	29	nato	7.855545
es	wikisource	onra	1	92	onra	es	wikisource	arno	1	22	arno	7.668094
es	wikisource	sama	1	31	sama	es	wikisource	a mas	2	83	amas	7.896553
es	wikisource	uso se	2	42	usose	es	wikisource	eso su	2	72	esosu	8.05166
es	wikisource	áreas e	2	13	arease	es	wikisource	esa era	2	101	esaera	7.26403
es	wikisource	ñato	1	29	nato	es	wikisource	o tan	2	85	otan	7.855545
es	wikisource	adra	1	58	adra	es	wikisource	arda	1	55	arda	8.102889
es	wikisource	arda	1	55	arda	es	wikisource	adra	1	58	adra	8.102889
es	wikisource	aron	1	6	aron	es	wikisource	nora	1	107	nora	6.628041
es	wikisource	edom	1	107	edom	es	wikisource	mó de	2	6	mode	6.628041
es	wikisource	mó de	2	6	mode	es	wikisource	edom	1	107	edom	6.628041
es	wikisource	nodo	1	69	nodo	es	wikisource	o don	2	44	odon	8.055158
es	wikisource	nora	1	107	nora	es	wikisource	aron	1	6	aron	6.628041
es	wikisource	o don	2	44	odon	es	wikisource	nodo	1	69	nodo	8.055158
es	wikisource	otan	1	84	otan	es	wikisource	ñato	1	29	nato	7.843849
es	wikisource	ñato	1	29	nato	es	wikisource	otan	1	84	otan	7.843849
es	wikisource	al seis	2	11	alseis	es	wikisource	si es la	3	101	siesla	7.109879
es	wikisource	así os	2	100	asios	es	wikisource	sois a	2	12	soisa	7.18007
es	wikisource	danos	1	100	danos	es	wikisource	sonad	1	12	sonad	7.18007
es	wikisource	edom	1	107	edom	es	wikisource	mode	1	5	mode	6.473891
es	wikisource	mode	1	5	mode	es	wikisource	edom	1	107	edom	6.473891
es	wikisource	naces	1	28	naces	es	wikisource	secan	1	84	secan	7.809947
es	wikisource	ones	1	5	ones	es	wikisource	sé no	2	107	seno	6.473891
es	wikisource	secan	1	84	secan	es	wikisource	naces	1	28	naces	7.809947
es	wikisource	si es la	3	101	siesla	es	wikisource	al seis	2	11	alseis	7.109879
es	wikisource	sois a	2	12	soisa	es	wikisource	así os	2	100	asios	7.18007
es	wikisource	sonad	1	12	sonad	es	wikisource	danos	1	100	danos	7.18007
es	wikisource	sé no	2	107	seno	es	wikisource	ones	1	5	ones	6.473891
es	wikisource	alos	1	50	alos	es	wikisource	so la	2	61	sola	8.05896
es	wikisource	aros	1	91	aros	es	wikisource	sora	1	20	sora	7.566311
es	wikisource	el arroz	2	102	elarroz	es	wikisource	zorra le	2	9	zorrale	6.937314
es	wikisource	la odio	2	11	laodio	es	wikisource	oído al	2	100	oidoal	7.100027
es	wikisource	oído al	2	100	oidoal	es	wikisource	la odio	2	11	laodio	7.100027
es	wikisource	so la	2	61	sola	es	wikisource	alos	1	50	alos	8.05896
es	wikisource	sora	1	20	sora	es	wikisource	aros	1	91	aros	7.566311
es	wikisource	zorra le	2	9	zorrale	es	wikisource	el arroz	2	102	elarroz	6.937314
es	wikisource	atis	1	37	atis	es	wikisource	sita	1	73	sita	7.941651
es	wikisource	sita	1	73	sita	es	wikisource	atis	1	37	atis	7.941651
es	wikisource	a roseta	2	7	aroseta	es	wikisource	atesora	1	102	atesora	6.714171
es	wikisource	a ése	2	98	aese	es	wikisource	ése a	2	11	esea	7.080026
es	wikisource	al oir	2	96	aloir	es	wikisource	rió la	2	13	riola	7.213768
es	wikisource	alabama	1	30	alabama	es	wikisource	amaba la	2	79	amabala	7.816014
es	wikisource	alas a	2	104	alasa	es	wikisource	asa la	2	5	asala	6.44572
es	wikisource	aliso	1	10	aliso	es	wikisource	o si la	3	99	osila	7.003065
es	wikisource	amaba la	2	79	amabala	es	wikisource	alabama	1	30	alabama	7.816014
es	wikisource	asa la	2	5	asala	es	wikisource	alas a	2	104	alasa	6.44572
es	wikisource	atesora	1	102	atesora	es	wikisource	a roseta	2	7	aroseta	6.714171
es	wikisource	matón	1	104	maton	es	wikisource	notam	1	5	notam	6.44572
es	wikisource	notam	1	5	notam	es	wikisource	matón	1	104	maton	6.44572
es	wikisource	o si la	3	99	osila	es	wikisource	aliso	1	10	aliso	7.003065
es	wikisource	rió la	2	13	riola	es	wikisource	al oir	2	96	aloir	7.213768
es	wikisource	ése a	2	11	esea	es	wikisource	a ése	2	98	aese	7.080026
es	wikisource	a ése	2	98	aese	es	wikisource	e sea	2	10	esea	6.993015
es	wikisource	al oírla	2	102	aloirla	es	wikisource	al río la	3	6	alriola	6.580639
es	wikisource	al río la	3	6	alriola	es	wikisource	al oírla	2	102	aloirla	6.580639
es	wikisource	año las	2	92	anolas	es	wikisource	salona	1	16	salona	7.365813
es	wikisource	e sea	2	10	esea	es	wikisource	a ése	2	98	aese	6.993015
es	wikisource	eso non	2	6	esonon	es	wikisource	no no se	3	102	nonose	6.580639
es	wikisource	la ta	2	13	lata	es	wikisource	á tal	2	95	atal	7.203406
es	wikisource	no no se	3	102	nonose	es	wikisource	eso non	2	6	esonon	6.580639
es	wikisource	rota y	2	98	rotay	es	wikisource	yátor	1	10	yator	6.993015
es	wikisource	salona	1	16	salona	es	wikisource	año las	2	92	anolas	7.365813
es	wikisource	yátor	1	10	yator	es	wikisource	rota y	2	98	rotay	6.993015
es	wikisource	á tal	2	95	atal	es	wikisource	la ta	2	13	lata	7.203406
es	wikisource	al odio	2	101	alodio	es	wikisource	oido la	2	6	oidola	6.570883
es	wikisource	amara	1	99	amara	es	wikisource	á rama	2	8	arama	6.802395
es	wikisource	ames	1	94	ames	es	wikisource	sema	1	13	sema	7.192934
es	wikisource	artois	1	12	artois	es	wikisource	si otra	2	95	siotra	7.129298
es	wikisource	aseo y	2	80	aseoy	es	wikisource	yo esa	2	27	yoesa	7.726654
es	wikisource	elli	1	23	elli	es	wikisource	ille	1	84	ille	7.620705
es	wikisource	helas	1	20	helas	es	wikisource	saleh	1	87	saleh	7.521859
es	wikisource	ille	1	84	ille	es	wikisource	elli	1	23	elli	7.620705
es	wikisource	leonés	1	34	leones	es	wikisource	seno el	2	73	senoel	7.859413
es	wikisource	na nu	2	9	nanu	es	wikisource	unan	1	98	unan	6.897705
es	wikisource	no dá	2	6	noda	es	wikisource	á don	2	101	adon	6.570883
es	wikisource	oido la	2	6	oidola	es	wikisource	al odio	2	101	alodio	6.570883
es	wikisource	saleh	1	87	saleh	es	wikisource	helas	1	20	helas	7.521859
es	wikisource	sema	1	13	sema	es	wikisource	ames	1	94	ames	7.192934
es	wikisource	seno el	2	73	senoel	es	wikisource	leonés	1	34	leones	7.859413
es	wikisource	si otra	2	95	siotra	es	wikisource	artois	1	12	artois	7.129298
es	wikisource	unan	1	98	unan	es	wikisource	na nu	2	9	nanu	6.897705
es	wikisource	yo esa	2	27	yoesa	es	wikisource	aseo y	2	80	aseoy	7.726654
es	wikisource	á don	2	101	adon	es	wikisource	no dá	2	6	noda	6.570883
es	wikisource	á rama	2	8	arama	es	wikisource	amara	1	99	amara	6.802395
es	wikisource	aries	1	101	aries	es	wikisource	se ira	2	5	seira	6.416732
es	wikisource	aííi	1	14	aiii	es	wikisource	iii a	2	92	iiia	7.24065
es	wikisource	edipo	1	101	edipo	es	wikisource	o pide	2	5	opide	6.416732
es	wikisource	eram	1	14	eram	es	wikisource	mare	1	92	mare	7.24065
es	wikisource	es á las	3	8	esalas	es	wikisource	sala se	2	98	salase	6.792344
es	wikisource	esa era	2	101	esaera	es	wikisource	área se	2	5	arease	6.416732
es	wikisource	iii a	2	92	iiia	es	wikisource	aííi	1	14	aiii	7.24065
es	wikisource	mare	1	92	mare	es	wikisource	eram	1	14	eram	7.24065
es	wikisource	o pide	2	5	opide	es	wikisource	edipo	1	101	edipo	6.416732
es	wikisource	sala se	2	98	salase	es	wikisource	es á las	3	8	esalas	6.792344
es	wikisource	se ira	2	5	seira	es	wikisource	aries	1	101	aries	6.416732
es	wikisource	área se	2	5	arease	es	wikisource	esa era	2	101	esaera	6.416732
es	wikisource	a la rama	3	53	alarama	es	wikisource	amar a la	3	52	amarala	7.959276
es	wikisource	amar a la	3	52	amarala	es	wikisource	a la rama	3	53	alarama	7.959276
es	wikisource	es a su	3	61	esasu	es	wikisource	usase	1	44	usase	7.933797
es	wikisource	la sal y	3	57	lasaly	es	wikisource	y la sal	3	48	ylasal	7.952263
es	wikisource	limo	1	77	limo	es	wikisource	o mil	2	28	omil	7.724005
es	wikisource	manu	1	61	manu	es	wikisource	unam	1	44	unam	7.933797
es	wikisource	nono	1	69	nono	es	wikisource	o non	2	36	onon	7.859413
es	wikisource	o mil	2	28	omil	es	wikisource	limo	1	77	limo	7.724005
es	wikisource	o non	2	36	onon	es	wikisource	nono	1	69	nono	7.859413
es	wikisource	unam	1	44	unam	es	wikisource	manu	1	61	manu	7.933797
es	wikisource	usase	1	44	usase	es	wikisource	es a su	3	61	esasu	7.933797
es	wikisource	y la sal	3	48	ylasal	es	wikisource	la sal y	3	57	lasaly	7.952263
es	wikisource	al oir	2	96	aloir	es	wikisource	rio la	2	8	riola	6.771936
es	wikisource	anotar	1	99	anotar	es	wikisource	ratona	1	5	ratona	6.39693
es	wikisource	eton	1	21	eton	es	wikisource	note	1	83	note	7.521859
es	wikisource	note	1	83	note	es	wikisource	eton	1	21	eton	7.521859
es	wikisource	ratona	1	5	ratona	es	wikisource	anotar	1	99	anotar	6.39693
es	wikisource	rio la	2	8	riola	es	wikisource	al oir	2	96	aloir	6.771936
es	wikisource	a luz a	3	94	aluza	es	wikisource	azula	1	9	azula	6.856462
es	wikisource	ajam	1	5	ajam	es	wikisource	maja	1	98	maja	6.386879
es	wikisource	ama él	2	8	amael	es	wikisource	le ama	2	95	leama	6.761573
es	wikisource	azula	1	9	azula	es	wikisource	a luz a	3	94	aluza	6.856462
es	wikisource	lata y	2	25	latay	es	wikisource	y a tal	3	78	yatal	7.627544
es	wikisource	le ama	2	95	leama	es	wikisource	ama él	2	8	amael	6.761573
es	wikisource	maja	1	98	maja	es	wikisource	ajam	1	5	ajam	6.386879
es	wikisource	o si es	3	89	osies	es	wikisource	seis ó	2	14	seiso	7.20786
es	wikisource	rasis	1	92	rasis	es	wikisource	sisar	1	11	sisar	7.017506
es	wikisource	seis ó	2	14	seiso	es	wikisource	o si es	3	89	osies	7.20786
es	wikisource	sisar	1	11	sisar	es	wikisource	rasis	1	92	rasis	7.017506
es	wikisource	y a tal	3	78	yatal	es	wikisource	lata y	2	25	latay	7.627544
es	wikisource	a ira	2	14	aira	es	wikisource	aria	1	88	aria	7.196687
es	wikisource	a saco	2	40	asaco	es	wikisource	o casa	2	62	ocasa	7.856707
es	wikisource	a sanes	2	7	asanes	es	wikisource	señas a	2	95	senasa	6.64379
es	wikisource	aria	1	88	aria	es	wikisource	a ira	2	14	aira	7.196687
es	wikisource	arión	1	41	arion	es	wikisource	no ir a	3	61	noira	7.864804
es	wikisource	ay es	2	9	ayes	es	wikisource	sé ya	2	93	seya	6.84588
es	wikisource	de sin	2	90	desin	es	wikisource	ni sed	2	12	nised	7.075809
es	wikisource	le da por	3	57	ledapor	es	wikisource	ropa del	2	45	ropadel	7.889084
es	wikisource	lirones	1	12	lirones	es	wikisource	señoril	1	90	senoril	7.075809
es	wikisource	ni sed	2	12	nised	es	wikisource	de sin	2	90	desin	7.075809
es	wikisource	no ir a	3	61	noira	es	wikisource	arión	1	41	arion	7.864804
es	wikisource	o casa	2	62	ocasa	es	wikisource	a saco	2	40	asaco	7.856707
es	wikisource	ropa del	2	45	ropadel	es	wikisource	le da por	3	57	ledapor	7.889084
es	wikisource	señas a	2	95	senasa	es	wikisource	a sanes	2	7	asanes	6.64379
es	wikisource	señoril	1	90	senoril	es	wikisource	lirones	1	12	lirones	7.075809
es	wikisource	sé ya	2	93	seya	es	wikisource	ay es	2	9	ayes	6.84588
es	wikisource	a ese don	3	7	aesedon	es	wikisource	no desea	2	94	nodesea	6.633318
es	wikisource	a iv y	3	27	aivy	es	wikisource	y vi a	3	74	yvia	7.649693
es	wikisource	a paz	2	27	apaz	es	wikisource	zapa	1	74	zapa	7.649693
es	wikisource	atinar	1	95	atinar	es	wikisource	ranita	1	6	ranita	6.510258
es	wikisource	edad el	2	71	edadel	es	wikisource	le da de	3	30	ledade	7.710653
es	wikisource	le da de	3	30	ledade	es	wikisource	edad el	2	71	edadel	7.710653
es	wikisource	ley son	2	94	leyson	es	wikisource	nos y el	3	7	nosyel	6.633318
es	wikisource	no desea	2	94	nodesea	es	wikisource	a ese don	3	7	aesedon	6.633318
es	wikisource	nos y el	3	7	nosyel	es	wikisource	ley son	2	94	leyson	6.633318
es	wikisource	ramo y	2	81	ramoy	es	wikisource	y omar	2	20	yomar	7.451242
es	wikisource	ranita	1	6	ranita	es	wikisource	atinar	1	95	atinar	6.510258
es	wikisource	sanas y	2	73	sanasy	es	wikisource	y sanas	2	28	ysanas	7.671361
es	wikisource	sartas	1	96	sartas	es	wikisource	satras	1	5	satras	6.36647
es	wikisource	satras	1	5	satras	es	wikisource	sartas	1	96	sartas	6.36647
es	wikisource	silos	1	69	silos	es	wikisource	solis	1	32	solis	7.745003
es	wikisource	solis	1	32	solis	es	wikisource	silos	1	69	silos	7.745003
es	wikisource	y omar	2	20	yomar	es	wikisource	ramo y	2	81	ramoy	7.451242
es	wikisource	y sanas	2	28	ysanas	es	wikisource	sanas y	2	73	sanasy	7.671361
es	wikisource	y vi a	3	74	yvia	es	wikisource	a iv y	3	27	aivy	7.649693
es	wikisource	zapa	1	74	zapa	es	wikisource	a paz	2	27	apaz	7.649693
es	wikisource	a lady	2	57	alady	es	wikisource	y da la	3	43	ydala	7.844633
es	wikisource	ah es	2	47	ahes	es	wikisource	se há	2	53	seha	7.860185
es	wikisource	ajar	1	24	ajar	es	wikisource	raja	1	76	raja	7.562681
es	wikisource	ames	1	94	ames	es	wikisource	se ma	2	6	sema	6.499787
es	wikisource	ayer le	2	47	ayerle	es	wikisource	el rey á	3	53	elreya	7.860185
es	wikisource	edad es	2	68	edades	es	wikisource	se da de	3	32	sedade	7.730614
es	wikisource	el rey á	3	53	elreya	es	wikisource	ayer le	2	47	ayerle	7.860185
es	wikisource	eses	1	90	eses	es	wikisource	sese	1	10	sese	6.908755
es	wikisource	raja	1	76	raja	es	wikisource	ajar	1	24	ajar	7.562681
es	wikisource	se da de	3	32	sedade	es	wikisource	edad es	2	68	edades	7.730614
es	wikisource	se há	2	53	seha	es	wikisource	ah es	2	47	ahes	7.860185
es	wikisource	se ma	2	6	sema	es	wikisource	ames	1	94	ames	6.499787
es	wikisource	seit	1	8	seit	es	wikisource	ti es	2	92	ties	6.729824
es	wikisource	sese	1	10	sese	es	wikisource	eses	1	90	eses	6.908755
es	wikisource	ti es	2	92	ties	es	wikisource	seit	1	8	seit	6.729824
es	wikisource	y da la	3	43	ydala	es	wikisource	a lady	2	57	alady	7.844633
es	wikisource	a sam	2	6	asam	es	wikisource	más á	2	93	masa	6.489205
es	wikisource	al ama	2	93	alama	es	wikisource	amala	1	6	amala	6.489205
es	wikisource	al ama	2	93	alama	es	wikisource	ámala	1	6	amala	6.489205
es	wikisource	amala	1	6	amala	es	wikisource	al ama	2	93	alama	6.489205
es	wikisource	ese el	2	92	eseel	es	wikisource	léese	1	7	leese	6.612041
es	wikisource	latin	1	45	latin	es	wikisource	ni tal	2	54	nital	7.835975
es	wikisource	léese	1	7	leese	es	wikisource	ese el	2	92	eseel	6.612041
es	wikisource	más á	2	93	masa	es	wikisource	a sam	2	6	asam	6.489205
es	wikisource	nato	1	94	nato	es	wikisource	ó tan	2	5	otan	6.345636
es	wikisource	ni tal	2	54	nital	es	wikisource	latin	1	45	latin	7.835975
es	wikisource	ropa los	2	14	ropalos	es	wikisource	sola por	2	85	solapor	7.162397
es	wikisource	sola por	2	85	solapor	es	wikisource	ropa los	2	14	ropalos	7.162397
es	wikisource	ámala	1	6	amala	es	wikisource	al ama	2	93	alama	6.489205
es	wikisource	ó tan	2	5	otan	es	wikisource	nato	1	94	nato	6.345636
es	wikisource	e tres	2	27	etres	es	wikisource	serte	1	71	serte	7.608871
es	wikisource	eje del	2	40	ejedel	es	wikisource	le deje	2	58	ledeje	7.79111
es	wikisource	es ó no	3	9	esono	es	wikisource	o no sé	3	89	onose	6.802395
es	wikisource	ese el	2	92	eseel	es	wikisource	lee se	2	6	leese	6.47851
es	wikisource	eses	1	90	eses	es	wikisource	sesé	1	8	sese	6.708084
es	wikisource	le deje	2	58	ledeje	es	wikisource	eje del	2	40	ejedel	7.79111
es	wikisource	lee se	2	6	leese	es	wikisource	ese el	2	92	eseel	6.47851
es	wikisource	leonís	1	26	leonis	es	wikisource	sino él	2	72	sinoel	7.586296
es	wikisource	o no sé	3	89	onose	es	wikisource	es ó no	3	9	esono	6.802395
es	wikisource	oidos	1	66	oidos	es	wikisource	sodio	1	32	sodio	7.7012
es	wikisource	port	1	74	port	es	wikisource	trop	1	24	trop	7.536364
es	wikisource	serte	1	71	serte	es	wikisource	e tres	2	27	etres	7.608871
es	wikisource	sesé	1	8	sese	es	wikisource	eses	1	90	eses	6.708084
es	wikisource	sino él	2	72	sinoel	es	wikisource	leonís	1	26	leonis	7.586296
es	wikisource	sodio	1	32	sodio	es	wikisource	oidos	1	66	oidos	7.7012
es	wikisource	trop	1	24	trop	es	wikisource	port	1	74	port	7.536364
es	wikisource	aluna	1	5	aluna	es	wikisource	anula	1	92	anula	6.324359
es	wikisource	anula	1	92	anula	es	wikisource	aluna	1	5	aluna	6.324359
es	wikisource	anís a	2	5	anisa	es	wikisource	asina	1	92	asina	6.324359
es	wikisource	asina	1	92	asina	es	wikisource	anís a	2	5	anisa	6.324359
es	wikisource	e val	2	43	eval	es	wikisource	lave	1	54	lave	7.791523
es	wikisource	hélas	1	10	helas	es	wikisource	saleh	1	87	saleh	6.875232
es	wikisource	id al	2	25	idal	es	wikisource	la di	2	72	ladi	7.548556
es	wikisource	la di	2	72	ladi	es	wikisource	id al	2	25	idal	7.548556
es	wikisource	lave	1	54	lave	es	wikisource	e val	2	43	eval	7.791523
es	wikisource	no sus	2	76	nosus	es	wikisource	su son	2	21	suson	7.434848
es	wikisource	saleh	1	87	saleh	es	wikisource	hélas	1	10	helas	6.875232
es	wikisource	su son	2	21	suson	es	wikisource	no sus	2	76	nosus	7.434848
es	wikisource	a des	2	23	ades	es	wikisource	se dá	2	73	seda	7.482119
es	wikisource	aire los	2	89	airelos	es	wikisource	solería	1	7	soleria	6.579251
es	wikisource	alá se	2	8	alase	es	wikisource	esa la	2	88	esala	6.685861
es	wikisource	esa la	2	88	esala	es	wikisource	alá se	2	8	alase	6.685861
es	wikisource	halláis	1	91	hallais	es	wikisource	si allah	2	5	siallah	6.313548
es	wikisource	leyó y	2	49	leyoy	es	wikisource	yo y el	3	47	yoyel	7.783224
es	wikisource	nam et	2	5	namet	es	wikisource	teman	1	91	teman	6.313548
es	wikisource	oyó los	2	54	oyolos	es	wikisource	solo yo	2	42	soloyo	7.768533
es	wikisource	samo	1	33	samo	es	wikisource	ó más	2	63	omas	7.685244
es	wikisource	se dá	2	73	seda	es	wikisource	a des	2	23	ades	7.482119
es	wikisource	si allah	2	5	siallah	es	wikisource	halláis	1	91	hallais	6.313548
es	wikisource	solería	1	7	soleria	es	wikisource	aire los	2	89	airelos	6.579251
es	wikisource	solo yo	2	42	soloyo	es	wikisource	oyó los	2	54	oyolos	7.768533
es	wikisource	teman	1	91	teman	es	wikisource	nam et	2	5	namet	6.313548
es	wikisource	yo y el	3	47	yoyel	es	wikisource	leyó y	2	49	leyoy	7.783224
es	wikisource	ó más	2	63	omas	es	wikisource	samo	1	33	samo	7.685244
es	wikisource	a les	2	27	ales	es	wikisource	sela	1	68	sela	7.566311
es	wikisource	a tit	2	5	atit	es	wikisource	tita	1	90	tita	6.302619
es	wikisource	adel	1	71	adel	es	wikisource	le dá	2	24	leda	7.495542
es	wikisource	aira	1	7	aira	es	wikisource	aria	1	88	aria	6.568078
es	wikisource	ala se	2	7	alase	es	wikisource	esa la	2	88	esala	6.568078
es	wikisource	amoral	1	13	amoral	es	wikisource	la roma	2	82	laroma	7.057898
es	wikisource	aria	1	88	aria	es	wikisource	aira	1	7	aira	6.568078
es	wikisource	açotes	1	9	acotes	es	wikisource	se toca	2	86	setoca	6.768493
es	wikisource	esa la	2	88	esala	es	wikisource	ala se	2	7	alase	6.568078
es	wikisource	iii o	2	21	iiio	es	wikisource	o iii	2	74	oiii	7.408531
es	wikisource	la roma	2	82	laroma	es	wikisource	amoral	1	13	amoral	7.057898
es	wikisource	le dá	2	24	leda	es	wikisource	adel	1	71	adel	7.495542
es	wikisource	o iii	2	74	oiii	es	wikisource	iii o	2	21	iiio	7.408531
es	wikisource	o no y	3	76	onoy	es	wikisource	y o no	3	19	yono	7.339538
es	wikisource	se toca	2	86	setoca	es	wikisource	açotes	1	9	acotes	6.768493
es	wikisource	sela	1	68	sela	es	wikisource	a les	2	27	ales	7.566311
es	wikisource	tita	1	90	tita	es	wikisource	a tit	2	5	atit	6.302619
es	wikisource	y o no	3	19	yono	es	wikisource	o no y	3	76	onoy	7.339538
es	wikisource	a ti por	3	59	atipor	es	wikisource	ropita	1	35	ropita	7.677864
es	wikisource	al oido	2	17	aloido	es	wikisource	odio la	2	77	odiola	7.247081
es	wikisource	al rio	2	84	alrio	es	wikisource	oirla	1	10	oirla	6.840547
es	wikisource	azar y	2	69	azary	es	wikisource	y raza	2	25	yraza	7.506592
es	wikisource	dar o	2	58	daro	es	wikisource	orad	1	36	orad	7.688455
es	wikisource	else	1	25	else	es	wikisource	es le	2	69	esle	7.506592
es	wikisource	erdo	1	7	erdo	es	wikisource	odre	1	87	odre	6.556778
es	wikisource	es le	2	69	esle	es	wikisource	else	1	25	else	7.506592
es	wikisource	levin y	2	64	leviny	es	wikisource	y nivel	2	30	ynivel	7.608374
es	wikisource	niso	1	55	niso	es	wikisource	ó sin	2	39	osin	7.714231
es	wikisource	odio la	2	77	odiola	es	wikisource	al oido	2	17	aloido	7.247081
es	wikisource	odre	1	87	odre	es	wikisource	erdo	1	7	erdo	6.556778
es	wikisource	oirla	1	10	oirla	es	wikisource	al rio	2	84	alrio	6.840547
es	wikisource	orad	1	36	orad	es	wikisource	dar o	2	58	daro	7.688455
es	wikisource	ropita	1	35	ropita	es	wikisource	a ti por	3	59	atipor	7.677864
es	wikisource	tele	1	26	tele	es	wikisource	él et	2	68	elet	7.529943
es	wikisource	xix xx	2	7	xixxx	es	wikisource	xxxix	1	87	xxxix	6.556778
es	wikisource	xxxix	1	87	xxxix	es	wikisource	xix xx	2	7	xixxx	6.556778
es	wikisource	y nivel	2	30	ynivel	es	wikisource	levin y	2	64	leviny	7.608374
es	wikisource	y raza	2	25	yraza	es	wikisource	azar y	2	69	azary	7.506592
es	wikisource	él et	2	68	elet	es	wikisource	tele	1	26	tele	7.529943
es	wikisource	ó sin	2	39	osin	es	wikisource	niso	1	55	niso	7.714231
es	wikisource	a reconocer la	3	59	areconocerla	es	wikisource	al reconocer a	3	34	alreconocera	7.649693
es	wikisource	a sea	2	13	asea	es	wikisource	á esa	2	80	aesa	7.033506
es	wikisource	ades	1	20	ades	es	wikisource	se dá	2	73	seda	7.348588
es	wikisource	al reconocer a	3	34	alreconocera	es	wikisource	a reconocer la	3	59	areconocerla	7.649693
es	wikisource	amará	1	85	amara	es	wikisource	á rama	2	8	arama	6.651572
es	wikisource	aria	1	88	aria	es	wikisource	á ir á	3	5	aira	6.280396
es	wikisource	arran	1	5	arran	es	wikisource	narra	1	88	narra	6.280396
es	wikisource	narra	1	88	narra	es	wikisource	arran	1	5	arran	6.280396
es	wikisource	o dar	2	82	odar	es	wikisource	rado	1	11	rado	6.903747
es	wikisource	oir y	2	17	oiry	es	wikisource	y río	2	76	yrio	7.234177
es	wikisource	ovales	1	11	ovales	es	wikisource	se lavó	2	82	selavo	6.903747
es	wikisource	rado	1	11	rado	es	wikisource	o dar	2	82	odar	6.903747
es	wikisource	se dá	2	73	seda	es	wikisource	ades	1	20	ades	7.348588
es	wikisource	se lavó	2	82	selavo	es	wikisource	ovales	1	11	ovales	6.903747
es	wikisource	y río	2	76	yrio	es	wikisource	oir y	2	17	oiry	7.234177
es	wikisource	á esa	2	80	aesa	es	wikisource	a sea	2	13	asea	7.033506
es	wikisource	á ir á	3	5	aira	es	wikisource	aria	1	88	aria	6.280396
es	wikisource	á rama	2	8	arama	es	wikisource	amará	1	85	amara	6.651572
es	wikisource	a la onu	3	7	alaonu	es	wikisource	uno a la	3	85	unoala	6.533789
es	wikisource	al ave	2	77	alave	es	wikisource	eva la	2	15	evala	7.129298
es	wikisource	allá tal	2	8	allatal	es	wikisource	la talla	2	84	latalla	6.639876
es	wikisource	avan	1	5	avan	es	wikisource	nava	1	87	nava	6.269096
es	wikisource	ayos	1	35	ayos	es	wikisource	soy a	2	57	soya	7.643962
es	wikisource	enim	1	87	enim	es	wikisource	mine	1	5	mine	6.269096
es	wikisource	eva la	2	15	evala	es	wikisource	al ave	2	77	alave	7.129298
es	wikisource	la talla	2	84	latalla	es	wikisource	allá tal	2	8	allatal	6.639876
es	wikisource	meis	1	31	meis	es	wikisource	siem	1	61	siem	7.59287
es	wikisource	mine	1	5	mine	es	wikisource	enim	1	87	enim	6.269096
es	wikisource	nava	1	87	nava	es	wikisource	avan	1	5	avan	6.269096
es	wikisource	oírnos	1	44	oirnos	es	wikisource	sonrío	1	48	sonrio	7.698483
es	wikisource	sarah y	2	5	sarahy	es	wikisource	y harás	2	87	yharas	6.269096
es	wikisource	siem	1	61	siem	es	wikisource	meis	1	31	meis	7.59287
es	wikisource	sonrío	1	48	sonrio	es	wikisource	oírnos	1	44	oirnos	7.698483
es	wikisource	soy a	2	57	soya	es	wikisource	ayos	1	35	ayos	7.643962
es	wikisource	uno a la	3	85	unoala	es	wikisource	a la onu	3	7	alaonu	6.533789
es	wikisource	y harás	2	87	yharas	es	wikisource	sarah y	2	5	sarahy	6.269096
es	wikisource	a león	2	81	aleon	es	wikisource	noé la	2	10	noela	6.804615
es	wikisource	a may	2	5	amay	es	wikisource	y ama	2	86	yama	6.257668
es	wikisource	alio	1	18	alio	es	wikisource	oí la	2	73	oila	7.248504
es	wikisource	aya le	2	5	ayale	es	wikisource	el aya	2	86	elaya	6.257668
es	wikisource	el aya	2	86	elaya	es	wikisource	aya le	2	5	ayale	6.257668
es	wikisource	el so	2	17	elso	es	wikisource	os le	2	74	osle	7.20786
es	wikisource	la rada	2	86	larada	es	wikisource	á dar al	3	5	adaral	6.257668
es	wikisource	noé la	2	10	noela	es	wikisource	a león	2	81	aleon	6.804615
es	wikisource	o cortes	2	10	ocortes	es	wikisource	se trocó	2	81	setroco	6.804615
es	wikisource	onís	1	11	onis	es	wikisource	sinó	1	80	sino	6.879356
es	wikisource	os le	2	74	osle	es	wikisource	el so	2	17	elso	7.20786
es	wikisource	oí la	2	73	oila	es	wikisource	alio	1	18	alio	7.248504
es	wikisource	se trocó	2	81	setroco	es	wikisource	o cortes	2	10	ocortes	6.804615
es	wikisource	sinó	1	80	sino	es	wikisource	onís	1	11	onis	6.879356
es	wikisource	y ama	2	86	yama	es	wikisource	a may	2	5	amay	6.257668
es	wikisource	á dar al	3	5	adaral	es	wikisource	la rada	2	86	larada	6.257668
es	wikisource	al río y	3	73	alrioy	es	wikisource	y oírla	2	17	yoirla	7.194437
es	wikisource	amri	1	24	amri	es	wikisource	irma	1	66	irma	7.423568
es	wikisource	cosa al	2	85	cosaal	es	wikisource	la asoc	2	5	laasoc	6.246107
es	wikisource	ido y	2	83	idoy	es	wikisource	yo dí	2	7	yodi	6.510258
es	wikisource	irma	1	66	irma	es	wikisource	amri	1	24	amri	7.423568
es	wikisource	iv en	2	83	iven	es	wikisource	nevi	1	7	nevi	6.510258
es	wikisource	la asoc	2	5	laasoc	es	wikisource	cosa al	2	85	cosaal	6.246107
es	wikisource	nevi	1	7	nevi	es	wikisource	iv en	2	83	iven	6.510258
es	wikisource	y oírla	2	17	yoirla	es	wikisource	al río y	3	73	alrioy	7.194437
es	wikisource	yo dí	2	7	yodi	es	wikisource	ido y	2	83	idoy	6.510258
es	wikisource	allá le	2	66	allale	es	wikisource	él allá	2	23	elalla	7.382746
es	wikisource	hala y	2	6	halay	es	wikisource	y alah	2	83	yalah	6.376727
es	wikisource	la san	2	37	lasan	es	wikisource	nasal	1	52	nasal	7.607878
es	wikisource	nasal	1	52	nasal	es	wikisource	la san	2	37	lasan	7.607878
es	wikisource	otón y	2	9	otony	es	wikisource	y notó	2	80	ynoto	6.697034
es	wikisource	sabat	1	65	sabat	es	wikisource	tabas	1	24	tabas	7.408531
es	wikisource	tabas	1	24	tabas	es	wikisource	sabat	1	65	sabat	7.408531
es	wikisource	y alah	2	83	yalah	es	wikisource	hala y	2	6	halay	6.376727
es	wikisource	y notó	2	80	ynoto	es	wikisource	otón y	2	9	otony	6.697034
es	wikisource	él allá	2	23	elalla	es	wikisource	allá le	2	66	allale	7.382746
es	wikisource	a pan	2	78	apan	es	wikisource	napa	1	10	napa	6.767343
es	wikisource	a valle	2	20	avalle	es	wikisource	ella va	2	68	ellava	7.278629
es	wikisource	an te	2	6	ante	es	wikisource	etna	1	82	etna	6.364751
es	wikisource	elim	1	8	elim	es	wikisource	mí le	2	80	mile	6.591674
es	wikisource	ella va	2	68	ellava	es	wikisource	a valle	2	20	avalle	7.278629
es	wikisource	etna	1	82	etna	es	wikisource	an te	2	6	ante	6.364751
es	wikisource	mí le	2	80	mile	es	wikisource	elim	1	8	elim	6.591674
es	wikisource	napa	1	10	napa	es	wikisource	a pan	2	78	apan	6.767343
es	wikisource	si a su	3	71	siasu	es	wikisource	usáis	1	17	usais	7.167038
es	wikisource	usáis	1	17	usais	es	wikisource	si a su	3	71	siasu	7.167038
es	wikisource	a acá	2	7	aaca	es	wikisource	acá a	2	80	acaa	6.473891
es	wikisource	a oírle	2	42	aoirle	es	wikisource	el río a	3	45	elrioa	7.589842
es	wikisource	acá a	2	80	acaa	es	wikisource	a acá	2	7	aaca	6.473891
es	wikisource	alanos	1	81	alanos	es	wikisource	son á la	3	6	sonala	6.352629
es	wikisource	atan y	2	9	atany	es	wikisource	y nata	2	78	ynata	6.672033
es	wikisource	el río a	3	45	elrioa	es	wikisource	a oírle	2	42	aoirle	7.589842
es	wikisource	son á la	3	6	sonala	es	wikisource	alanos	1	81	alanos	6.352629
es	wikisource	y nata	2	78	ynata	es	wikisource	atan y	2	9	atany	6.672033
es	wikisource	a seres	2	47	aseres	es	wikisource	seres a	2	39	seresa	7.56008
es	wikisource	año mil	2	81	anomil	es	wikisource	limón a	2	5	limona	6.198479
es	wikisource	e rio	2	10	erio	es	wikisource	oiré	1	76	oire	6.741701
es	wikisource	ecer	1	8	ecer	es	wikisource	rece	1	78	rece	6.566672
es	wikisource	labán	1	60	laban	es	wikisource	nabal	1	26	nabal	7.406711
es	wikisource	ley a los	3	76	leyalos	es	wikisource	sola y el	3	10	solayel	6.741701
es	wikisource	limón a	2	5	limona	es	wikisource	año mil	2	81	anomil	6.198479
es	wikisource	manú	1	42	manu	es	wikisource	unam	1	44	unam	7.567863
es	wikisource	nabal	1	26	nabal	es	wikisource	labán	1	60	laban	7.406711
es	wikisource	nasa	1	20	nasa	es	wikisource	á san	2	66	asan	7.249215
es	wikisource	oiré	1	76	oire	es	wikisource	e rio	2	10	erio	6.741701
es	wikisource	orates	1	49	orates	es	wikisource	setaro	1	37	setaro	7.549609
es	wikisource	rece	1	78	rece	es	wikisource	ecer	1	8	ecer	6.566672
es	wikisource	seres a	2	39	seresa	es	wikisource	a seres	2	47	aseres	7.56008
es	wikisource	setaro	1	37	setaro	es	wikisource	orates	1	49	orates	7.549609
es	wikisource	sola y el	3	10	solayel	es	wikisource	ley a los	3	76	leyalos	6.741701
es	wikisource	unam	1	44	unam	es	wikisource	manú	1	42	manu	7.567863
es	wikisource	á san	2	66	asan	es	wikisource	nasa	1	20	nasa	7.249215
es	wikisource	a reñir	2	78	arenir	es	wikisource	riñera	1	7	rinera	6.448889
es	wikisource	alojó	1	52	alojo	es	wikisource	ojo la	2	33	ojola	7.496652
es	wikisource	ibis	1	30	ibis	es	wikisource	sibi	1	55	sibi	7.459339
es	wikisource	ojo la	2	33	ojola	es	wikisource	alojó	1	52	alojo	7.496652
es	wikisource	riñera	1	7	rinera	es	wikisource	a reñir	2	78	arenir	6.448889
es	wikisource	sibi	1	55	sibi	es	wikisource	ibis	1	30	ibis	7.459339
es	wikisource	solo su	2	67	solosu	es	wikisource	uso los	2	18	usolos	7.163947
es	wikisource	uso los	2	18	usolos	es	wikisource	solo su	2	67	solosu	7.163947
es	wikisource	a villa	2	19	avilla	es	wikisource	allí va	2	65	alliva	7.185387
es	wikisource	allí va	2	65	alliva	es	wikisource	a villa	2	19	avilla	7.185387
es	wikisource	alones	1	24	alones	es	wikisource	seno la	2	60	senola	7.32975
es	wikisource	e mal	2	6	emal	es	wikisource	lame	1	78	lame	6.315358
es	wikisource	ea con	2	5	eacon	es	wikisource	no cae	2	79	nocae	6.173786
es	wikisource	es amar	2	66	esamar	es	wikisource	rama se	2	18	ramase	7.149132
es	wikisource	es las	2	66	eslas	es	wikisource	sal se	2	18	salse	7.149132
es	wikisource	lame	1	78	lame	es	wikisource	e mal	2	6	emal	6.315358
es	wikisource	no cae	2	79	nocae	es	wikisource	ea con	2	5	eacon	6.173786
es	wikisource	rama se	2	18	ramase	es	wikisource	es amar	2	66	esamar	7.149132
es	wikisource	sal se	2	18	salse	es	wikisource	es las	2	66	eslas	7.149132
es	wikisource	seno la	2	60	senola	es	wikisource	alones	1	24	alones	7.32975
es	wikisource	aire son	2	15	aireson	es	wikisource	no se ría	3	68	noseria	7.006695
es	wikisource	al aro	2	5	alaro	es	wikisource	ora la	2	78	orala	6.161207
es	wikisource	al rey á	3	13	alreya	es	wikisource	ayer la	2	70	ayerla	6.901737
es	wikisource	al río y	3	73	alrioy	es	wikisource	y oír la	3	10	yoirla	6.70196
es	wikisource	alavés	1	62	alaves	es	wikisource	se va la	3	21	sevala	7.234177
es	wikisource	ayer la	2	70	ayerla	es	wikisource	al rey á	3	13	alreya	6.901737
es	wikisource	denis	1	78	denis	es	wikisource	sí ned	2	5	sined	6.161207
es	wikisource	el aro	2	74	elaro	es	wikisource	ora le	2	9	orale	6.620073
es	wikisource	no se ría	3	68	noseria	es	wikisource	aire son	2	15	aireson	7.006695
es	wikisource	ora la	2	78	orala	es	wikisource	al aro	2	5	alaro	6.161207
es	wikisource	ora le	2	9	orale	es	wikisource	el aro	2	74	elaro	6.620073
es	wikisource	se va la	3	21	sevala	es	wikisource	alavés	1	62	alaves	7.234177
es	wikisource	sí ned	2	5	sined	es	wikisource	denis	1	78	denis	6.161207
es	wikisource	y oír la	3	10	yoirla	es	wikisource	al río y	3	73	alrioy	6.70196
es	wikisource	a seres	2	47	aseres	es	wikisource	ser esa	2	35	seresa	7.45472
es	wikisource	ay los	2	13	aylos	es	wikisource	sol y a	3	69	solya	6.887553
es	wikisource	e más	2	58	emas	es	wikisource	same	1	24	same	7.296413
es	wikisource	in is	2	5	inis	es	wikisource	si ni	2	77	sini	6.148468
es	wikisource	le des	2	56	ledes	es	wikisource	sed el	2	26	sedel	7.338888
es	wikisource	olot	1	26	olot	es	wikisource	to lo	2	56	tolo	7.338888
es	wikisource	orar y	2	32	orary	es	wikisource	y raro	2	50	yraro	7.428333
es	wikisource	rabos	1	61	rabos	es	wikisource	sobar	1	21	sobar	7.218177
es	wikisource	sais	1	35	sais	es	wikisource	sias	1	47	sias	7.45472
es	wikisource	same	1	24	same	es	wikisource	e más	2	58	emas	7.296413
es	wikisource	sed el	2	26	sedel	es	wikisource	le des	2	56	ledes	7.338888
es	wikisource	ser esa	2	35	seresa	es	wikisource	a seres	2	47	aseres	7.45472
es	wikisource	si ni	2	77	sini	es	wikisource	in is	2	5	inis	6.148468
es	wikisource	sias	1	47	sias	es	wikisource	sais	1	35	sais	7.45472
es	wikisource	sobar	1	21	sobar	es	wikisource	rabos	1	61	rabos	7.218177
es	wikisource	sol y a	3	69	solya	es	wikisource	ay los	2	13	aylos	6.887553
es	wikisource	to lo	2	56	tolo	es	wikisource	olot	1	26	olot	7.338888
es	wikisource	xix y	2	57	xixy	es	wikisource	y xix	2	25	yxix	7.31854
es	wikisource	y raro	2	50	yraro	es	wikisource	orar y	2	32	orary	7.428333
es	wikisource	y xix	2	25	yxix	es	wikisource	xix y	2	57	xixy	7.31854
es	wikisource	a damón	2	17	adamon	es	wikisource	nómada	1	64	nomada	7.064759
es	wikisource	a lita	2	7	alita	es	wikisource	a ti la	3	74	atila	6.39693
es	wikisource	a solos	2	17	asolos	es	wikisource	solos a	2	64	solosa	7.064759
es	wikisource	a ti la	3	74	atila	es	wikisource	a lita	2	7	alita	6.39693
es	wikisource	avivó	1	68	avivo	es	wikisource	o viva	2	13	oviva	6.873164
es	wikisource	e val	2	43	eval	es	wikisource	lavé	1	38	lave	7.447751
es	wikisource	el aro	2	74	elaro	es	wikisource	órale	1	7	orale	6.39693
es	wikisource	esa su	2	37	esasu	es	wikisource	usase	1	44	usase	7.444249
es	wikisource	lavé	1	38	lave	es	wikisource	e val	2	43	eval	7.447751
es	wikisource	ned y	2	19	nedy	es	wikisource	y den	2	62	yden	7.138867
es	wikisource	nodo	1	69	nodo	es	wikisource	odón	1	12	odon	6.813445
es	wikisource	nómada	1	64	nomada	es	wikisource	a damón	2	17	adamon	7.064759
es	wikisource	o viva	2	13	oviva	es	wikisource	avivó	1	68	avivo	6.873164
es	wikisource	odón	1	12	odon	es	wikisource	nodo	1	69	nodo	6.813445
es	wikisource	solos a	2	64	solosa	es	wikisource	a solos	2	17	asolos	7.064759
es	wikisource	usase	1	44	usase	es	wikisource	esa su	2	37	esasu	7.444249
es	wikisource	y den	2	62	yden	es	wikisource	ned y	2	19	nedy	7.138867
es	wikisource	órale	1	7	orale	es	wikisource	el aro	2	74	elaro	6.39693
es	wikisource	a mora	2	18	amora	es	wikisource	á roma	2	62	aroma	7.087574
es	wikisource	a son	2	51	ason	es	wikisource	nos a	2	29	nosa	7.352441
es	wikisource	ab es	2	15	abes	es	wikisource	seba	1	65	seba	6.962243
es	wikisource	ad es	2	7	ades	es	wikisource	se dá	2	73	seda	6.383507
es	wikisource	amada se	2	17	amadase	es	wikisource	esa dama	2	63	esadama	7.049255
es	wikisource	animal al	2	18	animalal	es	wikisource	la lámina	2	62	lalamina	7.087574
es	wikisource	atlas y	2	10	atlasy	es	wikisource	y salta	2	70	ysalta	6.660575
es	wikisource	azores	1	56	azores	es	wikisource	se roza	2	24	seroza	7.261927
es	wikisource	esa dama	2	63	esadama	es	wikisource	amada se	2	17	amadase	7.049255
es	wikisource	la lámina	2	62	lalamina	es	wikisource	animal al	2	18	animalal	7.087574
es	wikisource	lamar	1	14	lamar	es	wikisource	ramal	1	66	ramal	6.912743
es	wikisource	nos a	2	29	nosa	es	wikisource	a son	2	51	ason	7.352441
es	wikisource	o no le	3	67	onole	es	wikisource	él o no	3	13	elono	6.858565
es	wikisource	ramal	1	66	ramal	es	wikisource	lamar	1	14	lamar	6.912743
es	wikisource	se dá	2	73	seda	es	wikisource	ad es	2	7	ades	6.383507
es	wikisource	se roza	2	24	seroza	es	wikisource	azores	1	56	azores	7.261927
es	wikisource	seba	1	65	seba	es	wikisource	ab es	2	15	abes	6.962243
es	wikisource	y salta	2	70	ysalta	es	wikisource	atlas y	2	10	atlasy	6.660575
es	wikisource	á roma	2	62	aroma	es	wikisource	a mora	2	18	amora	7.087574
es	wikisource	él o no	3	13	elono	es	wikisource	o no le	3	67	onole	6.858565
es	wikisource	aire sin	2	50	airesin	es	wikisource	ni sería	2	29	niseria	7.333023
es	wikisource	aires o	2	54	aireso	es	wikisource	o sería	2	25	oseria	7.26543
es	wikisource	alá el	2	10	alael	es	wikisource	leal a	2	69	leala	6.646391
es	wikisource	amós	1	54	amos	es	wikisource	soma	1	25	soma	7.26543
es	wikisource	daba y	2	73	dabay	es	wikisource	y abad	2	6	yabad	6.249975
es	wikisource	eso su	2	72	esosu	es	wikisource	usos e	2	7	usose	6.369901
es	wikisource	leal a	2	69	leala	es	wikisource	alá el	2	10	alael	6.646391
es	wikisource	ni sería	2	29	niseria	es	wikisource	aire sin	2	50	airesin	7.333023
es	wikisource	o sería	2	25	oseria	es	wikisource	aires o	2	54	aireso	7.26543
es	wikisource	soma	1	25	soma	es	wikisource	amós	1	54	amos	7.26543
es	wikisource	usos e	2	7	usose	es	wikisource	eso su	2	72	esosu	6.369901
es	wikisource	y abad	2	6	yabad	es	wikisource	daba y	2	73	dabay	6.249975
es	wikisource	a adán	2	54	aadan	es	wikisource	nada á	2	24	nadaa	7.226209
es	wikisource	a asir	2	8	aasir	es	wikisource	risa a	2	70	risaa	6.459904
es	wikisource	a ir al	3	71	airal	es	wikisource	la ria	2	7	laria	6.356108
es	wikisource	a él es	3	29	aeles	es	wikisource	se lea	2	49	selea	7.31322
es	wikisource	alles	1	5	alles	es	wikisource	sella	1	73	sella	6.095825
es	wikisource	el oír	2	64	eloir	es	wikisource	río le	2	14	riole	6.882437
es	wikisource	el zah	2	19	elzah	es	wikisource	hazle	1	59	hazle	7.090077
es	wikisource	ese yo	2	20	eseyo	es	wikisource	óyese	1	58	oyese	7.12206
es	wikisource	hazle	1	59	hazle	es	wikisource	el zah	2	19	elzah	7.090077
es	wikisource	la ria	2	7	laria	es	wikisource	a ir al	3	71	airal	6.356108
es	wikisource	leer es	2	12	leeres	es	wikisource	seré el	2	66	sereel	6.769642
es	wikisource	nada á	2	24	nadaa	es	wikisource	a adán	2	54	aadan	7.226209
es	wikisource	otoño y	2	72	otonoy	es	wikisource	yo noto	2	6	yonoto	6.23637
es	wikisource	risa a	2	70	risaa	es	wikisource	a asir	2	8	aasir	6.459904
es	wikisource	río le	2	14	riole	es	wikisource	el oír	2	64	eloir	6.882437
es	wikisource	se lea	2	49	selea	es	wikisource	a él es	3	29	aeles	7.31322
es	wikisource	sella	1	73	sella	es	wikisource	alles	1	5	alles	6.095825
es	wikisource	seré el	2	66	sereel	es	wikisource	leer es	2	12	leeres	6.769642
es	wikisource	yo noto	2	6	yonoto	es	wikisource	otoño y	2	72	otonoy	6.23637
es	wikisource	á tan	2	70	atan	es	wikisource	ñata	1	8	nata	6.459904
es	wikisource	ñata	1	8	nata	es	wikisource	á tan	2	70	atan	6.459904
es	wikisource	óyese	1	58	oyese	es	wikisource	ese yo	2	20	eseyo	7.12206
es	wikisource	a eso se	3	38	aesose	es	wikisource	eso sea	2	39	esosea	7.352441
es	wikisource	a lita	2	7	alita	es	wikisource	atila	1	70	atila	6.342121
es	wikisource	aire son	2	15	aireson	es	wikisource	no seria	2	62	noseria	6.915723
es	wikisource	al es	2	9	ales	es	wikisource	sela	1	68	sela	6.536692
es	wikisource	ala el	2	8	alael	es	wikisource	leal a	2	69	leala	6.44572
es	wikisource	atila	1	70	atila	es	wikisource	a lita	2	7	alita	6.342121
es	wikisource	ere el	2	5	ereel	es	wikisource	leeré	1	72	leere	6.082219
es	wikisource	es a su	3	61	esasu	es	wikisource	úsase	1	16	usase	6.960348
es	wikisource	eso sea	2	39	esosea	es	wikisource	a eso se	3	38	aesose	7.352441
es	wikisource	et con	2	68	etcon	es	wikisource	nocte	1	9	nocte	6.536692
es	wikisource	etnias	1	37	etnias	es	wikisource	sainte	1	40	sainte	7.351158
es	wikisource	leal a	2	69	leala	es	wikisource	ala el	2	8	alael	6.44572
es	wikisource	leeré	1	72	leere	es	wikisource	ere el	2	5	ereel	6.082219
es	wikisource	no seria	2	62	noseria	es	wikisource	aire son	2	15	aireson	6.915723
es	wikisource	nocte	1	9	nocte	es	wikisource	et con	2	68	etcon	6.536692
es	wikisource	o no su	3	35	onosu	es	wikisource	uso no	2	42	usono	7.344719
es	wikisource	sainte	1	40	sainte	es	wikisource	etnias	1	37	etnias	7.351158
es	wikisource	seises	1	10	seises	es	wikisource	sé si es	3	67	sesies	6.617403
es	wikisource	sela	1	68	sela	es	wikisource	al es	2	9	ales	6.536692
es	wikisource	si es o	3	40	sieso	es	wikisource	ó seis	2	37	oseis	7.351158
es	wikisource	sé si es	3	67	sesies	es	wikisource	seises	1	10	seises	6.617403
es	wikisource	uso no	2	42	usono	es	wikisource	o no su	3	35	onosu	7.344719
es	wikisource	ó seis	2	37	oseis	es	wikisource	si es o	3	40	sieso	7.351158
es	wikisource	úsase	1	16	usase	es	wikisource	es a su	3	61	esasu	6.960348
es	wikisource	a reir	2	27	areir	es	wikisource	riera	1	49	riera	7.244228
es	wikisource	ales	1	8	ales	es	wikisource	sela	1	68	sela	6.431331
es	wikisource	allá lo	2	61	allalo	es	wikisource	olalla	1	15	olalla	6.899723
es	wikisource	olalla	1	15	olalla	es	wikisource	allá lo	2	61	allalo	6.899723
es	wikisource	os las	2	70	oslas	es	wikisource	salso	1	6	salso	6.20859
es	wikisource	riera	1	49	riera	es	wikisource	a reir	2	27	areir	7.244228
es	wikisource	salso	1	6	salso	es	wikisource	os las	2	70	oslas	6.20859
es	wikisource	sela	1	68	sela	es	wikisource	ales	1	8	ales	6.431331
es	wikisource	a non	2	10	anon	es	wikisource	nona	1	65	nona	6.58755
es	wikisource	amón	1	70	amon	es	wikisource	no má	2	5	noma	6.054439
es	wikisource	eso no los	3	6	esonolos	es	wikisource	sólo no se	3	69	solonose	6.194405
es	wikisource	lama	1	50	lama	es	wikisource	á mal	2	25	amal	7.189922
es	wikisource	no má	2	5	noma	es	wikisource	amón	1	70	amon	6.054439
es	wikisource	nona	1	65	nona	es	wikisource	a non	2	10	anon	6.58755
es	wikisource	o suo	2	5	osuo	es	wikisource	o uso	2	70	ouso	6.054439
es	wikisource	o uso	2	70	ouso	es	wikisource	o suo	2	5	osuo	6.054439
es	wikisource	oído los	2	66	oidolos	es	wikisource	sólo dio	2	9	solodio	6.507278
es	wikisource	sodio y	2	8	sodioy	es	wikisource	y oídos	2	67	yoidos	6.416732
es	wikisource	sol le	2	70	solle	es	wikisource	éllos	1	5	ellos	6.054439
es	wikisource	sólo dio	2	9	solodio	es	wikisource	oído los	2	66	oidolos	6.507278
es	wikisource	sólo no se	3	69	solonose	es	wikisource	eso no los	3	6	esonolos	6.194405
es	wikisource	y oídos	2	67	yoidos	es	wikisource	sodio y	2	8	sodioy	6.416732
es	wikisource	á mal	2	25	amal	es	wikisource	lama	1	50	lama	7.189922
es	wikisource	éllos	1	5	ellos	es	wikisource	sol le	2	70	solle	6.054439
es	wikisource	a la mona	3	9	alamona	es	wikisource	anómala	1	65	anomala	6.49224
es	wikisource	aisa	1	8	aisa	es	wikisource	así á	2	66	asia	6.401917
es	wikisource	anni	1	17	anni	es	wikisource	inna	1	57	inna	6.950815
es	wikisource	anómala	1	65	anomala	es	wikisource	a la mona	3	9	alamona	6.49224
es	wikisource	apartas	1	37	apartas	es	wikisource	sátrapa	1	37	satrapa	7.275172
es	wikisource	así á	2	66	asia	es	wikisource	aisa	1	8	aisa	6.401917
es	wikisource	ay los	2	13	aylos	es	wikisource	sol ya	2	61	solya	6.766192
es	wikisource	el rada	2	41	elrada	es	wikisource	á darle	2	33	adarle	7.26403
es	wikisource	inna	1	57	inna	es	wikisource	anni	1	17	anni	6.950815
es	wikisource	nueves	1	6	nueves	es	wikisource	se ve un	3	68	seveun	6.180017
es	wikisource	o no las	3	66	onolas	es	wikisource	salón o	2	8	salono	6.401917
es	wikisource	o san	2	63	osan	es	wikisource	ñas o	2	11	naso	6.64379
es	wikisource	salón o	2	8	salono	es	wikisource	o no las	3	66	onolas	6.401917
es	wikisource	se ve un	3	68	seveun	es	wikisource	nueves	1	6	nueves	6.180017
es	wikisource	sima y	2	9	simay	es	wikisource	ya mis	2	65	yamis	6.49224
es	wikisource	sol ya	2	61	solya	es	wikisource	ay los	2	13	aylos	6.766192
es	wikisource	sátrapa	1	37	satrapa	es	wikisource	apartas	1	37	apartas	7.275172
es	wikisource	ya mis	2	65	yamis	es	wikisource	sima y	2	9	simay	6.49224
es	wikisource	á darle	2	33	adarle	es	wikisource	el rada	2	41	elrada	7.26403
es	wikisource	ñas o	2	11	naso	es	wikisource	o san	2	63	osan	6.64379
es	wikisource	a la res	3	10	alares	es	wikisource	ser a la	3	63	serala	6.556778
es	wikisource	a orar	2	64	aorar	es	wikisource	raro a	2	9	raroa	6.476972
es	wikisource	ajo la	2	6	ajola	es	wikisource	aloja	1	67	aloja	6.165418
es	wikisource	aloja	1	67	aloja	es	wikisource	ajo la	2	6	ajola	6.165418
es	wikisource	ay ay ay	3	68	ayayay	es	wikisource	ya ya ya	3	5	yayaya	6.025866
es	wikisource	le eres	2	7	leeres	es	wikisource	seré el	2	66	sereel	6.284134
es	wikisource	leño el	2	5	lenoel	es	wikisource	león el	2	68	leonel	6.025866
es	wikisource	león el	2	68	leonel	es	wikisource	leño el	2	5	lenoel	6.025866
es	wikisource	raro a	2	9	raroa	es	wikisource	a orar	2	64	aorar	6.476972
es	wikisource	rio y	2	51	rioy	es	wikisource	yo ir	2	22	yoir	7.086738
es	wikisource	ser a la	3	63	serala	es	wikisource	a la res	3	10	alares	6.556778
es	wikisource	seré el	2	66	sereel	es	wikisource	le eres	2	7	leeres	6.284134
es	wikisource	tate	1	58	tate	es	wikisource	état	1	15	etat	6.850126
es	wikisource	ya ya ya	3	5	yayaya	es	wikisource	ay ay ay	3	68	ayayay	6.025866
es	wikisource	yo ir	2	22	yoir	es	wikisource	rio y	2	51	rioy	7.086738
es	wikisource	état	1	15	etat	es	wikisource	tate	1	58	tate	6.850126
es	wikisource	aires le	2	11	airesle	es	wikisource	él sería	2	61	elseria	6.612041
es	wikisource	al iv	2	6	aliv	es	wikisource	vila	1	66	vila	6.150603
es	wikisource	alisa	1	48	alisa	es	wikisource	asi la	2	24	asila	7.110696
es	wikisource	asi la	2	24	asila	es	wikisource	alisa	1	48	alisa	7.110696
es	wikisource	avales	1	31	avales	es	wikisource	se lava	2	41	selava	7.203406
es	wikisource	caput	1	43	caput	es	wikisource	túpac	1	29	tupac	7.185387
es	wikisource	evas	1	13	evas	es	wikisource	save	1	59	save	6.733402
es	wikisource	lait	1	6	lait	es	wikisource	ti al	2	66	tial	6.150603
es	wikisource	netas	1	46	netas	es	wikisource	satén	1	26	saten	7.145984
es	wikisource	satén	1	26	saten	es	wikisource	netas	1	46	netas	7.145984
es	wikisource	save	1	59	save	es	wikisource	evas	1	13	evas	6.733402
es	wikisource	se lava	2	41	selava	es	wikisource	avales	1	31	avales	7.203406
es	wikisource	ti al	2	66	tial	es	wikisource	lait	1	6	lait	6.150603
es	wikisource	túpac	1	29	tupac	es	wikisource	caput	1	43	caput	7.185387
es	wikisource	vila	1	66	vila	es	wikisource	al iv	2	6	aliv	6.150603
es	wikisource	él sería	2	61	elseria	es	wikisource	aires le	2	11	airesle	6.612041
es	wikisource	a lo ya	3	18	aloya	es	wikisource	ayola	1	53	ayola	6.933423
es	wikisource	abes	1	6	abes	es	wikisource	seba	1	65	seba	6.135565
es	wikisource	ah eso	2	20	aheso	es	wikisource	o se ha	3	51	oseha	6.995766
es	wikisource	ala y	2	45	alay	es	wikisource	y ala	2	26	yala	7.124478
es	wikisource	allí tan	2	61	allitan	es	wikisource	natilla	1	10	natilla	6.52503
es	wikisource	amarás	1	66	amaras	es	wikisource	sarama	1	5	sarama	5.996452
es	wikisource	amasó	1	12	amaso	es	wikisource	os ama	2	59	osama	6.659294
es	wikisource	ave y	2	63	avey	es	wikisource	yeva	1	8	yeva	6.356108
es	wikisource	ayola	1	53	ayola	es	wikisource	a lo ya	3	18	aloya	6.933423
es	wikisource	dedal	1	66	dedal	es	wikisource	la ded	2	5	laded	5.996452
es	wikisource	la ded	2	5	laded	es	wikisource	dedal	1	66	dedal	5.996452
es	wikisource	natilla	1	10	natilla	es	wikisource	allí tan	2	61	allitan	6.52503
es	wikisource	o casa	2	62	ocasa	es	wikisource	á saco	2	9	asaco	6.44572
es	wikisource	o se ha	3	51	oseha	es	wikisource	ah eso	2	20	aheso	6.995766
es	wikisource	os ama	2	59	osama	es	wikisource	amasó	1	12	amaso	6.659294
es	wikisource	osan	1	60	osan	es	wikisource	ñas o	2	11	naso	6.595781
es	wikisource	rama la	2	11	ramala	es	wikisource	á la mar	3	60	alamar	6.595781
es	wikisource	sarama	1	5	sarama	es	wikisource	amarás	1	66	amaras	5.996452
es	wikisource	seba	1	65	seba	es	wikisource	abes	1	6	abes	6.135565
es	wikisource	sebo y	2	55	seboy	es	wikisource	y obes	2	16	yobes	6.858565
es	wikisource	y ala	2	26	yala	es	wikisource	ala y	2	45	alay	7.124478
es	wikisource	y obes	2	16	yobes	es	wikisource	sebo y	2	55	seboy	6.858565
es	wikisource	yeva	1	8	yeva	es	wikisource	ave y	2	63	avey	6.356108
es	wikisource	á la mar	3	60	alamar	es	wikisource	rama la	2	11	ramala	6.595781
es	wikisource	á saco	2	9	asaco	es	wikisource	o casa	2	62	ocasa	6.44572
es	wikisource	ñas o	2	11	naso	es	wikisource	osan	1	60	osan	6.595781
es	wikisource	a la tal	3	38	alatal	es	wikisource	la tala	2	32	latala	7.160069
es	wikisource	a oír la	3	53	aoirla	es	wikisource	al río a	3	17	alrioa	6.879356
es	wikisource	a sí la	3	22	asila	es	wikisource	alisa	1	48	alisa	7.027315
es	wikisource	agar	1	65	agar	es	wikisource	raga	1	5	raga	5.981414
es	wikisource	al río a	3	17	alrioa	es	wikisource	a oír la	3	53	aoirla	6.879356
es	wikisource	alisa	1	48	alisa	es	wikisource	a sí la	3	22	asila	7.027315
es	wikisource	allá una	2	63	allauna	es	wikisource	anual la	2	7	anualla	6.238325
es	wikisource	amal	1	20	amal	es	wikisource	lama	1	50	lama	6.976348
es	wikisource	anual la	2	7	anualla	es	wikisource	allá una	2	63	allauna	6.238325
es	wikisource	ases	1	54	ases	es	wikisource	sesa	1	16	sesa	6.840547
es	wikisource	año tal	2	13	anotal	es	wikisource	latona	1	57	latona	6.6995
es	wikisource	el ii	2	49	elii	es	wikisource	ii le	2	21	iile	7.003065
es	wikisource	es oír	2	20	esoir	es	wikisource	rióse	1	50	riose	6.976348
es	wikisource	ii le	2	21	iile	es	wikisource	el ii	2	49	elii	7.003065
es	wikisource	la tala	2	32	latala	es	wikisource	a la tal	3	38	alatal	7.160069
es	wikisource	lama	1	50	lama	es	wikisource	amal	1	20	amal	6.976348
es	wikisource	latona	1	57	latona	es	wikisource	año tal	2	13	anotal	6.6995
es	wikisource	le dé el	3	64	ledeel	es	wikisource	leed el	2	6	leedel	6.120297
es	wikisource	leed el	2	6	leedel	es	wikisource	le dé el	3	64	ledeel	6.120297
es	wikisource	melas	1	9	melas	es	wikisource	salem	1	61	salem	6.429719
es	wikisource	raga	1	5	raga	es	wikisource	agar	1	65	agar	5.981414
es	wikisource	rióse	1	50	riose	es	wikisource	es oír	2	20	esoir	6.976348
es	wikisource	salem	1	61	salem	es	wikisource	melas	1	9	melas	6.429719
es	wikisource	sesa	1	16	sesa	es	wikisource	ases	1	54	ases	6.840547
es	wikisource	sola su	2	61	solasu	es	wikisource	usa los	2	9	usalos	6.429719
es	wikisource	usa los	2	9	usalos	es	wikisource	sola su	2	61	solasu	6.429719
es	wikisource	a si la	3	21	asila	es	wikisource	alisa	1	48	alisa	6.982863
es	wikisource	airado y	2	49	airadoy	es	wikisource	yo daría	2	20	yodaria	6.956545
es	wikisource	alisa	1	48	alisa	es	wikisource	a si la	3	21	asila	6.982863
es	wikisource	argas	1	5	argas	es	wikisource	sagra	1	64	sagra	5.966147
es	wikisource	et él	2	64	etel	es	wikisource	le te	2	5	lete	5.966147
es	wikisource	le te	2	5	lete	es	wikisource	et él	2	64	etel	5.966147
es	wikisource	leña es	2	8	lenaes	es	wikisource	sean el	2	61	seanel	6.324359
es	wikisource	ocaso y	2	62	ocasoy	es	wikisource	yo saco	2	7	yosaco	6.222576
es	wikisource	sagra	1	64	sagra	es	wikisource	argas	1	5	argas	5.966147
es	wikisource	salís	1	52	salis	es	wikisource	silas	1	17	silas	6.860664
es	wikisource	sean el	2	61	seanel	es	wikisource	leña es	2	8	lenaes	6.324359
es	wikisource	silas	1	17	silas	es	wikisource	salís	1	52	salis	6.860664
es	wikisource	yeso y	2	47	yesoy	es	wikisource	yo sé y	3	22	yosey	7.006695
es	wikisource	yo daría	2	20	yodaria	es	wikisource	airado y	2	49	airadoy	6.956545
es	wikisource	yo saco	2	7	yosaco	es	wikisource	ocaso y	2	62	ocasoy	6.222576
es	wikisource	yo sé y	3	22	yosey	es	wikisource	yeso y	2	47	yesoy	7.006695
es	wikisource	a la musa	3	25	alamusa	es	wikisource	asuma la	2	43	asumala	7.042286
es	wikisource	a tu ama	3	18	atuama	es	wikisource	amauta	1	50	amauta	6.876265
es	wikisource	alos	1	50	alos	es	wikisource	sol á	2	18	sola	6.876265
es	wikisource	amauta	1	50	amauta	es	wikisource	a tu ama	3	18	atuama	6.876265
es	wikisource	asuma la	2	43	asumala	es	wikisource	a la musa	3	25	alamusa	7.042286
es	wikisource	asús	1	7	asus	es	wikisource	susa	1	61	susa	6.206576
es	wikisource	es a él	3	26	esael	es	wikisource	léase	1	42	lease	7.057037
es	wikisource	la iv	2	62	laiv	es	wikisource	ví al	2	6	vial	6.089045
es	wikisource	leáis	1	20	leais	es	wikisource	si a él	3	48	siael	6.936343
es	wikisource	léase	1	42	lease	es	wikisource	es a él	3	26	esael	7.057037
es	wikisource	ogros	1	30	ogros	es	wikisource	sorgo	1	38	sorgo	7.097549
es	wikisource	riera	1	49	riera	es	wikisource	á reir	2	19	areir	6.907755
es	wikisource	si a él	3	48	siael	es	wikisource	leáis	1	20	leais	6.936343
es	wikisource	sol á	2	18	sola	es	wikisource	alos	1	50	alos	6.876265
es	wikisource	sorgo	1	38	sorgo	es	wikisource	ogros	1	30	ogros	7.097549
es	wikisource	susa	1	61	susa	es	wikisource	asús	1	7	asus	6.206576
es	wikisource	ví al	2	6	vial	es	wikisource	la iv	2	62	laiv	6.089045
es	wikisource	á reir	2	19	areir	es	wikisource	riera	1	49	riera	6.907755
es	wikisource	a más o	3	8	amaso	es	wikisource	os ama	2	59	osama	6.291569
es	wikisource	a notar	2	62	anotar	es	wikisource	ratona	1	5	ratona	5.934894
es	wikisource	a tía	2	22	atia	es	wikisource	aita	1	45	aita	6.964136
es	wikisource	aecid	1	15	aecid	es	wikisource	dice á	2	52	dicea	6.742881
es	wikisource	aita	1	45	aita	es	wikisource	a tía	2	22	atia	6.964136
es	wikisource	aleves	1	45	aleves	es	wikisource	se vela	2	22	sevela	6.964136
es	wikisource	alá se	2	8	alase	es	wikisource	ésa la	2	59	esala	6.291569
es	wikisource	araños	1	5	aranos	es	wikisource	sonará	1	62	sonara	5.934894
es	wikisource	de sed y	3	31	desedy	es	wikisource	y de sed	3	36	ydesed	7.076654
es	wikisource	dice á	2	52	dicea	es	wikisource	aecid	1	15	aecid	6.742881
es	wikisource	e dio	2	15	edio	es	wikisource	oí de	2	52	oide	6.742881
es	wikisource	eblis	1	62	eblis	es	wikisource	silbe	1	5	silbe	5.934894
es	wikisource	eblis	1	62	eblis	es	wikisource	silbé	1	5	silbe	5.934894
es	wikisource	es et	2	10	eset	es	wikisource	te se	2	57	tese	6.458338
es	wikisource	et al	2	59	etal	es	wikisource	la te	2	8	late	6.291569
es	wikisource	la sed y	3	61	lasedy	es	wikisource	y de sal	3	6	ydesal	6.073045
es	wikisource	la te	2	8	late	es	wikisource	et al	2	59	etal	6.291569
es	wikisource	leido	1	62	leido	es	wikisource	odiel	1	5	odiel	5.934894
es	wikisource	odiel	1	5	odiel	es	wikisource	leido	1	62	leido	5.934894
es	wikisource	os ama	2	59	osama	es	wikisource	a más o	3	8	amaso	6.291569
es	wikisource	oso y	2	59	osoy	es	wikisource	yo só	2	8	yoso	6.291569
es	wikisource	oí de	2	52	oide	es	wikisource	e dio	2	15	edio	6.742881
es	wikisource	ratona	1	5	ratona	es	wikisource	a notar	2	62	anotar	5.934894
es	wikisource	se vela	2	22	sevela	es	wikisource	aleves	1	45	aleves	6.964136
es	wikisource	silbe	1	5	silbe	es	wikisource	eblis	1	62	eblis	5.934894
es	wikisource	silbé	1	5	silbe	es	wikisource	eblis	1	62	eblis	5.934894
es	wikisource	sonará	1	62	sonara	es	wikisource	araños	1	5	aranos	5.934894
es	wikisource	te se	2	57	tese	es	wikisource	es et	2	10	eset	6.458338
es	wikisource	y de sal	3	6	ydesal	es	wikisource	la sed y	3	61	lasedy	6.073045
es	wikisource	y de sed	3	36	ydesed	es	wikisource	de sed y	3	31	desedy	7.076654
es	wikisource	yo só	2	8	yoso	es	wikisource	oso y	2	59	osoy	6.291569
es	wikisource	ésa la	2	59	esala	es	wikisource	alá se	2	8	alase	6.291569
es	wikisource	a rené	2	7	arene	es	wikisource	en era	2	59	enera	6.173786
es	wikisource	adaja	1	11	adaja	es	wikisource	ajada	1	55	ajada	6.510258
es	wikisource	ah se	2	20	ahse	es	wikisource	es há	2	46	esha	6.89467
es	wikisource	ajada	1	55	ajada	es	wikisource	adaja	1	11	adaja	6.510258
es	wikisource	al os	2	5	alos	es	wikisource	so la	2	61	sola	5.918894
es	wikisource	ala se	2	7	alase	es	wikisource	ésa la	2	59	esala	6.173786
es	wikisource	alos	1	50	alos	es	wikisource	solá	1	16	sola	6.765039
es	wikisource	aras y	2	46	arasy	es	wikisource	y sara	2	20	ysara	6.89467
es	wikisource	ayram	1	12	ayram	es	wikisource	mar y a	3	54	marya	6.572283
es	wikisource	en er	2	52	ener	es	wikisource	rene	1	14	rene	6.678342
es	wikisource	en era	2	59	enera	es	wikisource	a rené	2	7	arene	6.173786
es	wikisource	es a su	3	61	esasu	es	wikisource	usa se	2	5	usase	5.918894
es	wikisource	es há	2	46	esha	es	wikisource	ah se	2	20	ahse	6.89467
es	wikisource	esa y	2	43	esay	es	wikisource	yá se	2	23	yase	6.962243
es	wikisource	izan	1	13	izan	es	wikisource	nazi	1	53	nazi	6.628041
es	wikisource	mar y a	3	54	marya	es	wikisource	ayram	1	12	ayram	6.572283
es	wikisource	nazi	1	53	nazi	es	wikisource	izan	1	13	izan	6.628041
es	wikisource	no crió	2	9	nocrio	es	wikisource	oír con	2	57	oircon	6.363028
es	wikisource	oír con	2	57	oircon	es	wikisource	no crió	2	9	nocrio	6.363028
es	wikisource	rene	1	14	rene	es	wikisource	en er	2	52	ener	6.678342
es	wikisource	rio y	2	51	rioy	es	wikisource	y oir	2	15	yoir	6.723832
es	wikisource	so la	2	61	sola	es	wikisource	al os	2	5	alos	5.918894
es	wikisource	so la	2	61	sola	es	wikisource	álos	1	5	alos	5.918894
es	wikisource	solá	1	16	sola	es	wikisource	alos	1	50	alos	6.765039
es	wikisource	usa se	2	5	usase	es	wikisource	es a su	3	61	esasu	5.918894
es	wikisource	y oir	2	15	yoir	es	wikisource	rio y	2	51	rioy	6.723832
es	wikisource	y sara	2	20	ysara	es	wikisource	aras y	2	46	arasy	6.89467
es	wikisource	yá se	2	23	yase	es	wikisource	esa y	2	43	esay	6.962243
es	wikisource	álos	1	5	alos	es	wikisource	so la	2	61	sola	5.918894
es	wikisource	ésa la	2	59	esala	es	wikisource	ala se	2	7	alase	6.173786
es	wikisource	a carta	2	49	acarta	es	wikisource	atraca	1	16	atraca	6.745236
es	wikisource	a díaz	2	15	adiaz	es	wikisource	zaida	1	50	zaida	6.704414
es	wikisource	afín	1	54	afin	es	wikisource	ni fa	2	11	nifa	6.49224
es	wikisource	alem	1	50	alem	es	wikisource	mela	1	15	mela	6.704414
es	wikisource	asirse	1	60	asirse	es	wikisource	es risa	2	5	esrisa	5.902633
es	wikisource	atraca	1	16	atraca	es	wikisource	a carta	2	49	acarta	6.745236
es	wikisource	atrás al	2	53	atrasal	es	wikisource	la sarta	2	12	lasarta	6.553933
es	wikisource	dele	1	60	dele	es	wikisource	el ed	2	5	eled	5.902633
es	wikisource	el ed	2	5	eled	es	wikisource	dele	1	60	dele	5.902633
es	wikisource	elam	1	25	elam	es	wikisource	male	1	40	male	6.971669
es	wikisource	es a lo	3	58	esalo	es	wikisource	ola se	2	7	olase	6.156979
es	wikisource	es es	2	55	eses	es	wikisource	sese	1	10	sese	6.423247
es	wikisource	es risa	2	5	esrisa	es	wikisource	asirse	1	60	asirse	5.902633
es	wikisource	iii al	2	40	iiial	es	wikisource	la iii	2	25	laiii	6.971669
es	wikisource	la iii	2	25	laiii	es	wikisource	iii al	2	40	iiial	6.971669
es	wikisource	la sarta	2	12	lasarta	es	wikisource	atrás al	2	53	atrasal	6.553933
es	wikisource	lea las	2	9	lealas	es	wikisource	sala el	2	56	salael	6.345636
es	wikisource	leyó y	2	49	leyoy	es	wikisource	yo y él	3	16	yoyel	6.745236
es	wikisource	male	1	40	male	es	wikisource	elam	1	25	elam	6.971669
es	wikisource	mela	1	15	mela	es	wikisource	alem	1	50	alem	6.704414
es	wikisource	ni fa	2	11	nifa	es	wikisource	afín	1	54	afin	6.49224
es	wikisource	no des	2	60	nodes	es	wikisource	sé don	2	5	sedon	5.902633
es	wikisource	ola se	2	7	olase	es	wikisource	es a lo	3	58	esalo	6.156979
es	wikisource	oí las	2	12	oilas	es	wikisource	salio	1	53	salio	6.553933
es	wikisource	ramal a	2	5	ramala	es	wikisource	á la mar	3	60	alamar	5.902633
es	wikisource	sala el	2	56	salael	es	wikisource	lea las	2	9	lealas	6.345636
es	wikisource	salio	1	53	salio	es	wikisource	oí las	2	12	oilas	6.553933
es	wikisource	sese	1	10	sese	es	wikisource	es es	2	55	eses	6.423247
es	wikisource	sé don	2	5	sedon	es	wikisource	no des	2	60	nodes	5.902633
es	wikisource	yo y él	3	16	yoyel	es	wikisource	leyó y	2	49	leyoy	6.745236
es	wikisource	zaida	1	50	zaida	es	wikisource	a díaz	2	15	adiaz	6.704414
es	wikisource	á la mar	3	60	alamar	es	wikisource	ramal a	2	5	ramala	5.902633
es	wikisource	a hoy	2	23	ahoy	es	wikisource	yo ha	2	41	yoha	6.915723
es	wikisource	aduna	1	32	aduna	es	wikisource	anuda	1	32	anuda	6.993015
es	wikisource	ah ah	2	57	ahah	es	wikisource	ha ha	2	7	haha	6.139885
es	wikisource	anuda	1	32	anuda	es	wikisource	aduna	1	32	aduna	6.993015
es	wikisource	aram	1	45	aram	es	wikisource	mar á	2	19	mara	6.824374
es	wikisource	aser	1	53	aser	es	wikisource	res a	2	11	resa	6.473891
es	wikisource	ha ha	2	7	haha	es	wikisource	ah ah	2	57	ahah	6.139885
es	wikisource	mar á	2	19	mara	es	wikisource	aram	1	45	aram	6.824374
es	wikisource	oso y	2	59	osoy	es	wikisource	y oso	2	5	yoso	5.886104
es	wikisource	oso y	2	59	osoy	es	wikisource	y osó	2	5	yoso	5.886104
es	wikisource	oso y	2	59	osoy	es	wikisource	yo so	2	5	yoso	5.886104
es	wikisource	res a	2	11	resa	es	wikisource	aser	1	53	aser	6.473891
es	wikisource	seros	1	55	seros	es	wikisource	sores	1	9	sores	6.327937
es	wikisource	sores	1	9	sores	es	wikisource	seros	1	55	seros	6.327937
es	wikisource	y oso	2	5	yoso	es	wikisource	oso y	2	59	osoy	5.886104
es	wikisource	y osó	2	5	yoso	es	wikisource	oso y	2	59	osoy	5.886104
es	wikisource	yo ha	2	41	yoha	es	wikisource	a hoy	2	23	ahoy	6.915723
es	wikisource	yo so	2	5	yoso	es	wikisource	oso y	2	59	osoy	5.886104
es	wikisource	a eva	2	47	aeva	es	wikisource	ave a	2	16	avea	6.704414
es	wikisource	ador	1	7	ador	es	wikisource	roda	1	56	roda	6.122493
es	wikisource	adula	1	54	adula	es	wikisource	aluda	1	9	aluda	6.309918
es	wikisource	ah el	2	56	ahel	es	wikisource	le há	2	7	leha	6.122493
es	wikisource	aires al	2	40	airesal	es	wikisource	la seria	2	23	laseria	6.891626
es	wikisource	al non	2	7	alnon	es	wikisource	non la	2	56	nonla	6.122493
es	wikisource	alas al	2	53	alasal	es	wikisource	la sal a	3	10	lasala	6.386879
es	wikisource	aluda	1	9	aluda	es	wikisource	adula	1	54	adula	6.309918
es	wikisource	ave a	2	16	avea	es	wikisource	a eva	2	47	aeva	6.704414
es	wikisource	e les	2	39	eles	es	wikisource	sé le	2	24	sele	6.907755
es	wikisource	es es	2	55	eses	es	wikisource	sesé	1	8	sese	6.222576
es	wikisource	es te	2	19	este	es	wikisource	et se	2	44	etse	6.802395
es	wikisource	et se	2	44	etse	es	wikisource	es te	2	19	este	6.802395
es	wikisource	la sal a	3	10	lasala	es	wikisource	alas al	2	53	alasal	6.386879
es	wikisource	la seria	2	23	laseria	es	wikisource	aires al	2	40	airesal	6.891626
es	wikisource	le há	2	7	leha	es	wikisource	ah el	2	56	ahel	6.122493
es	wikisource	mil o	2	42	milo	es	wikisource	olim	1	21	olim	6.852243
es	wikisource	nemus	1	12	nemus	es	wikisource	sumen	1	51	sumen	6.516193
es	wikisource	nenes	1	56	nenes	es	wikisource	senén	1	7	senen	6.122493
es	wikisource	non la	2	56	nonla	es	wikisource	al non	2	7	alnon	6.122493
es	wikisource	o no yo	3	6	onoyo	es	wikisource	o yo no	3	57	oyono	6.006353
es	wikisource	o yo no	3	57	oyono	es	wikisource	o no yo	3	6	onoyo	6.006353
es	wikisource	olim	1	21	olim	es	wikisource	mil o	2	42	milo	6.852243
es	wikisource	ramus	1	10	ramus	es	wikisource	su mar	2	53	sumar	6.386879
es	wikisource	roda	1	56	roda	es	wikisource	ador	1	7	ador	6.122493
es	wikisource	senén	1	7	senen	es	wikisource	nenes	1	56	nenes	6.122493
es	wikisource	sesé	1	8	sese	es	wikisource	es es	2	55	eses	6.222576
es	wikisource	su mar	2	53	sumar	es	wikisource	ramus	1	10	ramus	6.386879
es	wikisource	sumen	1	51	sumen	es	wikisource	nemus	1	12	nemus	6.516193
es	wikisource	sé le	2	24	sele	es	wikisource	e les	2	39	eles	6.907755
es	wikisource	y arroz	2	28	yarroz	es	wikisource	zorra y	2	35	zorray	6.950815
es	wikisource	zorra y	2	35	zorray	es	wikisource	y arroz	2	28	yarroz	6.950815
es	wikisource	acul	1	5	acul	es	wikisource	luca	1	57	luca	5.852202
es	wikisource	adad	1	39	adad	es	wikisource	dad a	2	23	dada	6.866933
es	wikisource	alos	1	50	alos	es	wikisource	sóla	1	12	sola	6.496775
es	wikisource	anne	1	21	anne	es	wikisource	enna	1	41	enna	6.828712
es	wikisource	atar al	2	11	ataral	es	wikisource	la rata	2	51	larata	6.43615
es	wikisource	aíli	1	7	aili	es	wikisource	ilia	1	55	ilia	6.104793
es	wikisource	dad a	2	23	dada	es	wikisource	adad	1	39	adad	6.866933
es	wikisource	enna	1	41	enna	es	wikisource	anne	1	21	anne	6.828712
es	wikisource	ilia	1	55	ilia	es	wikisource	aíli	1	7	aili	6.104793
es	wikisource	la rata	2	51	larata	es	wikisource	atar al	2	11	ataral	6.43615
es	wikisource	luca	1	57	luca	es	wikisource	acul	1	5	acul	5.852202
es	wikisource	léese	1	7	leese	es	wikisource	ése el	2	55	eseel	6.104793
es	wikisource	rió y	2	40	rioy	es	wikisource	yo ir	2	22	yoir	6.849066
es	wikisource	sóla	1	12	sola	es	wikisource	alos	1	50	alos	6.496775
es	wikisource	y amor a	3	53	yamora	es	wikisource	á roma y	3	9	aromay	6.291569
es	wikisource	yo ir	2	22	yoir	es	wikisource	rió y	2	40	rioy	6.849066
es	wikisource	á roma y	3	9	aromay	es	wikisource	y amor a	3	53	yamora	6.291569
es	wikisource	ése el	2	55	eseel	es	wikisource	léese	1	7	leese	6.104793
es	wikisource	a ti de	3	46	atide	es	wikisource	edita	1	15	edita	6.622736
es	wikisource	aire sus	2	56	airesus	es	wikisource	su seria	2	5	suseria	5.834811
es	wikisource	airones	1	22	airones	es	wikisource	señoria	1	39	senoria	6.824374
es	wikisource	dier	1	40	dier	es	wikisource	reid	1	21	reid	6.804615
es	wikisource	e dis	2	28	edis	es	wikisource	side	1	33	side	6.893656
es	wikisource	edita	1	15	edita	es	wikisource	a ti de	3	46	atide	6.622736
es	wikisource	era mal	2	53	eramal	es	wikisource	la mare	2	8	lamare	6.186209
es	wikisource	la mare	2	8	lamare	es	wikisource	era mal	2	53	eramal	6.186209
es	wikisource	lee se	2	6	leese	es	wikisource	ése el	2	55	eseel	5.971262
es	wikisource	limay	1	39	limay	es	wikisource	ya mil	2	22	yamil	6.824374
es	wikisource	o amor	2	29	oamor	es	wikisource	roma o	2	32	romao	6.897705
es	wikisource	oídle	1	5	oidle	es	wikisource	él dio	2	56	eldio	5.834811
es	wikisource	reid	1	21	reid	es	wikisource	dier	1	40	dier	6.804615
es	wikisource	roma o	2	32	romao	es	wikisource	o amor	2	29	oamor	6.897705
es	wikisource	señoria	1	39	senoria	es	wikisource	airones	1	22	airones	6.824374
es	wikisource	side	1	33	side	es	wikisource	e dis	2	28	edis	6.893656
es	wikisource	su seria	2	5	suseria	es	wikisource	aire sus	2	56	airesus	5.834811
es	wikisource	ya mil	2	22	yamil	es	wikisource	limay	1	39	limay	6.824374
es	wikisource	él dio	2	56	eldio	es	wikisource	oídle	1	5	oidle	5.834811
es	wikisource	ése el	2	55	eseel	es	wikisource	lee se	2	6	leese	5.971262
es	wikisource	argo	1	51	argo	es	wikisource	ogra	1	9	ogra	6.253829
es	wikisource	dier	1	40	dier	es	wikisource	reíd	1	20	reid	6.758095
es	wikisource	el reló	2	53	elrelo	es	wikisource	olerle	1	7	olerle	6.068426
es	wikisource	la mina y	3	22	laminay	es	wikisource	y animal	2	38	yanimal	6.799056
es	wikisource	no cayó	2	49	nocayo	es	wikisource	o ya con	3	11	oyacon	6.39693
es	wikisource	nos et	2	5	noset	es	wikisource	te son	2	55	teson	5.817111
es	wikisource	o ya con	3	11	oyacon	es	wikisource	no cayó	2	49	nocayo	6.39693
es	wikisource	ogra	1	9	ogra	es	wikisource	argo	1	51	argo	6.253829
es	wikisource	oit y	2	17	oity	es	wikisource	y tío	2	43	ytio	6.674561
es	wikisource	olerle	1	7	olerle	es	wikisource	el reló	2	53	elrelo	6.068426
es	wikisource	reíd	1	20	reid	es	wikisource	dier	1	40	dier	6.758095
es	wikisource	te son	2	55	teson	es	wikisource	nos et	2	5	noset	5.817111
es	wikisource	y animal	2	38	yanimal	es	wikisource	la mina y	3	22	laminay	6.799056
es	wikisource	y tío	2	43	ytio	es	wikisource	oit y	2	17	oity	6.674561
es	wikisource	a darla	2	50	adarla	es	wikisource	al rada	2	9	alrada	6.234411
es	wikisource	a malas	2	32	amalas	es	wikisource	salamá	1	27	salama	6.828712
es	wikisource	aires o	2	54	aireso	es	wikisource	o seria	2	5	oseria	5.799093
es	wikisource	al aroma	2	8	alaroma	es	wikisource	amor á la	3	51	amorala	6.148468
es	wikisource	al rada	2	9	alrada	es	wikisource	a darla	2	50	adarla	6.234411
es	wikisource	amor á la	3	51	amorala	es	wikisource	al aroma	2	8	alaroma	6.148468
es	wikisource	ana es	2	17	anaes	es	wikisource	sean a	2	42	seana	6.651572
es	wikisource	anata	1	42	anata	es	wikisource	atan a	2	17	atana	6.651572
es	wikisource	atan a	2	17	atana	es	wikisource	anata	1	42	anata	6.651572
es	wikisource	el si	2	46	elsi	es	wikisource	isle	1	13	isle	6.489205
es	wikisource	en él es	3	52	eneles	es	wikisource	selene	1	7	selene	6.049733
es	wikisource	era mal	2	53	eramal	es	wikisource	la mar e	3	6	lamare	5.934894
es	wikisource	inri	1	30	inri	es	wikisource	ir ni	2	29	irni	6.835185
es	wikisource	ir ni	2	29	irni	es	wikisource	inri	1	30	inri	6.835185
es	wikisource	isle	1	13	isle	es	wikisource	el si	2	46	elsi	6.489205
es	wikisource	la ma	2	34	lama	es	wikisource	á mal	2	25	amal	6.813445
es	wikisource	la mar e	3	6	lamare	es	wikisource	era mal	2	53	eramal	5.934894
es	wikisource	o seria	2	5	oseria	es	wikisource	aires o	2	54	aireso	5.799093
es	wikisource	reconocer á	2	12	reconocera	es	wikisource	á reconocer	2	47	areconocer	6.43615
es	wikisource	salamá	1	27	salama	es	wikisource	a malas	2	32	amalas	6.828712
es	wikisource	saña y	2	54	sanay	es	wikisource	y anás	2	5	yanas	5.799093
es	wikisource	sean a	2	42	seana	es	wikisource	ana es	2	17	anaes	6.651572
es	wikisource	selene	1	7	selene	es	wikisource	en él es	3	52	eneles	6.049733
es	wikisource	y anás	2	5	yanas	es	wikisource	saña y	2	54	sanay	5.799093
es	wikisource	á mal	2	25	amal	es	wikisource	la ma	2	34	lama	6.813445
es	wikisource	á reconocer	2	47	areconocer	es	wikisource	reconocer á	2	12	reconocera	6.43615
es	wikisource	a la mina	3	20	alamina	es	wikisource	animal a	2	38	animala	6.708084
es	wikisource	a mares	2	53	amares	es	wikisource	ser ama	2	5	serama	5.780744
es	wikisource	agra	1	43	agra	es	wikisource	arga	1	15	arga	6.556778
es	wikisource	ama le	2	38	amale	es	wikisource	él ama	2	20	elama	6.708084
es	wikisource	animal a	2	38	animala	es	wikisource	a la mina	3	20	alamina	6.708084
es	wikisource	arga	1	15	arga	es	wikisource	agra	1	43	agra	6.556778
es	wikisource	así va	2	52	asiva	es	wikisource	avisá	1	6	avisa	5.916202
es	wikisource	avisá	1	6	avisa	es	wikisource	así va	2	52	asiva	5.916202
es	wikisource	díez	1	48	diez	es	wikisource	zeid	1	10	zeid	6.289716
es	wikisource	e dos	2	43	edos	es	wikisource	so de	2	15	sode	6.556778
es	wikisource	e mas	2	34	emas	es	wikisource	same	1	24	same	6.774224
es	wikisource	e nos	2	46	enos	es	wikisource	son e	2	12	sone	6.415097
es	wikisource	ese le	2	19	esele	es	wikisource	él ese	2	39	elese	6.684612
es	wikisource	etolos	1	20	etolos	es	wikisource	solo te	2	38	solote	6.708084
es	wikisource	ni amor	2	46	niamor	es	wikisource	romain	1	12	romain	6.415097
es	wikisource	romain	1	12	romain	es	wikisource	ni amor	2	46	niamor	6.415097
es	wikisource	same	1	24	same	es	wikisource	e mas	2	34	emas	6.774224
es	wikisource	ser ama	2	5	serama	es	wikisource	a mares	2	53	amares	5.780744
es	wikisource	so de	2	15	sode	es	wikisource	e dos	2	43	edos	6.556778
es	wikisource	solo te	2	38	solote	es	wikisource	etolos	1	20	etolos	6.708084
es	wikisource	son e	2	12	sone	es	wikisource	e nos	2	46	enos	6.415097
es	wikisource	zeid	1	10	zeid	es	wikisource	díez	1	48	diez	6.289716
es	wikisource	él ama	2	20	elama	es	wikisource	ama le	2	38	amale	6.708084
es	wikisource	él ese	2	39	elese	es	wikisource	ese le	2	19	esele	6.684612
es	wikisource	a locas	2	28	alocas	es	wikisource	saco la	2	29	sacola	6.768493
es	wikisource	abas	1	12	abas	es	wikisource	saba	1	45	saba	6.393591
es	wikisource	ah es	2	47	ahes	es	wikisource	se hà	2	10	seha	6.269096
es	wikisource	al abad	2	50	alabad	es	wikisource	dábala	1	7	dabala	6.011267
es	wikisource	alabamos a	2	11	alabamosa	es	wikisource	asomaba la	2	46	asomabala	6.335054
es	wikisource	amar es	2	52	amares	es	wikisource	ser ama	2	5	serama	5.762051
es	wikisource	ares	1	32	ares	es	wikisource	ser á	2	25	sera	6.754604
es	wikisource	asomaba la	2	46	asomabala	es	wikisource	alabamos a	2	11	alabamosa	6.335054
es	wikisource	ayo del	2	11	ayodel	es	wikisource	le doy a	3	46	ledoya	6.335054
es	wikisource	dábala	1	7	dabala	es	wikisource	al abad	2	50	alabad	6.011267
es	wikisource	e dió	2	5	edio	es	wikisource	oí de	2	52	oide	5.762051
es	wikisource	ii al	2	30	iial	es	wikisource	la ii	2	27	laii	6.766192
es	wikisource	la ii	2	27	laii	es	wikisource	ii al	2	30	iial	6.766192
es	wikisource	le doy a	3	46	ledoya	es	wikisource	ayo del	2	11	ayodel	6.335054
es	wikisource	oí de	2	52	oide	es	wikisource	e dió	2	5	edio	5.762051
es	wikisource	raya y	2	51	rayay	es	wikisource	y ayar	2	6	yayar	5.897154
es	wikisource	rebasa	1	52	rebasa	es	wikisource	à saber	2	5	asaber	5.762051
es	wikisource	saba	1	45	saba	es	wikisource	abas	1	12	abas	6.393591
es	wikisource	saco la	2	29	sacola	es	wikisource	a locas	2	28	alocas	6.768493
es	wikisource	se hà	2	10	seha	es	wikisource	ah es	2	47	ahes	6.269096
es	wikisource	ser ama	2	5	serama	es	wikisource	amar es	2	52	amares	5.762051
es	wikisource	ser á	2	25	sera	es	wikisource	ares	1	32	ares	6.754604
es	wikisource	y ayar	2	6	yayar	es	wikisource	raya y	2	51	rayay	5.897154
es	wikisource	à saber	2	5	asaber	es	wikisource	rebasa	1	52	rebasa	5.762051
es	wikisource	a dis	2	7	adis	es	wikisource	si da	2	49	sida	5.991465
es	wikisource	a ivan	2	20	aivan	es	wikisource	navia	1	36	navia	6.65544
es	wikisource	a ned	2	29	aned	es	wikisource	de na	2	27	dena	6.733402
es	wikisource	a son	2	51	ason	es	wikisource	no sa	2	5	nosa	5.743003
es	wikisource	aisa	1	8	aisa	es	wikisource	asía	1	48	asia	6.089045
es	wikisource	aleves	1	45	aleves	es	wikisource	se vé la	3	11	sevela	6.313548
es	wikisource	allah y	2	11	allahy	es	wikisource	y halla	2	45	yhalla	6.313548
es	wikisource	alá y	2	30	alay	es	wikisource	y ala	2	26	yala	6.729824
es	wikisource	alí el	2	31	aliel	es	wikisource	leí la	2	25	leila	6.723832
es	wikisource	amó con	2	24	amocon	es	wikisource	no coma	2	32	nocoma	6.715383
es	wikisource	ana su	2	13	anasu	es	wikisource	usana	1	43	usana	6.423247
es	wikisource	asía	1	48	asia	es	wikisource	aisa	1	8	aisa	6.089045
es	wikisource	ayos	1	35	ayos	es	wikisource	soya	1	21	soya	6.674561
es	wikisource	de na	2	27	dena	es	wikisource	a ned	2	29	aned	6.733402
es	wikisource	di lo	2	47	dilo	es	wikisource	olid	1	9	olid	6.173786
es	wikisource	e les	2	39	eles	es	wikisource	sele	1	17	sele	6.579251
es	wikisource	et su	2	43	etsu	es	wikisource	uste	1	13	uste	6.423247
es	wikisource	isil	1	12	isil	es	wikisource	lisi	1	44	lisi	6.371612
es	wikisource	leí la	2	25	leila	es	wikisource	alí el	2	31	aliel	6.723832
es	wikisource	lisi	1	44	lisi	es	wikisource	isil	1	12	isil	6.371612
es	wikisource	navia	1	36	navia	es	wikisource	a ivan	2	20	aivan	6.65544
es	wikisource	no coma	2	32	nocoma	es	wikisource	amó con	2	24	amocon	6.715383
es	wikisource	no sa	2	5	nosa	es	wikisource	a son	2	51	ason	5.743003
es	wikisource	olid	1	9	olid	es	wikisource	di lo	2	47	dilo	6.173786
es	wikisource	se vé la	3	11	sevela	es	wikisource	aleves	1	45	aleves	6.313548
es	wikisource	sele	1	17	sele	es	wikisource	e les	2	39	eles	6.579251
es	wikisource	seña y	2	41	senay	es	wikisource	yanes	1	15	yanes	6.510258
es	wikisource	si da	2	49	sida	es	wikisource	a dis	2	7	adis	5.991465
es	wikisource	soya	1	21	soya	es	wikisource	ayos	1	35	ayos	6.674561
es	wikisource	usana	1	43	usana	es	wikisource	ana su	2	13	anasu	6.423247
es	wikisource	uste	1	13	uste	es	wikisource	et su	2	43	etsu	6.423247
es	wikisource	y ala	2	26	yala	es	wikisource	alá y	2	30	alay	6.729824
es	wikisource	y halla	2	45	yhalla	es	wikisource	allah y	2	11	allahy	6.313548
es	wikisource	yanes	1	15	yanes	es	wikisource	seña y	2	41	senay	6.510258
es	wikisource	a agis	2	20	aagis	es	wikisource	siga a	2	35	sigaa	6.628041
es	wikisource	a cal	2	9	acal	es	wikisource	laca	1	46	laca	6.152733
es	wikisource	a jabón	2	7	ajabon	es	wikisource	no baja	2	48	nobaja	5.971262
es	wikisource	a lid	2	8	alid	es	wikisource	dila	1	47	dila	6.068426
es	wikisource	a seres	2	47	aseres	es	wikisource	ser ésa	2	8	seresa	6.068426
es	wikisource	a ti tal	3	5	atital	es	wikisource	la tita	2	50	latita	5.723585
es	wikisource	agis y	2	15	agisy	es	wikisource	y siga	2	40	ysiga	6.486161
es	wikisource	aita	1	45	aita	es	wikisource	á ti á	3	10	atia	6.226537
es	wikisource	alava	1	48	alava	es	wikisource	avala	1	7	avala	5.971262
es	wikisource	allí tu	2	16	allitu	es	wikisource	útil la	2	39	utilla	6.522093
es	wikisource	arat	1	5	arat	es	wikisource	tara	1	50	tara	5.723585
es	wikisource	ares	1	32	ares	es	wikisource	serà	1	23	sera	6.674561
es	wikisource	asi es	2	47	asies	es	wikisource	seis á	2	8	seisa	6.068426
es	wikisource	avala	1	7	avala	es	wikisource	alava	1	48	alava	5.971262
es	wikisource	dila	1	47	dila	es	wikisource	a lid	2	8	alid	6.068426
es	wikisource	isle	1	13	isle	es	wikisource	él sí	2	42	elsi	6.400257
es	wikisource	la tita	2	50	latita	es	wikisource	a ti tal	3	5	atital	5.723585
es	wikisource	laca	1	46	laca	es	wikisource	a cal	2	9	acal	6.152733
es	wikisource	ley a las	3	40	leyalas	es	wikisource	sala y el	3	15	salayel	6.486161
es	wikisource	los us	2	6	losus	es	wikisource	su sol	2	49	susol	5.857933
es	wikisource	no baja	2	48	nobaja	es	wikisource	a jabón	2	7	ajabon	5.971262
es	wikisource	no no y	3	25	nonoy	es	wikisource	yo non	2	30	yonon	6.692084
es	wikisource	rió y	2	40	rioy	es	wikisource	y oir	2	15	yoir	6.486161
es	wikisource	sala y el	3	15	salayel	es	wikisource	ley a las	3	40	leyalas	6.486161
es	wikisource	seis á	2	8	seisa	es	wikisource	asi es	2	47	asies	6.068426
es	wikisource	ser ésa	2	8	seresa	es	wikisource	a seres	2	47	aseres	6.068426
es	wikisource	serà	1	23	sera	es	wikisource	ares	1	32	ares	6.674561
es	wikisource	siga a	2	35	sigaa	es	wikisource	a agis	2	20	aagis	6.628041
es	wikisource	su sol	2	49	susol	es	wikisource	los us	2	6	losus	5.857933
es	wikisource	tara	1	50	tara	es	wikisource	arat	1	5	arat	5.723585
es	wikisource	y oir	2	15	yoir	es	wikisource	rió y	2	40	rioy	6.486161
es	wikisource	y siga	2	40	ysiga	es	wikisource	agis y	2	15	agisy	6.486161
es	wikisource	yo lo soy	3	43	yolosoy	es	wikisource	yo solo y	3	12	yosoloy	6.349139
es	wikisource	yo non	2	30	yonon	es	wikisource	no no y	3	25	nonoy	6.692084
es	wikisource	yo solo y	3	12	yosoloy	es	wikisource	yo lo soy	3	43	yolosoy	6.349139
es	wikisource	á ti á	3	10	atia	es	wikisource	aita	1	45	aita	6.226537
es	wikisource	él sí	2	42	elsi	es	wikisource	isle	1	13	isle	6.400257
es	wikisource	útil la	2	39	utilla	es	wikisource	allí tu	2	16	allitu	6.522093
es	wikisource	a río	2	40	ario	es	wikisource	oir a	2	14	oira	6.421622
es	wikisource	a tela	2	5	atela	es	wikisource	aleta	1	49	aleta	5.703782
es	wikisource	a vidal	2	25	avidal	es	wikisource	la diva	2	29	ladiva	6.659294
es	wikisource	aleta	1	49	aleta	es	wikisource	a tela	2	5	atela	5.703782
es	wikisource	ama las	2	27	amalas	es	wikisource	salamá	1	27	salama	6.664409
es	wikisource	amal	1	20	amal	es	wikisource	la ma	2	34	lama	6.59987
es	wikisource	ana del	2	9	anadel	es	wikisource	le dan a	3	45	ledana	6.131226
es	wikisource	ardo	1	47	ardo	es	wikisource	odrá	1	7	odra	5.950643
es	wikisource	año de las	3	16	anodelas	es	wikisource	sale doña	2	38	saledona	6.496775
es	wikisource	ep se	2	25	epse	es	wikisource	espe	1	29	espe	6.659294
es	wikisource	espe	1	29	espe	es	wikisource	ep se	2	25	epse	6.659294
es	wikisource	la diva	2	29	ladiva	es	wikisource	a vidal	2	25	avidal	6.659294
es	wikisource	la ma	2	34	lama	es	wikisource	amal	1	20	amal	6.59987
es	wikisource	le dan a	3	45	ledana	es	wikisource	ana del	2	9	anadel	6.131226
es	wikisource	lea los	2	7	lealos	es	wikisource	sola el	2	47	solael	5.950643
es	wikisource	odrá	1	7	odra	es	wikisource	ardo	1	47	ardo	5.950643
es	wikisource	oir a	2	14	oira	es	wikisource	a río	2	40	ario	6.421622
es	wikisource	rapa	1	30	rapa	es	wikisource	á par	2	24	apar	6.652863
es	wikisource	ropones	1	23	ropones	es	wikisource	seno por	2	31	senopor	6.64379
es	wikisource	salamá	1	27	salama	es	wikisource	ama las	2	27	amalas	6.664409
es	wikisource	sale doña	2	38	saledona	es	wikisource	año de las	3	16	anodelas	6.496775
es	wikisource	selis y	2	5	selisy	es	wikisource	y si les	3	49	ysiles	5.703782
es	wikisource	seno por	2	31	senopor	es	wikisource	ropones	1	23	ropones	6.64379
es	wikisource	seña y	2	41	senay	es	wikisource	yáñes	1	13	yanes	6.376727
es	wikisource	sola el	2	47	solael	es	wikisource	lea los	2	7	lealos	5.950643
es	wikisource	sólo soy	2	41	solosoy	es	wikisource	yo solos	2	13	yosolos	6.376727
es	wikisource	y si les	3	49	ysiles	es	wikisource	selis y	2	5	selisy	5.703782
es	wikisource	ya hoy	2	35	yahoy	es	wikisource	yo hay	2	19	yohay	6.579251
es	wikisource	yo hay	2	19	yohay	es	wikisource	ya hoy	2	35	yahoy	6.579251
es	wikisource	yo solos	2	13	yosolos	es	wikisource	sólo soy	2	41	solosoy	6.376727
es	wikisource	yáñes	1	13	yanes	es	wikisource	seña y	2	41	senay	6.376727
es	wikisource	á par	2	24	apar	es	wikisource	rapa	1	30	rapa	6.652863
es	wikisource	a reconocer el	3	48	areconocerel	es	wikisource	le reconocerá	2	5	lereconocera	5.68358
es	wikisource	aceta	1	6	aceta	es	wikisource	ateca	1	47	ateca	5.817111
es	wikisource	ah es	2	47	ahes	es	wikisource	sé ha	2	6	seha	5.817111
es	wikisource	ah le	2	8	ahle	es	wikisource	el ha	2	45	elha	6.025866
es	wikisource	ah los	2	26	ahlos	es	wikisource	sol ha	2	27	solha	6.628041
es	wikisource	alava	1	48	alava	es	wikisource	aval a	2	5	avala	5.68358
es	wikisource	allá o	2	26	allao	es	wikisource	o allá	2	27	oalla	6.628041
es	wikisource	ateca	1	47	ateca	es	wikisource	aceta	1	6	aceta	5.817111
es	wikisource	aval a	2	5	avala	es	wikisource	alava	1	48	alava	5.68358
es	wikisource	e malos	2	7	emalos	es	wikisource	sola me	2	46	solame	5.929589
es	wikisource	e son	2	27	eson	es	wikisource	nos e	2	26	nose	6.628041
es	wikisource	el ha	2	45	elha	es	wikisource	ah le	2	8	ahle	6.025866
es	wikisource	esa su	2	37	esasu	es	wikisource	úsase	1	16	usase	6.4708
es	wikisource	le reconocerá	2	5	lereconocera	es	wikisource	a reconocer el	3	48	areconocerel	5.68358
es	wikisource	limay	1	39	limay	es	wikisource	y a mil	3	14	yamil	6.39693
es	wikisource	nata y	2	35	natay	es	wikisource	y a tan	3	18	yatan	6.527958
es	wikisource	naval y	2	48	navaly	es	wikisource	y lavan	2	5	ylavan	5.68358
es	wikisource	nos e	2	26	nose	es	wikisource	e son	2	27	eson	6.628041
es	wikisource	o allá	2	27	oalla	es	wikisource	allá o	2	26	allao	6.628041
es	wikisource	olor o	2	9	oloro	es	wikisource	oro lo	2	44	orolo	6.109248
es	wikisource	oro lo	2	44	orolo	es	wikisource	olor o	2	9	oloro	6.109248
es	wikisource	oírle y	2	43	oirley	es	wikisource	y el rio	3	10	yelrio	6.182085
es	wikisource	sol ha	2	27	solha	es	wikisource	ah los	2	26	ahlos	6.628041
es	wikisource	sola me	2	46	solame	es	wikisource	e malos	2	7	emalos	5.929589
es	wikisource	sort	1	9	sort	es	wikisource	tros	1	44	tros	6.109248
es	wikisource	sé ha	2	6	seha	es	wikisource	ah es	2	47	ahes	5.817111
es	wikisource	tros	1	44	tros	es	wikisource	sort	1	9	sort	6.109248
es	wikisource	y a mil	3	14	yamil	es	wikisource	limay	1	39	limay	6.39693
es	wikisource	y a tan	3	18	yatan	es	wikisource	nata y	2	35	natay	6.527958
es	wikisource	y el rio	3	10	yelrio	es	wikisource	oírle y	2	43	oirley	6.182085
es	wikisource	y lavan	2	5	ylavan	es	wikisource	naval y	2	48	navaly	5.68358
es	wikisource	úsase	1	16	usase	es	wikisource	esa su	2	37	esasu	6.4708
es	wikisource	a iba	2	5	aiba	es	wikisource	abía	1	47	abia	5.66296
es	wikisource	a oro	2	38	aoro	es	wikisource	oró á	2	14	oroa	6.371612
es	wikisource	a rey	2	47	arey	es	wikisource	yera	1	5	yera	5.66296
es	wikisource	a tona	2	12	atona	es	wikisource	anota	1	40	anota	6.278521
es	wikisource	abad le	2	7	abadle	es	wikisource	él daba	2	45	eldaba	5.908083
es	wikisource	abía	1	47	abia	es	wikisource	a iba	2	5	aiba	5.66296
es	wikisource	al oso	2	42	aloso	es	wikisource	o sola	2	10	osola	6.159095
es	wikisource	ala y	2	45	alay	es	wikisource	yá la	2	7	yala	5.908083
es	wikisource	allí o	2	47	allio	es	wikisource	oílla	1	5	oilla	5.66296
es	wikisource	amicus	1	10	amicus	es	wikisource	su cima	2	42	sucima	6.159095
es	wikisource	anota	1	40	anota	es	wikisource	a tona	2	12	atona	6.278521
es	wikisource	asir y	2	5	asiry	es	wikisource	y risa	2	47	yrisa	5.66296
es	wikisource	atan al	2	7	atanal	es	wikisource	la nata	2	45	lanata	5.908083
es	wikisource	aya e	2	8	ayae	es	wikisource	ea ya	2	44	eaya	6.003887
es	wikisource	déle	1	47	dele	es	wikisource	el ed	2	5	eled	5.66296
es	wikisource	ea ya	2	44	eaya	es	wikisource	aya e	2	8	ayae	6.003887
es	wikisource	ecer	1	8	ecer	es	wikisource	recé	1	44	rece	6.003887
es	wikisource	el ed	2	5	eled	es	wikisource	déle	1	47	dele	5.66296
es	wikisource	eraso	1	26	eraso	es	wikisource	osaré	1	26	osare	6.591674
es	wikisource	es y los	3	9	esylos	es	wikisource	sol y se	3	43	solyse	6.086775
es	wikisource	et seis	2	15	etseis	es	wikisource	sí este	2	37	sieste	6.410175
es	wikisource	la nata	2	45	lanata	es	wikisource	atan al	2	7	atanal	5.908083
es	wikisource	o sola	2	10	osola	es	wikisource	al oso	2	42	aloso	6.159095
es	wikisource	olé y	2	6	oley	es	wikisource	yelo	1	46	yelo	5.796058
es	wikisource	oró á	2	14	oroa	es	wikisource	a oro	2	38	aoro	6.371612
es	wikisource	osaré	1	26	osare	es	wikisource	eraso	1	26	eraso	6.591674
es	wikisource	oílla	1	5	oilla	es	wikisource	allí o	2	47	allio	5.66296
es	wikisource	ratón y	2	33	ratony	es	wikisource	y notar	2	19	ynotar	6.522093
es	wikisource	recé	1	44	rece	es	wikisource	ecer	1	8	ecer	6.003887
es	wikisource	sol y se	3	43	solyse	es	wikisource	es y los	3	9	esylos	6.086775
es	wikisource	su cima	2	42	sucima	es	wikisource	amicus	1	10	amicus	6.159095
es	wikisource	sí este	2	37	sieste	es	wikisource	et seis	2	15	etseis	6.410175
es	wikisource	y notar	2	19	ynotar	es	wikisource	ratón y	2	33	ratony	6.522093
es	wikisource	y risa	2	47	yrisa	es	wikisource	asir y	2	5	asiry	5.66296
es	wikisource	yelo	1	46	yelo	es	wikisource	olé y	2	6	oley	5.796058
es	wikisource	yera	1	5	yera	es	wikisource	a rey	2	47	arey	5.66296
es	wikisource	yá la	2	7	yala	es	wikisource	ala y	2	45	alay	5.908083
es	wikisource	él daba	2	45	eldaba	es	wikisource	abad le	2	7	abadle	5.908083
es	wikisource	a daños	2	6	adanos	es	wikisource	sonada	1	45	sonada	5.774552
es	wikisource	a non	2	10	anon	es	wikisource	non a	2	41	nona	6.135565
es	wikisource	a ti de	3	46	atide	es	wikisource	édita	1	5	edita	5.641907
es	wikisource	afir	1	6	afir	es	wikisource	rifa	1	45	rifa	5.774552
es	wikisource	agrada al	2	20	agradaal	es	wikisource	la adarga	2	31	laadarga	6.510258
es	wikisource	alí se	2	32	alise	es	wikisource	e si la	3	19	esila	6.49224
es	wikisource	an ya	2	6	anya	es	wikisource	ayna	1	45	ayna	5.774552
es	wikisource	aren	1	29	aren	es	wikisource	nera	1	22	nera	6.536692
es	wikisource	ario	1	37	ario	es	wikisource	oir a	2	14	oira	6.345636
es	wikisource	así es y	3	23	asiesy	es	wikisource	y seis a	3	28	yseisa	6.54535
es	wikisource	avien	1	24	avien	es	wikisource	neiva	1	27	neiva	6.55108
es	wikisource	ayna	1	45	ayna	es	wikisource	an ya	2	6	anya	5.774552
es	wikisource	debo y	2	46	deboy	es	wikisource	y obed	2	5	yobed	5.641907
es	wikisource	e si la	3	19	esila	es	wikisource	alí se	2	32	alise	6.49224
es	wikisource	ejidal y	2	42	ejidaly	es	wikisource	y la dije	3	9	yladije	6.063785
es	wikisource	el les	2	35	elles	es	wikisource	selle	1	16	selle	6.416732
es	wikisource	es odio	2	16	esodio	es	wikisource	oído se	2	35	oidose	6.416732
es	wikisource	eso sus	2	23	esosus	es	wikisource	suso se	2	28	susose	6.54535
es	wikisource	eva y	2	35	evay	es	wikisource	y ave	2	16	yave	6.416732
es	wikisource	la adarga	2	31	laadarga	es	wikisource	agrada al	2	20	agradaal	6.510258
es	wikisource	la es	2	42	laes	es	wikisource	seal	1	9	seal	6.063785
es	wikisource	milo	1	30	milo	es	wikisource	olim	1	21	olim	6.52503
es	wikisource	neiva	1	27	neiva	es	wikisource	avien	1	24	avien	6.55108
es	wikisource	nera	1	22	nera	es	wikisource	aren	1	29	aren	6.536692
es	wikisource	non a	2	41	nona	es	wikisource	a non	2	10	anon	6.135565
es	wikisource	oir a	2	14	oira	es	wikisource	ario	1	37	ario	6.345636
es	wikisource	olim	1	21	olim	es	wikisource	milo	1	30	milo	6.52503
es	wikisource	oído se	2	35	oidose	es	wikisource	es odio	2	16	esodio	6.416732
es	wikisource	rifa	1	45	rifa	es	wikisource	afir	1	6	afir	5.774552
es	wikisource	seal	1	9	seal	es	wikisource	la es	2	42	laes	6.063785
es	wikisource	selle	1	16	selle	es	wikisource	el les	2	35	elles	6.416732
es	wikisource	senos y	2	43	senosy	es	wikisource	y sones	2	8	ysones	5.981414
es	wikisource	sonada	1	45	sonada	es	wikisource	a daños	2	6	adanos	5.774552
es	wikisource	suso se	2	28	susose	es	wikisource	eso sus	2	23	esosus	6.54535
es	wikisource	y ave	2	16	yave	es	wikisource	eva y	2	35	evay	6.416732
es	wikisource	y la dije	3	9	yladije	es	wikisource	ejidal y	2	42	ejidaly	6.063785
es	wikisource	y obed	2	5	yobed	es	wikisource	debo y	2	46	deboy	5.641907
es	wikisource	y seis a	3	28	yseisa	es	wikisource	así es y	3	23	asiesy	6.54535
es	wikisource	y sones	2	8	ysones	es	wikisource	senos y	2	43	senosy	5.981414
es	wikisource	édita	1	5	edita	es	wikisource	a ti de	3	46	atide	5.641907
es	wikisource	él ese	2	39	elese	es	wikisource	ése le	2	12	esele	6.253829
es	wikisource	ése le	2	12	esele	es	wikisource	él ese	2	39	elese	6.253829
es	wikisource	a alá	2	32	aala	es	wikisource	ala a	2	18	alaa	6.440947
es	wikisource	a oro	2	38	aoro	es	wikisource	oro á	2	12	oroa	6.228511
es	wikisource	a oírla	2	33	aoirla	es	wikisource	al río a	3	17	alrioa	6.416732
es	wikisource	a río	2	40	ario	es	wikisource	oir á	2	10	oira	6.111467
es	wikisource	adad	1	39	adad	es	wikisource	dad á	2	11	dada	6.173786
es	wikisource	al río a	3	17	alrioa	es	wikisource	a oírla	2	33	aoirla	6.416732
es	wikisource	ala a	2	18	alaa	es	wikisource	a alá	2	32	aala	6.440947
es	wikisource	dad á	2	11	dada	es	wikisource	adad	1	39	adad	6.173786
es	wikisource	dió y	2	23	dioy	es	wikisource	y oíd	2	27	yoid	6.510258
es	wikisource	e devel	2	12	edevel	es	wikisource	leve de	2	38	levede	6.228511
es	wikisource	e si el	3	42	esiel	es	wikisource	lei se	2	8	leise	5.958425
es	wikisource	edit	1	41	edit	es	wikisource	tí de	2	9	tide	6.040255
es	wikisource	erres	1	41	erres	es	wikisource	serre	1	9	serre	6.040255
es	wikisource	es á su	3	6	esasu	es	wikisource	usase	1	44	usase	5.752573
es	wikisource	ese río	2	43	eserio	es	wikisource	oír ese	2	7	oirese	5.863631
es	wikisource	estè	1	6	este	es	wikisource	et se	2	44	etse	5.752573
es	wikisource	et se	2	44	etse	es	wikisource	estè	1	6	este	5.752573
es	wikisource	lamón y	2	17	lamony	es	wikisource	y no mal	3	33	ynomal	6.416732
es	wikisource	lei se	2	8	leise	es	wikisource	e si el	3	42	esiel	5.958425
es	wikisource	leo los	2	7	leolos	es	wikisource	solo él	2	43	soloel	5.863631
es	wikisource	leve de	2	38	levede	es	wikisource	e devel	2	12	edevel	6.228511
es	wikisource	oir á	2	10	oira	es	wikisource	a río	2	40	ario	6.111467
es	wikisource	olió	1	40	olio	es	wikisource	oí lo	2	10	oilo	6.111467
es	wikisource	oro á	2	12	oroa	es	wikisource	a oro	2	38	aoro	6.228511
es	wikisource	oí lo	2	10	oilo	es	wikisource	olió	1	40	olio	6.111467
es	wikisource	oír ese	2	7	oirese	es	wikisource	ese río	2	43	eserio	5.863631
es	wikisource	salem y	2	11	salemy	es	wikisource	y me las	3	39	ymelas	6.173786
es	wikisource	satis	1	43	satis	es	wikisource	sitas	1	7	sitas	5.863631
es	wikisource	serre	1	9	serre	es	wikisource	erres	1	41	erres	6.040255
es	wikisource	sitas	1	7	sitas	es	wikisource	satis	1	43	satis	5.863631
es	wikisource	solo él	2	43	soloel	es	wikisource	leo los	2	7	leolos	5.863631
es	wikisource	tí de	2	9	tide	es	wikisource	edit	1	41	edit	6.040255
es	wikisource	usase	1	44	usase	es	wikisource	es á su	3	6	esasu	5.752573
es	wikisource	usase	1	44	usase	es	wikisource	ésa su	2	6	esasu	5.752573
es	wikisource	y me las	3	39	ymelas	es	wikisource	salem y	2	11	salemy	6.173786
es	wikisource	y no mal	3	33	ynomal	es	wikisource	lamón y	2	17	lamony	6.416732
es	wikisource	y oíd	2	27	yoid	es	wikisource	dió y	2	23	dioy	6.510258
es	wikisource	ésa su	2	6	esasu	es	wikisource	usase	1	44	usase	5.752573
es	wikisource	a amor	2	33	aamor	es	wikisource	roma á	2	16	romaa	6.359574
es	wikisource	a río	2	40	ario	es	wikisource	o ir a	3	9	oira	6.016157
es	wikisource	al reconocer a	3	34	alreconocera	es	wikisource	á reconocer la	3	15	areconocerla	6.327937
es	wikisource	alar	1	16	alar	es	wikisource	rala	1	33	rala	6.359574
es	wikisource	dual	1	34	dual	es	wikisource	laud	1	15	laud	6.327937
es	wikisource	el bar	2	43	elbar	es	wikisource	rable	1	6	rable	5.7301
es	wikisource	el os	2	15	elos	es	wikisource	sole	1	34	sole	6.327937
es	wikisource	elam	1	25	elam	es	wikisource	mal e	2	24	male	6.476972
es	wikisource	es a el	3	7	esael	es	wikisource	léase	1	42	lease	5.840642
es	wikisource	es oír	2	20	esoir	es	wikisource	riose	1	29	riose	6.44572
es	wikisource	etsi	1	9	etsi	es	wikisource	iste	1	40	iste	6.016157
es	wikisource	iste	1	40	iste	es	wikisource	etsi	1	9	etsi	6.016157
es	wikisource	la mina o	3	8	laminao	es	wikisource	o animal	2	41	oanimal	5.934894
es	wikisource	laud	1	15	laud	es	wikisource	dual	1	34	dual	6.327937
es	wikisource	léase	1	42	lease	es	wikisource	es a el	3	7	esael	5.840642
es	wikisource	mal e	2	24	male	es	wikisource	elam	1	25	elam	6.476972
es	wikisource	mecer	1	44	mecer	es	wikisource	recem	1	5	recem	5.598422
es	wikisource	o animal	2	41	oanimal	es	wikisource	la mina o	3	8	laminao	5.934894
es	wikisource	o ir a	3	9	oira	es	wikisource	a río	2	40	ario	6.016157
es	wikisource	o no nos	3	11	ononos	es	wikisource	son o no	3	38	sonono	6.148468
es	wikisource	o non	2	36	onon	es	wikisource	ñoño	1	13	nono	6.249975
es	wikisource	rable	1	6	rable	es	wikisource	el bar	2	43	elbar	5.7301
es	wikisource	rala	1	33	rala	es	wikisource	alar	1	16	alar	6.359574
es	wikisource	recem	1	5	recem	es	wikisource	mecer	1	44	mecer	5.598422
es	wikisource	riose	1	29	riose	es	wikisource	es oír	2	20	esoir	6.44572
es	wikisource	rió a	2	13	rioa	es	wikisource	á oir	2	36	aoir	6.249975
es	wikisource	roma á	2	16	romaa	es	wikisource	a amor	2	33	aamor	6.359574
es	wikisource	sole	1	34	sole	es	wikisource	el os	2	15	elos	6.327937
es	wikisource	son o no	3	38	sonono	es	wikisource	o no nos	3	11	ononos	6.148468
es	wikisource	á oir	2	36	aoir	es	wikisource	rió a	2	13	rioa	6.249975
es	wikisource	á reconocer la	3	15	areconocerla	es	wikisource	al reconocer a	3	34	alreconocera	6.327937
es	wikisource	ñoño	1	13	nono	es	wikisource	o non	2	36	onon	6.249975
es	wikisource	agni	1	18	agni	es	wikisource	inga	1	30	inga	6.378426
es	wikisource	agrada y	2	29	agraday	es	wikisource	y adarga	2	19	yadarga	6.39693
es	wikisource	airada y	2	42	airaday	es	wikisource	ya daría	2	6	yadaria	5.70711
es	wikisource	aires son	2	11	airesson	es	wikisource	nos sería	2	37	nosseria	6.122493
es	wikisource	apis	1	40	apis	es	wikisource	si pa	2	8	sipa	5.910797
es	wikisource	ara y	2	39	aray	es	wikisource	y ara	2	9	yara	5.991465
es	wikisource	arada	1	34	arada	es	wikisource	á dar á	3	14	adara	6.263398
es	wikisource	atracó	1	32	atraco	es	wikisource	o carta	2	16	ocarta	6.329721
es	wikisource	en as	2	9	enas	es	wikisource	sane	1	39	sane	5.991465
es	wikisource	esa por	2	7	esapor	es	wikisource	ropa se	2	41	ropase	5.817111
es	wikisource	esa y	2	43	esay	es	wikisource	y ase	2	5	yase	5.575949
es	wikisource	esa y	2	43	esay	es	wikisource	yà se	2	5	yase	5.575949
es	wikisource	inga	1	30	inga	es	wikisource	agni	1	18	agni	6.378426
es	wikisource	lato	1	24	lato	es	wikisource	ó tal	2	24	otal	6.437752
es	wikisource	leyó su	2	16	leyosu	es	wikisource	uso y el	3	32	usoyel	6.329721
es	wikisource	no con un	3	31	noconun	es	wikisource	nuño con	2	17	nunocon	6.356108
es	wikisource	nos sería	2	37	nosseria	es	wikisource	aires son	2	11	airesson	6.122493
es	wikisource	nuño con	2	17	nunocon	es	wikisource	no con un	3	31	noconun	6.356108
es	wikisource	o carta	2	16	ocarta	es	wikisource	atracó	1	32	atraco	6.329721
es	wikisource	o niveles	2	8	oniveles	es	wikisource	se le vino	3	40	selevino	5.910797
es	wikisource	ropa se	2	41	ropase	es	wikisource	esa por	2	7	esapor	5.817111
es	wikisource	sala es	2	16	salaes	es	wikisource	sea las	2	32	sealas	6.329721
es	wikisource	salón es	2	14	salones	es	wikisource	seno las	2	34	senolas	6.263398
es	wikisource	sane	1	39	sane	es	wikisource	en as	2	9	enas	5.991465
es	wikisource	se daña	2	12	sedana	es	wikisource	ánades	1	36	anades	6.175867
es	wikisource	se le vino	3	40	selevino	es	wikisource	o niveles	2	8	oniveles	5.910797
es	wikisource	se van y	3	27	sevany	es	wikisource	y naves	2	21	ynaves	6.423247
es	wikisource	sea las	2	32	sealas	es	wikisource	sala es	2	16	salaes	6.329721
es	wikisource	seno las	2	34	senolas	es	wikisource	salón es	2	14	salones	6.263398
es	wikisource	si es a	3	23	siesa	es	wikisource	á seis	2	25	aseis	6.43615
es	wikisource	si pa	2	8	sipa	es	wikisource	apis	1	40	apis	5.910797
es	wikisource	uso y el	3	32	usoyel	es	wikisource	leyó su	2	16	leyosu	6.329721
es	wikisource	y adarga	2	19	yadarga	es	wikisource	agrada y	2	29	agraday	6.39693
es	wikisource	y ara	2	9	yara	es	wikisource	ara y	2	39	aray	5.991465
es	wikisource	y ase	2	5	yase	es	wikisource	esa y	2	43	esay	5.575949
es	wikisource	y naves	2	21	ynaves	es	wikisource	se van y	3	27	sevany	6.423247
es	wikisource	ya daría	2	6	yadaria	es	wikisource	airada y	2	42	airaday	5.70711
es	wikisource	yà se	2	5	yase	es	wikisource	esa y	2	43	esay	5.575949
es	wikisource	á dar á	3	14	adara	es	wikisource	arada	1	34	arada	6.263398
es	wikisource	á seis	2	25	aseis	es	wikisource	si es a	3	23	siesa	6.43615
es	wikisource	ánades	1	36	anades	es	wikisource	se daña	2	12	sedana	6.175867
es	wikisource	ó tal	2	24	otal	es	wikisource	lato	1	24	lato	6.437752
es	wikisource	a eso no	3	20	aesono	es	wikisource	o no sea	3	27	onosea	6.376727
es	wikisource	a la ma	3	6	alama	es	wikisource	a mala	2	41	amala	5.68358
es	wikisource	a mala	2	41	amala	es	wikisource	a la ma	3	6	alama	5.68358
es	wikisource	a saco	2	40	asaco	es	wikisource	ó casa	2	7	ocasa	5.793014
es	wikisource	araños	1	5	aranos	es	wikisource	sonara	1	42	sonara	5.55296
es	wikisource	ario	1	37	ario	es	wikisource	oir á	2	10	oira	6.035481
es	wikisource	añades	1	35	anades	es	wikisource	se daña	2	12	sedana	6.148468
es	wikisource	año son	2	28	anoson	es	wikisource	no son a	3	19	nosona	6.363028
es	wikisource	de conocer y	3	42	deconocery	es	wikisource	y reconoced	2	5	yreconoced	5.55296
es	wikisource	deso	1	41	deso	es	wikisource	o sed	2	6	osed	5.68358
es	wikisource	e seis	2	16	eseis	es	wikisource	sí ese	2	31	siese	6.298949
es	wikisource	el pos	2	11	elpos	es	wikisource	sople	1	36	sople	6.095825
es	wikisource	es animal	2	41	esanimal	es	wikisource	la mina se	3	6	laminase	5.68358
es	wikisource	la mina se	3	6	laminase	es	wikisource	es animal	2	41	esanimal	5.68358
es	wikisource	leonas	1	15	leonas	es	wikisource	sano el	2	32	sanoel	6.269096
es	wikisource	lámina y	2	9	laminay	es	wikisource	y animal	2	38	yanimal	5.966147
es	wikisource	na vales	2	5	navales	es	wikisource	se lavan	2	42	selavan	5.55296
es	wikisource	natus	1	12	natus	es	wikisource	su tan	2	35	sutan	6.148468
es	wikisource	nevis	1	20	nevis	es	wikisource	si ven	2	27	siven	6.376727
es	wikisource	no son a	3	19	nosona	es	wikisource	año son	2	28	anoson	6.363028
es	wikisource	o no sea	3	27	onosea	es	wikisource	a eso no	3	20	aesono	6.376727
es	wikisource	o sed	2	6	osed	es	wikisource	deso	1	41	deso	5.68358
es	wikisource	oir á	2	10	oira	es	wikisource	ario	1	37	ario	6.035481
es	wikisource	ropa se	2	41	ropase	es	wikisource	ésa por	2	6	esapor	5.68358
es	wikisource	ros y	2	21	rosy	es	wikisource	y sor	2	26	ysor	6.386879
es	wikisource	sano el	2	32	sanoel	es	wikisource	leonas	1	15	leonas	6.269096
es	wikisource	se daña	2	12	sedana	es	wikisource	añades	1	35	anades	6.148468
es	wikisource	se lavan	2	42	selavan	es	wikisource	na vales	2	5	navales	5.55296
es	wikisource	si ven	2	27	siven	es	wikisource	nevis	1	20	nevis	6.376727
es	wikisource	sonara	1	42	sonara	es	wikisource	araños	1	5	aranos	5.55296
es	wikisource	sople	1	36	sople	es	wikisource	el pos	2	11	elpos	6.095825
es	wikisource	su tan	2	35	sutan	es	wikisource	natus	1	12	natus	6.148468
es	wikisource	sí ese	2	31	siese	es	wikisource	e seis	2	16	eseis	6.298949
es	wikisource	tray	1	10	tray	es	wikisource	y art	2	37	yart	6.035481
es	wikisource	y animal	2	38	yanimal	es	wikisource	lámina y	2	9	laminay	5.966147
es	wikisource	y art	2	37	yart	es	wikisource	tray	1	10	tray	6.035481
es	wikisource	y reconoced	2	5	yreconoced	es	wikisource	de conocer y	3	42	deconocery	5.55296
es	wikisource	y sor	2	26	ysor	es	wikisource	ros y	2	21	rosy	6.386879
es	wikisource	ésa por	2	6	esapor	es	wikisource	ropa se	2	41	ropase	5.68358
es	wikisource	ó casa	2	7	ocasa	es	wikisource	a saco	2	40	asaco	5.793014
es	wikisource	a mar	2	41	amar	es	wikisource	ramá	1	5	rama	5.529429
es	wikisource	a mil y	3	16	amily	es	wikisource	y lima	2	30	ylima	6.267201
es	wikisource	a río	2	40	ario	es	wikisource	oír á	2	6	oira	5.659482
es	wikisource	adad	1	39	adad	es	wikisource	da da	2	7	dada	5.768321
es	wikisource	ana al	2	35	anaal	es	wikisource	la aña	2	11	laana	6.068426
es	wikisource	ario	1	37	ario	es	wikisource	o ir a	3	9	oira	5.940171
es	wikisource	ayo y	2	22	ayoy	es	wikisource	yo y a	3	24	yoya	6.35437
es	wikisource	da da	2	7	dada	es	wikisource	adad	1	39	adad	5.768321
es	wikisource	eibar	1	14	eibar	es	wikisource	rabie	1	32	rabie	6.204558
es	wikisource	el am	2	6	elam	es	wikisource	male	1	40	male	5.659482
es	wikisource	la aña	2	11	laana	es	wikisource	ana al	2	35	anaal	6.068426
es	wikisource	male	1	40	male	es	wikisource	el am	2	6	elam	5.659482
es	wikisource	o ir a	3	9	oira	es	wikisource	ario	1	37	ario	5.940171
es	wikisource	ora los	2	26	oralos	es	wikisource	solar o	2	20	solaro	6.340359
es	wikisource	oír á	2	6	oira	es	wikisource	a río	2	40	ario	5.659482
es	wikisource	rabie	1	32	rabie	es	wikisource	eibar	1	14	eibar	6.204558
es	wikisource	ramá	1	5	rama	es	wikisource	a mar	2	41	amar	5.529429
es	wikisource	río á	2	10	rioa	es	wikisource	á oir	2	36	aoir	6.008813
es	wikisource	salat	1	11	salat	es	wikisource	talas	1	35	talas	6.068426
es	wikisource	sedet	1	6	sedet	es	wikisource	te des	2	40	tedes	5.659482
es	wikisource	seña y	2	41	senay	es	wikisource	yañes	1	5	yanes	5.529429
es	wikisource	solar o	2	20	solaro	es	wikisource	ora los	2	26	oralos	6.340359
es	wikisource	sí esa	2	21	siesa	es	wikisource	á seis	2	25	aseis	6.349139
es	wikisource	talas	1	35	talas	es	wikisource	salat	1	11	salat	6.068426
es	wikisource	te des	2	40	tedes	es	wikisource	sedet	1	6	sedet	5.659482
es	wikisource	y lima	2	30	ylima	es	wikisource	a mil y	3	16	amily	6.267201
es	wikisource	yañes	1	5	yanes	es	wikisource	seña y	2	41	senay	5.529429
es	wikisource	yo y a	3	24	yoya	es	wikisource	ayo y	2	22	ayoy	6.35437
es	wikisource	á oir	2	36	aoir	es	wikisource	río á	2	10	rioa	6.008813
es	wikisource	á seis	2	25	aseis	es	wikisource	sí esa	2	21	siesa	6.349139
es	wikisource	a aves	2	5	aaves	es	wikisource	se va á	3	40	sevaa	5.505332
es	wikisource	a ica	2	13	aica	es	wikisource	acia	1	32	acia	6.135565
es	wikisource	a remos	2	8	aremos	es	wikisource	somera	1	37	somera	5.834811
es	wikisource	acia	1	32	acia	es	wikisource	a ica	2	13	aica	6.135565
es	wikisource	ah se	2	20	ahse	es	wikisource	es ha	2	25	esha	6.302619
es	wikisource	aires al	2	40	airesal	es	wikisource	la sería	2	5	laseria	5.505332
es	wikisource	atal	1	32	atal	es	wikisource	la ta	2	13	lata	6.135565
es	wikisource	ates	1	5	ates	es	wikisource	seta	1	40	seta	5.505332
es	wikisource	el ódio	2	11	elodio	es	wikisource	oído le	2	34	oidole	6.040255
es	wikisource	es ha	2	25	esha	es	wikisource	ah se	2	20	ahse	6.302619
es	wikisource	heis	1	22	heis	es	wikisource	sí eh	2	23	sieh	6.313548
es	wikisource	la sería	2	5	laseria	es	wikisource	aires al	2	40	airesal	5.505332
es	wikisource	la ta	2	13	lata	es	wikisource	atal	1	32	atal	6.135565
es	wikisource	lata y	2	25	latay	es	wikisource	ya tal	2	20	yatal	6.302619
es	wikisource	no reñir	2	12	norenir	es	wikisource	riñeron	1	33	rineron	6.09131
es	wikisource	o mis	2	40	omis	es	wikisource	simo	1	5	simo	5.505332
es	wikisource	oró y	2	9	oroy	es	wikisource	y oró	2	36	yoro	5.913503
es	wikisource	oído le	2	34	oidole	es	wikisource	el ódio	2	11	elodio	6.040255
es	wikisource	ranas y	2	33	ranasy	es	wikisource	y sanar	2	12	ysanar	6.09131
es	wikisource	riñeron	1	33	rineron	es	wikisource	no reñir	2	12	norenir	6.09131
es	wikisource	se va á	3	40	sevaa	es	wikisource	a aves	2	5	aaves	5.505332
es	wikisource	seta	1	40	seta	es	wikisource	ates	1	5	ates	5.505332
es	wikisource	si es ó	3	8	sieso	es	wikisource	ó seis	2	37	oseis	5.834811
es	wikisource	simo	1	5	simo	es	wikisource	o mis	2	40	omis	5.505332
es	wikisource	somera	1	37	somera	es	wikisource	a remos	2	8	aremos	5.834811
es	wikisource	sí eh	2	23	sieh	es	wikisource	heis	1	22	heis	6.313548
es	wikisource	y oró	2	36	yoro	es	wikisource	oró y	2	9	oroy	5.913503
es	wikisource	y sanar	2	12	ysanar	es	wikisource	ranas y	2	33	ranasy	6.09131
es	wikisource	ya tal	2	20	yatal	es	wikisource	lata y	2	25	latay	6.302619
es	wikisource	áreas e	2	13	arease	es	wikisource	ésa era	2	32	esaera	6.135565
es	wikisource	ésa era	2	32	esaera	es	wikisource	áreas e	2	13	arease	6.135565
es	wikisource	ó seis	2	37	oseis	es	wikisource	si es ó	3	8	sieso	5.834811
es	wikisource	a reconocerla	2	10	areconocerla	es	wikisource	al reconocer a	3	34	alreconocera	5.953243
es	wikisource	a sebo	2	13	asebo	es	wikisource	obesa	1	31	obesa	6.104793
es	wikisource	al ara	2	36	alara	es	wikisource	ara la	2	8	arala	5.808142
es	wikisource	al reconocer a	3	34	alreconocera	es	wikisource	a reconocerla	2	10	areconocerla	5.953243
es	wikisource	alamares	1	39	alamares	es	wikisource	será mala	2	5	seramala	5.480639
es	wikisource	aleb	1	17	aleb	es	wikisource	bela	1	27	bela	6.222576
es	wikisource	allí tú	2	5	allitu	es	wikisource	útil la	2	39	utilla	5.480639
es	wikisource	alí el	2	31	aliel	es	wikisource	leila	1	13	leila	6.104793
es	wikisource	ara la	2	8	arala	es	wikisource	al ara	2	36	alara	5.808142
es	wikisource	aracne	1	17	aracne	es	wikisource	encara	1	27	encara	6.222576
es	wikisource	arador	1	18	arador	es	wikisource	rodar a	2	26	rodara	6.240276
es	wikisource	aran	1	39	aran	es	wikisource	nara	1	5	nara	5.480639
es	wikisource	ay el	2	18	ayel	es	wikisource	ley á	2	26	leya	6.240276
es	wikisource	bela	1	27	bela	es	wikisource	aleb	1	17	aleb	6.222576
es	wikisource	de crema	2	18	decrema	es	wikisource	á merced	2	26	amerced	6.240276
es	wikisource	dia su	2	8	diasu	es	wikisource	usaid	1	36	usaid	5.808142
es	wikisource	ella él	2	21	ellael	es	wikisource	leal le	2	23	lealle	6.269096
es	wikisource	encara	1	27	encara	es	wikisource	aracne	1	17	aracne	6.222576
es	wikisource	esón	1	18	eson	es	wikisource	nos e	2	26	nose	6.240276
es	wikisource	leal le	2	23	lealle	es	wikisource	ella él	2	21	ellael	6.269096
es	wikisource	leila	1	13	leila	es	wikisource	alí el	2	31	aliel	6.104793
es	wikisource	leon y	2	20	leony	es	wikisource	y no él	3	24	ynoel	6.263398
es	wikisource	ley á	2	26	leya	es	wikisource	ay el	2	18	ayel	6.240276
es	wikisource	nara	1	5	nara	es	wikisource	aran	1	39	aran	5.480639
es	wikisource	no ſe	2	14	noſe	es	wikisource	è ſon	2	30	eſon	6.142037
es	wikisource	nos e	2	26	nose	es	wikisource	esón	1	18	eson	6.240276
es	wikisource	obesa	1	31	obesa	es	wikisource	a sebo	2	13	asebo	6.104793
es	wikisource	reconocerá y	2	30	reconoceray	es	wikisource	y a reconocer	3	14	yareconocer	6.142037
es	wikisource	rodar a	2	26	rodara	es	wikisource	arador	1	18	arador	6.240276
es	wikisource	será mala	2	5	seramala	es	wikisource	alamares	1	39	alamares	5.480639
es	wikisource	son á	2	30	sona	es	wikisource	á nos	2	14	anos	6.142037
es	wikisource	usaid	1	36	usaid	es	wikisource	dia su	2	8	diasu	5.808142
es	wikisource	y a reconocer	3	14	yareconocer	es	wikisource	reconocerá y	2	30	reconoceray	6.142037
es	wikisource	y no él	3	24	ynoel	es	wikisource	leon y	2	20	leony	6.263398
es	wikisource	á merced	2	26	amerced	es	wikisource	de crema	2	18	decrema	6.240276
es	wikisource	á nos	2	14	anos	es	wikisource	son á	2	30	sona	6.142037
es	wikisource	è ſon	2	30	eſon	es	wikisource	no ſe	2	14	noſe	6.142037
es	wikisource	útil la	2	39	utilla	es	wikisource	allí tú	2	5	allitu	5.480639
es	wikisource	a iván	2	7	aivan	es	wikisource	navia	1	36	navia	5.690359
es	wikisource	a la mina	3	20	alamina	es	wikisource	anima la	2	23	animala	6.222576
es	wikisource	a leto	2	36	aleto	es	wikisource	o tela	2	7	otela	5.690359
es	wikisource	a sea	2	13	asea	es	wikisource	a ésa	2	30	aesa	6.073045
es	wikisource	a sí a	3	35	asia	es	wikisource	aisa	1	8	aisa	5.780744
es	wikisource	a ésa	2	30	aesa	es	wikisource	a sea	2	13	asea	6.073045
es	wikisource	acom	1	10	acom	es	wikisource	moça	1	33	moca	5.924256
es	wikisource	agur	1	35	agur	es	wikisource	ruga	1	8	ruga	5.780744
es	wikisource	aisa	1	8	aisa	es	wikisource	a sí a	3	35	asia	5.780744
es	wikisource	anima la	2	23	animala	es	wikisource	a la mina	3	20	alamina	6.222576
es	wikisource	ario	1	37	ario	es	wikisource	oír á	2	6	oira	5.583496
es	wikisource	avales	1	31	avales	es	wikisource	se la va	3	12	selava	6.030685
es	wikisource	ladán	1	6	ladan	es	wikisource	nadal	1	37	nadal	5.583496
es	wikisource	leona y	2	37	leonay	es	wikisource	ya no el	3	6	yanoel	5.583496
es	wikisource	moça	1	33	moca	es	wikisource	acom	1	10	acom	5.924256
es	wikisource	nadal	1	37	nadal	es	wikisource	ladán	1	6	ladan	5.583496
es	wikisource	navia	1	36	navia	es	wikisource	a iván	2	7	aivan	5.690359
es	wikisource	o tela	2	7	otela	es	wikisource	a leto	2	36	aleto	5.690359
es	wikisource	orejanos	1	15	orejanos	es	wikisource	sonajero	1	28	sonajero	6.139885
es	wikisource	oró y	2	9	oroy	es	wikisource	yoro	1	34	yoro	5.857933
es	wikisource	oír á	2	6	oira	es	wikisource	ario	1	37	ario	5.583496
es	wikisource	rajas	1	34	rajas	es	wikisource	sajar	1	9	sajar	5.857933
es	wikisource	ropita	1	35	ropita	es	wikisource	á ti por	3	8	atipor	5.780744
es	wikisource	ruga	1	8	ruga	es	wikisource	agur	1	35	agur	5.780744
es	wikisource	sajar	1	9	sajar	es	wikisource	rajas	1	34	rajas	5.857933
es	wikisource	sanes	1	22	sanes	es	wikisource	senas	1	21	senas	6.226537
es	wikisource	se la va	3	12	selava	es	wikisource	avales	1	31	avales	6.030685
es	wikisource	senas	1	21	senas	es	wikisource	sanes	1	22	sanes	6.226537
es	wikisource	ser a los	3	15	seralos	es	wikisource	solar es	2	28	solares	6.139885
es	wikisource	solar es	2	28	solares	es	wikisource	ser a los	3	15	seralos	6.139885
es	wikisource	sonajero	1	28	sonajero	es	wikisource	orejanos	1	15	orejanos	6.139885
es	wikisource	ya no el	3	6	yanoel	es	wikisource	leona y	2	37	leonay	5.583496
es	wikisource	yoro	1	34	yoro	es	wikisource	oró y	2	9	oroy	5.857933
es	wikisource	á ti por	3	8	atipor	es	wikisource	ropita	1	35	ropita	5.780744
es	wikisource	abadesa y	2	33	abadesay	es	wikisource	ya se daba	3	9	yasedaba	5.828946
es	wikisource	al oído le	3	14	aloidole	es	wikisource	el odio la	3	28	elodiola	6.075346
es	wikisource	alabad	1	35	alabad	es	wikisource	dábala	1	7	dabala	5.66296
es	wikisource	alamo	1	18	alamo	es	wikisource	ó mala	2	24	omala	6.163315
es	wikisource	an el	2	6	anel	es	wikisource	lena	1	36	lena	5.556828
es	wikisource	ana don	2	5	anadon	es	wikisource	no daña	2	37	nodana	5.429346
es	wikisource	arte lo	2	36	artelo	es	wikisource	o letra	2	6	oletra	5.556828
es	wikisource	asis	1	12	asis	es	wikisource	sisa	1	30	sisa	5.998937
es	wikisource	di a su	3	6	diasu	es	wikisource	usaid	1	36	usaid	5.556828
es	wikisource	dábala	1	7	dabala	es	wikisource	alabad	1	35	alabad	5.66296
es	wikisource	e tres	2	27	etres	es	wikisource	ser te	2	15	serte	6.104793
es	wikisource	el odio la	3	28	elodiola	es	wikisource	al oído le	3	14	aloidole	6.075346
es	wikisource	eram	1	14	eram	es	wikisource	mar e	2	28	mare	6.075346
es	wikisource	esa su	2	37	esasu	es	wikisource	usa se	2	5	usase	5.429346
es	wikisource	ese o	2	11	eseo	es	wikisource	o ese	2	31	oese	5.950643
es	wikisource	ese odio	2	26	eseodio	es	wikisource	oído ese	2	16	oidoese	6.12905
es	wikisource	iv al	2	32	ival	es	wikisource	la ví	2	10	lavi	5.894403
es	wikisource	la ví	2	10	lavi	es	wikisource	iv al	2	32	ival	5.894403
es	wikisource	lena	1	36	lena	es	wikisource	an el	2	6	anel	5.556828
es	wikisource	los leños	2	37	loslenos	es	wikisource	son el sol	3	5	sonelsol	5.429346
es	wikisource	mar e	2	28	mare	es	wikisource	eram	1	14	eram	6.075346
es	wikisource	navis	1	8	navis	es	wikisource	si van	2	34	sivan	5.752573
es	wikisource	no daña	2	37	nodana	es	wikisource	ana don	2	5	anadon	5.429346
es	wikisource	o ese	2	31	oese	es	wikisource	ese o	2	11	eseo	5.950643
es	wikisource	o letra	2	6	oletra	es	wikisource	arte lo	2	36	artelo	5.556828
es	wikisource	o si los	3	37	osilos	es	wikisource	solís o	2	5	soliso	5.429346
es	wikisource	oremos	1	12	oremos	es	wikisource	somero	1	30	somero	5.998937
es	wikisource	otra hay	2	20	otrahay	es	wikisource	ya harto	2	22	yaharto	6.180017
es	wikisource	otro pues	2	31	otropues	es	wikisource	seu porto	2	11	seuporto	5.950643
es	wikisource	oído ese	2	16	oidoese	es	wikisource	ese odio	2	26	eseodio	6.12905
es	wikisource	rio á	2	6	rioa	es	wikisource	á oir	2	36	aoir	5.556828
es	wikisource	sal a	2	33	sala	es	wikisource	álas	1	9	alas	5.828946
es	wikisource	ser te	2	15	serte	es	wikisource	e tres	2	27	etres	6.104793
es	wikisource	seu porto	2	11	seuporto	es	wikisource	otro pues	2	31	otropues	5.950643
es	wikisource	si van	2	34	sivan	es	wikisource	navis	1	8	navis	5.752573
es	wikisource	sisa	1	30	sisa	es	wikisource	asis	1	12	asis	5.998937
es	wikisource	solís o	2	5	soliso	es	wikisource	o si los	3	37	osilos	5.429346
es	wikisource	somero	1	30	somero	es	wikisource	oremos	1	12	oremos	5.998937
es	wikisource	son el sol	3	5	sonelsol	es	wikisource	los leños	2	37	loslenos	5.429346
es	wikisource	usa se	2	5	usase	es	wikisource	esa su	2	37	esasu	5.429346
es	wikisource	usaid	1	36	usaid	es	wikisource	di a su	3	6	diasu	5.556828
es	wikisource	ya harto	2	22	yaharto	es	wikisource	otra hay	2	20	otrahay	6.180017
es	wikisource	ya se daba	3	9	yasedaba	es	wikisource	abadesa y	2	33	abadesay	5.828946
es	wikisource	á oir	2	36	aoir	es	wikisource	rio á	2	6	rioa	5.556828
es	wikisource	álas	1	9	alas	es	wikisource	sal a	2	33	sala	5.828946
es	wikisource	ó mala	2	24	omala	es	wikisource	alamo	1	18	alamo	6.163315
es	wikisource	a allá	2	8	aalla	es	wikisource	allá á	2	33	allaa	5.723585
es	wikisource	a esso	2	8	aesso	es	wikisource	os sea	2	33	ossea	5.723585
es	wikisource	a iv y	3	27	aivy	es	wikisource	y vía	2	14	yvia	6.040255
es	wikisource	a lot	2	20	alot	es	wikisource	tola	1	21	tola	6.135565
es	wikisource	a malas	2	32	amalas	es	wikisource	salama	1	9	salama	5.799093
es	wikisource	a mary	2	27	amary	es	wikisource	y rama	2	14	yrama	6.040255
es	wikisource	a may	2	5	amay	es	wikisource	yama	1	36	yama	5.402677
es	wikisource	a ti los	3	26	atilos	es	wikisource	sólita	1	15	solita	6.068426
es	wikisource	abades y	2	8	abadesy	es	wikisource	y se daba	3	33	ysedaba	5.723585
es	wikisource	acá son	2	12	acason	es	wikisource	no saca	2	29	nosaca	5.966147
es	wikisource	allá á	2	33	allaa	es	wikisource	a allá	2	8	aalla	5.723585
es	wikisource	ama o	2	26	amao	es	wikisource	o ama	2	15	oama	6.068426
es	wikisource	ano de	2	29	anode	es	wikisource	e doña	2	12	edona	5.966147
es	wikisource	arañita	1	18	aranita	es	wikisource	atinar a	2	23	atinara	6.122493
es	wikisource	atinar a	2	23	atinara	es	wikisource	arañita	1	18	aranita	6.122493
es	wikisource	ayram	1	12	ayram	es	wikisource	mar ya	2	29	marya	5.966147
es	wikisource	azúl	1	10	azul	es	wikisource	luz á	2	31	luza	5.863631
es	wikisource	e dios	2	31	edios	es	wikisource	soi de	2	10	soide	5.863631
es	wikisource	e doña	2	12	edona	es	wikisource	ano de	2	29	anode	5.966147
es	wikisource	ebro y	2	31	ebroy	es	wikisource	y orbe	2	10	yorbe	5.863631
es	wikisource	el vi	2	28	elvi	es	wikisource	iv le	2	13	ivle	6.006353
es	wikisource	falo	1	33	falo	es	wikisource	olaf	1	8	olaf	5.723585
es	wikisource	imam	1	34	imam	es	wikisource	mami	1	7	mami	5.63479
es	wikisource	imam	1	34	imam	es	wikisource	mamí	1	7	mami	5.63479
es	wikisource	iv le	2	13	ivle	es	wikisource	el vi	2	28	elvi	6.006353
es	wikisource	iv los	2	32	ivlos	es	wikisource	sol vi	2	9	solvi	5.799093
es	wikisource	ley nos	2	26	leynos	es	wikisource	son y el	3	15	sonyel	6.068426
es	wikisource	luz á	2	31	luza	es	wikisource	azúl	1	10	azul	5.863631
es	wikisource	mami	1	7	mami	es	wikisource	imam	1	34	imam	5.63479
es	wikisource	mamí	1	7	mami	es	wikisource	imam	1	34	imam	5.63479
es	wikisource	mar ya	2	29	marya	es	wikisource	ayram	1	12	ayram	5.966147
es	wikisource	no saca	2	29	nosaca	es	wikisource	acá son	2	12	acason	5.966147
es	wikisource	no solos	2	7	nosolos	es	wikisource	solo son	2	34	soloson	5.63479
es	wikisource	o ama	2	15	oama	es	wikisource	ama o	2	26	amao	6.068426
es	wikisource	o cae	2	10	ocae	es	wikisource	éaco	1	31	eaco	5.863631
es	wikisource	olaf	1	8	olaf	es	wikisource	falo	1	33	falo	5.723585
es	wikisource	os sea	2	33	ossea	es	wikisource	a esso	2	8	aesso	5.723585
es	wikisource	oí las	2	12	oilas	es	wikisource	salío	1	29	salio	5.966147
es	wikisource	oída y	2	27	oiday	es	wikisource	ya dio	2	14	yadio	6.040255
es	wikisource	oír es	2	18	oires	es	wikisource	se rio	2	23	serio	6.122493
es	wikisource	oírla y	2	28	oirlay	es	wikisource	y al río	3	13	yalrio	6.006353
es	wikisource	salama	1	9	salama	es	wikisource	a malas	2	32	amalas	5.799093
es	wikisource	salío	1	29	salio	es	wikisource	oí las	2	12	oilas	5.966147
es	wikisource	se rio	2	23	serio	es	wikisource	oír es	2	18	oires	6.122493
es	wikisource	sería y	2	25	seriay	es	wikisource	y aires	2	16	yaires	6.09131
es	wikisource	soi de	2	10	soide	es	wikisource	e dios	2	31	edios	5.863631
es	wikisource	sol vi	2	9	solvi	es	wikisource	iv los	2	32	ivlos	5.799093
es	wikisource	solo son	2	34	soloson	es	wikisource	no solos	2	7	nosolos	5.63479
es	wikisource	son y el	3	15	sonyel	es	wikisource	ley nos	2	26	leynos	6.068426
es	wikisource	sólita	1	15	solita	es	wikisource	a ti los	3	26	atilos	6.068426
es	wikisource	tola	1	21	tola	es	wikisource	a lot	2	20	alot	6.135565
es	wikisource	y aires	2	16	yaires	es	wikisource	sería y	2	25	seriay	6.09131
es	wikisource	y al río	3	13	yalrio	es	wikisource	oírla y	2	28	oirlay	6.006353
es	wikisource	y orbe	2	10	yorbe	es	wikisource	ebro y	2	31	ebroy	5.863631
es	wikisource	y rama	2	14	yrama	es	wikisource	a mary	2	27	amary	6.040255
es	wikisource	y se daba	3	33	ysedaba	es	wikisource	abades y	2	8	abadesy	5.723585
es	wikisource	y vía	2	14	yvia	es	wikisource	a iv y	3	27	aivy	6.040255
es	wikisource	ya dio	2	14	yadio	es	wikisource	oída y	2	27	oiday	6.040255
es	wikisource	yama	1	36	yama	es	wikisource	a may	2	5	amay	5.402677
es	wikisource	éaco	1	31	eaco	es	wikisource	o cae	2	10	ocae	5.863631
es	wikisource	a pares	2	28	apares	es	wikisource	será pa	2	12	serapa	5.932245
es	wikisource	acab	1	9	acab	es	wikisource	baca	1	31	baca	5.768321
es	wikisource	alojo	1	7	alojo	es	wikisource	ojo la	2	33	ojola	5.605802
es	wikisource	ana al	2	35	anaal	es	wikisource	la ana	2	5	laana	5.375278
es	wikisource	anav	1	34	anav	es	wikisource	ván á	2	6	vana	5.501258
es	wikisource	artús	1	31	artus	es	wikisource	sutra	1	9	sutra	5.768321
es	wikisource	ay amor	2	26	ayamor	es	wikisource	roma y a	3	14	romaya	6.003887
es	wikisource	baca	1	31	baca	es	wikisource	acab	1	9	acab	5.768321
es	wikisource	dad y	2	11	dady	es	wikisource	y dad	2	29	ydad	5.886104
es	wikisource	dual	1	34	dual	es	wikisource	laüd	1	6	laud	5.501258
es	wikisource	la ana	2	5	laana	es	wikisource	ana al	2	35	anaal	5.375278
es	wikisource	laüd	1	6	laud	es	wikisource	dual	1	34	dual	5.501258
es	wikisource	le odio	2	28	leodio	es	wikisource	oido el	2	12	oidoel	5.932245
es	wikisource	nata y	2	35	natay	es	wikisource	y atan	2	5	yatan	5.375278
es	wikisource	neso	1	29	neso	es	wikisource	osen	1	11	osen	5.886104
es	wikisource	neves	1	5	neves	es	wikisource	seven	1	35	seven	5.375278
es	wikisource	oido el	2	12	oidoel	es	wikisource	le odio	2	28	leodio	5.932245
es	wikisource	ojo la	2	33	ojola	es	wikisource	alojo	1	7	alojo	5.605802
es	wikisource	osen	1	11	osen	es	wikisource	neso	1	29	neso	5.886104
es	wikisource	osos y	2	31	ososy	es	wikisource	y soso	2	9	ysoso	5.768321
es	wikisource	oter	1	10	oter	es	wikisource	retó	1	30	reto	5.831882
es	wikisource	retó	1	30	reto	es	wikisource	oter	1	10	oter	5.831882
es	wikisource	roma y a	3	14	romaya	es	wikisource	ay amor	2	26	ayamor	6.003887
es	wikisource	sara y	2	24	saray	es	wikisource	y aras	2	16	yaras	6.052089
es	wikisource	seda de los	3	7	sedadelos	es	wikisource	soledad es	2	33	soledades	5.605802
es	wikisource	será pa	2	12	serapa	es	wikisource	a pares	2	28	apares	5.932245
es	wikisource	seven	1	35	seven	es	wikisource	neves	1	5	neves	5.375278
es	wikisource	soledad es	2	33	soledades	es	wikisource	seda de los	3	7	sedadelos	5.605802
es	wikisource	sutra	1	9	sutra	es	wikisource	artús	1	31	artus	5.768321
es	wikisource	ván á	2	6	vana	es	wikisource	anav	1	34	anav	5.501258
es	wikisource	y aras	2	16	yaras	es	wikisource	sara y	2	24	saray	6.052089
es	wikisource	y atan	2	5	yatan	es	wikisource	nata y	2	35	natay	5.375278
es	wikisource	y dad	2	29	ydad	es	wikisource	dad y	2	11	dady	5.886104
es	wikisource	y soso	2	9	ysoso	es	wikisource	osos y	2	31	ososy	5.768321
es	wikisource	a locas	2	28	alocas	es	wikisource	sacóla	1	11	sacola	5.852202
es	wikisource	ag la	2	5	agla	es	wikisource	alga	1	34	alga	5.347108
es	wikisource	alga	1	34	alga	es	wikisource	ag la	2	5	agla	5.347108
es	wikisource	elos	1	5	elos	es	wikisource	sole	1	34	sole	5.347108
es	wikisource	le rió	2	6	lerio	es	wikisource	oir el	2	33	oirel	5.472271
es	wikisource	ley o su	3	7	leyosu	es	wikisource	uso y el	3	32	usoyel	5.575949
es	wikisource	leyó los	2	25	leyolos	es	wikisource	solo y el	3	14	soloyel	5.966147
es	wikisource	oca y	2	13	ocay	es	wikisource	yaco	1	26	yaco	5.934894
es	wikisource	oir el	2	33	oirel	es	wikisource	le rió	2	6	lerio	5.472271
es	wikisource	orto	1	29	orto	es	wikisource	ótro	1	10	otro	5.799093
es	wikisource	sacóla	1	11	sacola	es	wikisource	a locas	2	28	alocas	5.852202
es	wikisource	sole	1	34	sole	es	wikisource	elos	1	5	elos	5.347108
es	wikisource	solo y el	3	14	soloyel	es	wikisource	leyó los	2	25	leyolos	5.966147
es	wikisource	uso y el	3	32	usoyel	es	wikisource	ley o su	3	7	leyosu	5.575949
es	wikisource	yaco	1	26	yaco	es	wikisource	oca y	2	13	ocay	5.934894
es	wikisource	yá se	2	23	yase	es	wikisource	ésa y	2	16	esay	6.011267
es	wikisource	ésa y	2	16	esay	es	wikisource	yá se	2	23	yase	6.011267
es	wikisource	ótro	1	10	otro	es	wikisource	orto	1	29	orto	5.799093
es	wikisource	a roma la	3	17	aromala	es	wikisource	al amor a	3	21	alamora	5.981414
es	wikisource	abrá	1	22	abra	es	wikisource	arba	1	16	arba	5.968708
es	wikisource	acis	1	31	acis	es	wikisource	si ca	2	7	sica	5.545177
es	wikisource	acis	1	31	acis	es	wikisource	sic a	2	7	sica	5.545177
es	wikisource	acis	1	31	acis	es	wikisource	sica	1	7	sica	5.545177
es	wikisource	acude al	2	29	acudeal	es	wikisource	la educa	2	9	laeduca	5.703782
es	wikisource	al amor a	3	21	alamora	es	wikisource	a roma la	3	17	aromala	5.981414
es	wikisource	anás y	2	15	anasy	es	wikisource	y saña	2	23	ysana	5.950643
es	wikisource	arba	1	16	arba	es	wikisource	abrá	1	22	abra	5.968708
es	wikisource	arbor	1	29	arbor	es	wikisource	robra	1	9	robra	5.703782
es	wikisource	ares	1	32	ares	es	wikisource	sér á	2	6	sera	5.442418
es	wikisource	ater	1	7	ater	es	wikisource	reta	1	31	reta	5.545177
es	wikisource	aya y	2	23	ayay	es	wikisource	yaya	1	15	yaya	5.950643
es	wikisource	el nos	2	30	elnos	es	wikisource	son le	2	8	sonle	5.631212
es	wikisource	elim	1	8	elim	es	wikisource	mil e	2	30	mile	5.631212
es	wikisource	es oído	2	7	esoido	es	wikisource	odio se	2	31	odiose	5.545177
es	wikisource	la educa	2	9	laeduca	es	wikisource	acude al	2	29	acudeal	5.703782
es	wikisource	lacy	1	19	lacy	es	wikisource	y cal	2	19	ycal	5.991465
es	wikisource	leo y	2	28	leoy	es	wikisource	yo él	2	10	yoel	5.765191
es	wikisource	ley o los	3	24	leyolos	es	wikisource	solo y el	3	14	soloyel	5.926926
es	wikisource	leños y	2	17	lenosy	es	wikisource	y son el	3	21	ysonel	5.981414
es	wikisource	lima es	2	15	limaes	es	wikisource	sea mil	2	23	seamil	5.950643
es	wikisource	mil e	2	30	mile	es	wikisource	elim	1	8	elim	5.631212
es	wikisource	negó con	2	30	negocon	es	wikisource	no cogen	2	8	nocogen	5.631212
es	wikisource	neñín	1	5	nenin	es	wikisource	nin en	2	33	ninen	5.31812
es	wikisource	nin en	2	33	ninen	es	wikisource	neñín	1	5	nenin	5.31812
es	wikisource	no cogen	2	8	nocogen	es	wikisource	negó con	2	30	negocon	5.631212
es	wikisource	non son	2	30	nonson	es	wikisource	nos non	2	8	nosnon	5.631212
es	wikisource	nos non	2	8	nosnon	es	wikisource	non son	2	30	nonson	5.631212
es	wikisource	o somos	2	21	osomos	es	wikisource	somos o	2	17	somoso	5.981414
es	wikisource	odio se	2	31	odiose	es	wikisource	es oído	2	7	esoido	5.545177
es	wikisource	oir y	2	17	oiry	es	wikisource	y rió	2	21	yrio	5.981414
es	wikisource	olot	1	26	olot	es	wikisource	tó lo	2	12	tolo	5.860786
es	wikisource	reta	1	31	reta	es	wikisource	ater	1	7	ater	5.545177
es	wikisource	robra	1	9	robra	es	wikisource	arbor	1	29	arbor	5.703782
es	wikisource	sama	1	31	sama	es	wikisource	à mas	2	7	amas	5.545177
es	wikisource	sea mil	2	23	seamil	es	wikisource	lima es	2	15	limaes	5.950643
es	wikisource	si ca	2	7	sica	es	wikisource	acis	1	31	acis	5.545177
es	wikisource	sic a	2	7	sica	es	wikisource	acis	1	31	acis	5.545177
es	wikisource	sica	1	7	sica	es	wikisource	acis	1	31	acis	5.545177
es	wikisource	solo y el	3	14	soloyel	es	wikisource	ley o los	3	24	leyolos	5.926926
es	wikisource	somos o	2	17	somoso	es	wikisource	o somos	2	21	osomos	5.981414
es	wikisource	son le	2	8	sonle	es	wikisource	el nos	2	30	elnos	5.631212
es	wikisource	sér á	2	6	sera	es	wikisource	ares	1	32	ares	5.442418
es	wikisource	tó lo	2	12	tolo	es	wikisource	olot	1	26	olot	5.860786
es	wikisource	y cal	2	19	ycal	es	wikisource	lacy	1	19	lacy	5.991465
es	wikisource	y rió	2	21	yrio	es	wikisource	oir y	2	17	oiry	5.981414
es	wikisource	y saña	2	23	ysana	es	wikisource	anás y	2	15	anasy	5.950643
es	wikisource	y son el	3	21	ysonel	es	wikisource	leños y	2	17	lenosy	5.981414
es	wikisource	yaya	1	15	yaya	es	wikisource	aya y	2	23	ayay	5.950643
es	wikisource	yo él	2	10	yoel	es	wikisource	leo y	2	28	leoy	5.765191
es	wikisource	à mas	2	7	amas	es	wikisource	sama	1	31	sama	5.545177
es	wikisource	a bis	2	21	abis	es	wikisource	siba	1	16	siba	5.924256
es	wikisource	a lam	2	6	alam	es	wikisource	mal á	2	31	mala	5.411646
es	wikisource	adan	1	30	adan	es	wikisource	na da	2	7	nada	5.513429
es	wikisource	al seis	2	11	alseis	es	wikisource	sí es la	3	26	siesla	5.780744
es	wikisource	al ya	2	17	alya	es	wikisource	ay la	2	20	ayla	5.934894
es	wikisource	alá el	2	10	alael	es	wikisource	lea la	2	27	leala	5.7301
es	wikisource	alá y	2	30	alay	es	wikisource	yá la	2	7	yala	5.513429
es	wikisource	alí el	2	31	aliel	es	wikisource	lei la	2	6	leila	5.411646
es	wikisource	anual se	2	16	anualse	es	wikisource	es la una	3	21	eslauna	5.924256
es	wikisource	apar	1	7	apar	es	wikisource	rapa	1	30	rapa	5.513429
es	wikisource	arua	1	11	arua	es	wikisource	áura	1	26	aura	5.780744
es	wikisource	asa y	2	27	asay	es	wikisource	y asa	2	10	yasa	5.7301
es	wikisource	ay la	2	20	ayla	es	wikisource	al ya	2	17	alya	5.934894
es	wikisource	el rio y	3	9	elrioy	es	wikisource	y oírle	2	28	yoirle	5.669881
es	wikisource	es el río	3	21	eselrio	es	wikisource	oírle se	2	16	oirlese	5.924256
es	wikisource	es la una	3	21	eslauna	es	wikisource	anual se	2	16	anualse	5.924256
es	wikisource	inanes	1	30	inanes	es	wikisource	seña ni	2	7	senani	5.513429
es	wikisource	la tala	2	32	latala	es	wikisource	á la tal	3	5	alatal	5.288267
es	wikisource	la tol	2	7	latol	es	wikisource	lo tal	2	30	lotal	5.513429
es	wikisource	las íes	2	26	lasies	es	wikisource	seis al	2	11	seisal	5.780744
es	wikisource	le di el	3	28	lediel	es	wikisource	lei del	2	9	leidel	5.669881
es	wikisource	lea la	2	27	leala	es	wikisource	alá el	2	10	alael	5.7301
es	wikisource	lei del	2	9	leidel	es	wikisource	le di el	3	28	lediel	5.669881
es	wikisource	lei la	2	6	leila	es	wikisource	alí el	2	31	aliel	5.411646
es	wikisource	lo tal	2	30	lotal	es	wikisource	la tol	2	7	latol	5.513429
es	wikisource	mal á	2	31	mala	es	wikisource	a lam	2	6	alam	5.411646
es	wikisource	na da	2	7	nada	es	wikisource	adan	1	30	adan	5.513429
es	wikisource	nabat	1	25	nabat	es	wikisource	taban	1	12	taban	5.823046
es	wikisource	nea y	2	10	neay	es	wikisource	yá en	2	27	yaen	5.7301
es	wikisource	oírle se	2	16	oirlese	es	wikisource	es el río	3	21	eselrio	5.924256
es	wikisource	rabie	1	32	rabie	es	wikisource	éibar	1	5	eibar	5.288267
es	wikisource	rapa	1	30	rapa	es	wikisource	apar	1	7	apar	5.513429
es	wikisource	seis al	2	11	seisal	es	wikisource	las íes	2	26	lasies	5.780744
es	wikisource	seña ni	2	7	senani	es	wikisource	inanes	1	30	inanes	5.513429
es	wikisource	siba	1	16	siba	es	wikisource	a bis	2	21	abis	5.924256
es	wikisource	sí es la	3	26	siesla	es	wikisource	al seis	2	11	alseis	5.780744
es	wikisource	taban	1	12	taban	es	wikisource	nabat	1	25	nabat	5.823046
es	wikisource	y asa	2	10	yasa	es	wikisource	asa y	2	27	asay	5.7301
es	wikisource	y oírle	2	28	yoirle	es	wikisource	el rio y	3	9	elrioy	5.669881
es	wikisource	yá en	2	27	yaen	es	wikisource	nea y	2	10	neay	5.7301
es	wikisource	yá la	2	7	yala	es	wikisource	alá y	2	30	alay	5.513429
es	wikisource	á la tal	3	5	alatal	es	wikisource	la tala	2	32	latala	5.288267
es	wikisource	área se	2	5	arease	es	wikisource	ésa era	2	32	esaera	5.288267
es	wikisource	áura	1	26	aura	es	wikisource	arua	1	11	arua	5.780744
es	wikisource	éibar	1	5	eibar	es	wikisource	rabie	1	32	rabie	5.288267
es	wikisource	ésa era	2	32	esaera	es	wikisource	área se	2	5	arease	5.288267
es	wikisource	a labor	2	7	alabor	es	wikisource	roba la	2	29	robala	5.480639
es	wikisource	a ned	2	29	aned	es	wikisource	de ña	2	7	dena	5.480639
es	wikisource	ajena al	2	25	ajenaal	es	wikisource	la añeja	2	11	laaneja	5.743003
es	wikisource	alí el	2	31	aliel	es	wikisource	léila	1	5	leila	5.257495
es	wikisource	ama las	2	27	amalas	es	wikisource	salama	1	9	salama	5.63479
es	wikisource	asato	1	31	asato	es	wikisource	o tasa	2	5	otasa	5.257495
es	wikisource	bailé	1	11	baile	es	wikisource	eliab	1	25	eliab	5.743003
es	wikisource	da a las	3	30	daalas	es	wikisource	sala ad	2	6	salaad	5.379897
es	wikisource	dady	1	7	dady	es	wikisource	y dad	2	29	ydad	5.480639
es	wikisource	de ña	2	7	dena	es	wikisource	a ned	2	29	aned	5.480639
es	wikisource	e dar	2	22	edar	es	wikisource	ra de	2	14	rade	5.843544
es	wikisource	edem	1	13	edem	es	wikisource	me de	2	23	mede	5.817111
es	wikisource	eliab	1	25	eliab	es	wikisource	bailé	1	11	baile	5.743003
es	wikisource	elles	1	20	elles	es	wikisource	selle	1	16	selle	5.877736
es	wikisource	es nos	2	8	esnos	es	wikisource	son se	2	28	sonse	5.56452
es	wikisource	es oír	2	20	esoir	es	wikisource	rio se	2	16	riose	5.877736
es	wikisource	es río	2	10	esrio	es	wikisource	oirse	1	26	oirse	5.693732
es	wikisource	et a y	3	29	etay	es	wikisource	yá te	2	7	yate	5.480639
es	wikisource	la añeja	2	11	laaneja	es	wikisource	ajena al	2	25	ajenaal	5.743003
es	wikisource	le dan el	3	22	ledanel	es	wikisource	leña del	2	14	lenadel	5.843544
es	wikisource	le de el	3	30	ledeel	es	wikisource	leed el	2	6	leedel	5.379897
es	wikisource	leed el	2	6	leedel	es	wikisource	le de el	3	30	ledeel	5.379897
es	wikisource	leonís	1	26	leonis	es	wikisource	si no él	3	10	sinoel	5.693732
es	wikisource	levin a	2	27	levina	es	wikisource	á nivel	2	9	anivel	5.63479
es	wikisource	leña del	2	14	lenadel	es	wikisource	le dan el	3	22	ledanel	5.843544
es	wikisource	léila	1	5	leila	es	wikisource	alí el	2	31	aliel	5.257495
es	wikisource	mal os	2	29	malos	es	wikisource	solam	1	7	solam	5.480639
es	wikisource	me de	2	23	mede	es	wikisource	edem	1	13	edem	5.817111
es	wikisource	mi las	2	8	milas	es	wikisource	salim	1	28	salim	5.56452
es	wikisource	o tasa	2	5	otasa	es	wikisource	asato	1	31	asato	5.257495
es	wikisource	oirse	1	26	oirse	es	wikisource	es río	2	10	esrio	5.693732
es	wikisource	ra de	2	14	rade	es	wikisource	e dar	2	22	edar	5.843544
es	wikisource	ralas	1	13	ralas	es	wikisource	salar	1	23	salar	5.817111
es	wikisource	rio se	2	16	riose	es	wikisource	es oír	2	20	esoir	5.877736
es	wikisource	roba la	2	29	robala	es	wikisource	a labor	2	7	alabor	5.480639
es	wikisource	ropilla y	2	7	ropillay	es	wikisource	y allí por	3	29	yallipor	5.480639
es	wikisource	sala ad	2	6	salaad	es	wikisource	da a las	3	30	daalas	5.379897
es	wikisource	salama	1	9	salama	es	wikisource	ama las	2	27	amalas	5.63479
es	wikisource	salar	1	23	salar	es	wikisource	ralas	1	13	ralas	5.817111
es	wikisource	salim	1	28	salim	es	wikisource	mi las	2	8	milas	5.56452
es	wikisource	selle	1	16	selle	es	wikisource	elles	1	20	elles	5.877736
es	wikisource	sena y	2	21	senay	es	wikisource	yanes	1	15	yanes	5.863631
es	wikisource	senores	1	7	senores	es	wikisource	serones	1	29	serones	5.480639
es	wikisource	serones	1	29	serones	es	wikisource	senores	1	7	senores	5.480639
es	wikisource	si no él	3	10	sinoel	es	wikisource	leonís	1	26	leonis	5.693732
es	wikisource	solam	1	7	solam	es	wikisource	mal os	2	29	malos	5.480639
es	wikisource	son se	2	28	sonse	es	wikisource	es nos	2	8	esnos	5.56452
es	wikisource	y allí por	3	29	yallipor	es	wikisource	ropilla y	2	7	ropillay	5.480639
es	wikisource	y dad	2	29	ydad	es	wikisource	dady	1	7	dady	5.480639
es	wikisource	yanes	1	15	yanes	es	wikisource	sena y	2	21	senay	5.863631
es	wikisource	yá te	2	7	yate	es	wikisource	et a y	3	29	etay	5.480639
es	wikisource	á nivel	2	9	anivel	es	wikisource	levin a	2	27	levina	5.63479
es	wikisource	a des	2	23	ades	es	wikisource	sed a	2	12	seda	5.743003
es	wikisource	a ir con	3	22	aircon	es	wikisource	no cría	2	13	nocria	5.774552
es	wikisource	a la valla	3	12	alavalla	es	wikisource	allá va la	3	23	allavala	5.743003
es	wikisource	a nerón	2	30	aneron	es	wikisource	noreña	1	5	norena	5.225747
es	wikisource	a oído	2	12	aoido	es	wikisource	odio á	2	23	odioa	5.743003
es	wikisource	a remo	2	27	aremo	es	wikisource	o mera	2	8	omera	5.529429
es	wikisource	a toca	2	18	atoca	es	wikisource	acota	1	17	acota	5.834811
es	wikisource	abed	1	30	abed	es	wikisource	de ba	2	5	deba	5.225747
es	wikisource	acota	1	17	acota	es	wikisource	a toca	2	18	atoca	5.834811
es	wikisource	ajes	1	10	ajes	es	wikisource	seja	1	25	seja	5.655992
es	wikisource	ala el	2	8	alael	es	wikisource	lea la	2	27	leala	5.529429
es	wikisource	allá va la	3	23	allavala	es	wikisource	a la valla	3	12	alavalla	5.743003
es	wikisource	anima con	2	17	animacon	es	wikisource	no camina	2	18	nocamina	5.834811
es	wikisource	anis	1	5	anis	es	wikisource	siñá	1	30	sina	5.225747
es	wikisource	atem	1	6	atem	es	wikisource	metá	1	29	meta	5.347108
es	wikisource	blok	1	30	blok	es	wikisource	kolb	1	5	kolb	5.225747
es	wikisource	de ba	2	5	deba	es	wikisource	abed	1	30	abed	5.225747
es	wikisource	e tan	2	30	etan	es	wikisource	nate	1	5	nate	5.225747
es	wikisource	edil	1	30	edil	es	wikisource	lid e	2	5	lide	5.225747
es	wikisource	el as	2	21	elas	es	wikisource	salé	1	14	sale	5.799093
es	wikisource	kolb	1	5	kolb	es	wikisource	blok	1	30	blok	5.225747
es	wikisource	la des	2	25	lades	es	wikisource	sedal	1	10	sedal	5.655992
es	wikisource	lamo	1	9	lamo	es	wikisource	ó mal	2	26	omal	5.598422
es	wikisource	lea la	2	27	leala	es	wikisource	ala el	2	8	alael	5.529429
es	wikisource	lid e	2	5	lide	es	wikisource	edil	1	30	edil	5.225747
es	wikisource	metá	1	29	meta	es	wikisource	atem	1	6	atem	5.347108
es	wikisource	nate	1	5	nate	es	wikisource	e tan	2	30	etan	5.225747
es	wikisource	no camina	2	18	nocamina	es	wikisource	anima con	2	17	animacon	5.834811
es	wikisource	no cría	2	13	nocria	es	wikisource	a ir con	3	22	aircon	5.774552
es	wikisource	no solo los	3	29	nosololos	es	wikisource	sólo lo son	3	6	sololoson	5.347108
es	wikisource	nono y	2	5	nonoy	es	wikisource	yo non	2	30	yonon	5.225747
es	wikisource	noreña	1	5	norena	es	wikisource	a nerón	2	30	aneron	5.225747
es	wikisource	o mera	2	8	omera	es	wikisource	a remo	2	27	aremo	5.529429
es	wikisource	o río	2	16	orio	es	wikisource	oír o	2	19	oiro	5.828946
es	wikisource	odio á	2	23	odioa	es	wikisource	a oído	2	12	aoido	5.743003
es	wikisource	oír o	2	19	oiro	es	wikisource	o río	2	16	orio	5.828946
es	wikisource	sala los	2	23	salalos	es	wikisource	sol a las	3	12	solalas	5.743003
es	wikisource	salé	1	14	sale	es	wikisource	el as	2	21	elas	5.799093
es	wikisource	se ñores	2	6	senores	es	wikisource	serones	1	29	serones	5.347108
es	wikisource	sed a	2	12	seda	es	wikisource	a des	2	23	ades	5.743003
es	wikisource	sedal	1	10	sedal	es	wikisource	la des	2	25	lades	5.655992
es	wikisource	seja	1	25	seja	es	wikisource	ajes	1	10	ajes	5.655992
es	wikisource	serones	1	29	serones	es	wikisource	se ñores	2	6	senores	5.347108
es	wikisource	siñá	1	30	sina	es	wikisource	anis	1	5	anis	5.225747
es	wikisource	sol a las	3	12	solalas	es	wikisource	sala los	2	23	salalos	5.743003
es	wikisource	suso y	2	5	susoy	es	wikisource	yo sus	2	30	yosus	5.225747
es	wikisource	sólo lo son	3	6	sololoson	es	wikisource	no solo los	3	29	nosololos	5.347108
es	wikisource	yo non	2	30	yonon	es	wikisource	nono y	2	5	nonoy	5.225747
es	wikisource	yo sus	2	30	yosus	es	wikisource	suso y	2	5	susoy	5.225747
es	wikisource	ó mal	2	26	omal	es	wikisource	lamo	1	9	lamo	5.598422
es	wikisource	a anita	2	25	aanita	es	wikisource	atina a	2	9	atinaa	5.560682
es	wikisource	a de ser	3	25	adeser	es	wikisource	reseda	1	9	reseda	5.560682
es	wikisource	a la musa	3	25	alamusa	es	wikisource	a su mala	3	9	asumala	5.560682
es	wikisource	a omar	2	13	aomar	es	wikisource	ramo a	2	21	ramoa	5.7301
es	wikisource	a res	2	9	ares	es	wikisource	ser á	2	25	sera	5.560682
es	wikisource	a rodil	2	6	arodil	es	wikisource	lidora	1	28	lidora	5.313206
es	wikisource	a su mala	3	9	asumala	es	wikisource	a la musa	3	25	alamusa	5.560682
es	wikisource	a suos	2	13	asuos	es	wikisource	sousa	1	21	sousa	5.7301
es	wikisource	ados	1	11	ados	es	wikisource	soda	1	23	soda	5.66296
es	wikisource	agras	1	6	agras	es	wikisource	sarga	1	28	sarga	5.313206
es	wikisource	ai de	2	8	aide	es	wikisource	e dia	2	26	edia	5.493061
es	wikisource	al des	2	7	aldes	es	wikisource	sed la	2	27	sedla	5.411646
es	wikisource	alón	1	21	alon	es	wikisource	nola	1	13	nola	5.7301
es	wikisource	araños	1	5	aranos	es	wikisource	soñara	1	29	sonara	5.192957
es	wikisource	atina a	2	9	atinaa	es	wikisource	a anita	2	25	aanita	5.560682
es	wikisource	avis	1	19	avis	es	wikisource	siva	1	15	siva	5.768321
es	wikisource	ay amor	2	26	ayamor	es	wikisource	roma ya	2	8	romaya	5.493061
es	wikisource	dió y	2	23	dioy	es	wikisource	y oid	2	11	yoid	5.66296
es	wikisource	e dia	2	26	edia	es	wikisource	ai de	2	8	aide	5.493061
es	wikisource	educa y	2	9	educay	es	wikisource	y acude	2	25	yacude	5.560682
es	wikisource	el iv	2	17	eliv	es	wikisource	vile	1	17	vile	5.780744
es	wikisource	eles	1	10	eles	es	wikisource	sé le	2	24	sele	5.616771
es	wikisource	emer	1	26	emer	es	wikisource	reme	1	8	reme	5.493061
es	wikisource	emes	1	7	emes	es	wikisource	sé me	2	27	seme	5.411646
es	wikisource	enos	1	22	enos	es	wikisource	son e	2	12	sone	5.700444
es	wikisource	eraso	1	26	eraso	es	wikisource	osare	1	8	osare	5.493061
es	wikisource	es a él	3	26	esael	es	wikisource	lea se	2	8	lease	5.493061
es	wikisource	is es	2	7	ises	es	wikisource	se si	2	27	sesi	5.411646
es	wikisource	item el	2	17	itemel	es	wikisource	le metí	2	17	lemeti	5.780744
es	wikisource	le bon	2	7	lebon	es	wikisource	nobel	1	27	nobel	5.411646
es	wikisource	le metí	2	17	lemeti	es	wikisource	item el	2	17	itemel	5.780744
es	wikisource	lea por	2	6	leapor	es	wikisource	ropa el	2	28	ropael	5.313206
es	wikisource	lea se	2	8	lease	es	wikisource	es a él	3	26	esael	5.493061
es	wikisource	leonís	1	26	leonis	es	wikisource	sinó el	2	8	sinoel	5.493061
es	wikisource	lidora	1	28	lidora	es	wikisource	a rodil	2	6	arodil	5.313206
es	wikisource	neso	1	29	neso	es	wikisource	os en	2	5	osen	5.192957
es	wikisource	nobel	1	27	nobel	es	wikisource	le bon	2	7	lebon	5.411646
es	wikisource	nola	1	13	nola	es	wikisource	alón	1	21	alon	5.7301
es	wikisource	os en	2	5	osen	es	wikisource	neso	1	29	neso	5.192957
es	wikisource	osare	1	8	osare	es	wikisource	eraso	1	26	eraso	5.493061
es	wikisource	ramo a	2	21	ramoa	es	wikisource	a omar	2	13	aomar	5.7301
es	wikisource	reme	1	8	reme	es	wikisource	emer	1	26	emer	5.493061
es	wikisource	reseda	1	9	reseda	es	wikisource	a de ser	3	25	adeser	5.560682
es	wikisource	roma ya	2	8	romaya	es	wikisource	ay amor	2	26	ayamor	5.493061
es	wikisource	ropa el	2	28	ropael	es	wikisource	lea por	2	6	leapor	5.313206
es	wikisource	sala los	2	23	salalos	es	wikisource	sola las	2	11	solalas	5.66296
es	wikisource	sarga	1	28	sarga	es	wikisource	agras	1	6	agras	5.313206
es	wikisource	se si	2	27	sesi	es	wikisource	is es	2	7	ises	5.411646
es	wikisource	sed la	2	27	sedla	es	wikisource	al des	2	7	aldes	5.411646
es	wikisource	sena y	2	21	senay	es	wikisource	yáñes	1	13	yanes	5.7301
es	wikisource	ser á	2	25	sera	es	wikisource	a res	2	9	ares	5.560682
es	wikisource	sinó el	2	8	sinoel	es	wikisource	leonís	1	26	leonis	5.493061
es	wikisource	siva	1	15	siva	es	wikisource	avis	1	19	avis	5.768321
es	wikisource	soda	1	23	soda	es	wikisource	ados	1	11	ados	5.66296
es	wikisource	sola las	2	11	solalas	es	wikisource	sala los	2	23	salalos	5.66296
es	wikisource	son e	2	12	sone	es	wikisource	enos	1	22	enos	5.700444
es	wikisource	sono	1	29	sono	es	wikisource	ó nos	2	5	onos	5.192957
es	wikisource	sousa	1	21	sousa	es	wikisource	a suos	2	13	asuos	5.7301
es	wikisource	soñara	1	29	sonara	es	wikisource	araños	1	5	aranos	5.192957
es	wikisource	sé le	2	24	sele	es	wikisource	eles	1	10	eles	5.616771
es	wikisource	sé me	2	27	seme	es	wikisource	emes	1	7	emes	5.411646
es	wikisource	vile	1	17	vile	es	wikisource	el iv	2	17	eliv	5.780744
es	wikisource	y acude	2	25	yacude	es	wikisource	educa y	2	9	educay	5.560682
es	wikisource	y oid	2	11	yoid	es	wikisource	dió y	2	23	dioy	5.66296
es	wikisource	yáñes	1	13	yanes	es	wikisource	sena y	2	21	senay	5.7301
es	wikisource	ñato	1	29	nato	es	wikisource	ó tan	2	5	otan	5.192957
es	wikisource	ó nos	2	5	onos	es	wikisource	sono	1	29	sono	5.192957
es	wikisource	ó tan	2	5	otan	es	wikisource	ñato	1	29	nato	5.192957
es	wikisource	a dalle	2	9	adalle	es	wikisource	ella da	2	24	ellada	5.521461
es	wikisource	a lamón	2	15	alamon	es	wikisource	no mala	2	18	nomala	5.717028
es	wikisource	a oir	2	20	aoir	es	wikisource	rió a	2	13	rioa	5.68358
es	wikisource	a ojo	2	25	aojo	es	wikisource	ojo á	2	8	ojoa	5.455321
es	wikisource	a zeus	2	27	azeus	es	wikisource	suez a	2	6	sueza	5.278115
es	wikisource	adin	1	6	adin	es	wikisource	ni da	2	27	nida	5.278115
es	wikisource	aide	1	7	aide	es	wikisource	e dia	2	26	edia	5.375278
es	wikisource	al amor a	3	21	alamora	es	wikisource	aroma la	2	12	aromala	5.655992
es	wikisource	al ebro	2	21	alebro	es	wikisource	orbe la	2	12	orbela	5.655992
es	wikisource	al lao	2	6	allao	es	wikisource	o allá	2	27	oalla	5.278115
es	wikisource	al son y	3	6	alsony	es	wikisource	y nos la	3	27	ynosla	5.278115
es	wikisource	amés	1	20	ames	es	wikisource	sema	1	13	sema	5.68358
es	wikisource	aroma la	2	12	aromala	es	wikisource	al amor a	3	21	alamora	5.655992
es	wikisource	arán	1	28	aran	es	wikisource	nara	1	5	nara	5.159055
es	wikisource	ase de	2	19	asede	es	wikisource	edesa	1	14	edesa	5.703782
es	wikisource	avis	1	19	avis	es	wikisource	sí va	2	14	siva	5.703782
es	wikisource	aviva y	2	18	avivay	es	wikisource	y aviva	2	15	yaviva	5.717028
es	wikisource	añil y	2	14	anily	es	wikisource	y lina	2	19	ylina	5.703782
es	wikisource	ca si	2	28	casi	es	wikisource	isac	1	5	isac	5.159055
es	wikisource	dize y	2	13	dizey	es	wikisource	yezid	1	20	yezid	5.68358
es	wikisource	e dia	2	26	edia	es	wikisource	aide	1	7	aide	5.375278
es	wikisource	edad años	2	28	edadanos	es	wikisource	soñada de	2	5	sonadade	5.159055
es	wikisource	edad son	2	19	edadson	es	wikisource	nos da de	3	14	nosdade	5.703782
es	wikisource	edat	1	13	edat	es	wikisource	ta de	2	20	tade	5.68358
es	wikisource	edesa	1	14	edesa	es	wikisource	ase de	2	19	asede	5.703782
es	wikisource	el sil	2	14	elsil	es	wikisource	lisle	1	19	lisle	5.703782
es	wikisource	ella da	2	24	ellada	es	wikisource	a dalle	2	9	adalle	5.521461
es	wikisource	else	1	25	else	es	wikisource	esle	1	8	esle	5.455321
es	wikisource	esle	1	8	esle	es	wikisource	else	1	25	else	5.455321
es	wikisource	isac	1	5	isac	es	wikisource	ca si	2	28	casi	5.159055
es	wikisource	latón y	2	28	latony	es	wikisource	y no tal	3	5	ynotal	5.159055
es	wikisource	leir	1	5	leir	es	wikisource	riel	1	28	riel	5.159055
es	wikisource	león o	2	24	leono	es	wikisource	ó no el	3	9	onoel	5.521461
es	wikisource	lisle	1	19	lisle	es	wikisource	el sil	2	14	elsil	5.703782
es	wikisource	muden	1	28	muden	es	wikisource	nedum	1	5	nedum	5.159055
es	wikisource	nara	1	5	nara	es	wikisource	arán	1	28	aran	5.159055
es	wikisource	nedum	1	5	nedum	es	wikisource	muden	1	28	muden	5.159055
es	wikisource	ni da	2	27	nida	es	wikisource	adin	1	6	adin	5.278115
es	wikisource	no mala	2	18	nomala	es	wikisource	a lamón	2	15	alamon	5.717028
es	wikisource	no sonó	2	12	nosono	es	wikisource	o no son	3	21	onoson	5.655992
es	wikisource	nos da de	3	14	nosdade	es	wikisource	edad son	2	19	edadson	5.703782
es	wikisource	o allá	2	27	oalla	es	wikisource	al lao	2	6	allao	5.278115
es	wikisource	o no son	3	21	onoson	es	wikisource	no sonó	2	12	nosono	5.655992
es	wikisource	ojo á	2	8	ojoa	es	wikisource	a ojo	2	25	aojo	5.455321
es	wikisource	opep	1	21	opep	es	wikisource	pepo	1	12	pepo	5.655992
es	wikisource	orbe la	2	12	orbela	es	wikisource	al ebro	2	21	alebro	5.655992
es	wikisource	pepo	1	12	pepo	es	wikisource	opep	1	21	opep	5.655992
es	wikisource	riel	1	28	riel	es	wikisource	leir	1	5	leir	5.159055
es	wikisource	rió a	2	13	rioa	es	wikisource	a oir	2	20	aoir	5.68358
es	wikisource	sedes y	2	22	sedesy	es	wikisource	y sedes	2	11	ysedes	5.620401
es	wikisource	sema	1	13	sema	es	wikisource	amés	1	20	ames	5.68358
es	wikisource	si él os	3	8	sielos	es	wikisource	soléis	1	25	soleis	5.455321
es	wikisource	soléis	1	25	soleis	es	wikisource	si él os	3	8	sielos	5.455321
es	wikisource	soñada de	2	5	sonadade	es	wikisource	edad años	2	28	edadanos	5.159055
es	wikisource	suez a	2	6	sueza	es	wikisource	a zeus	2	27	azeus	5.278115
es	wikisource	sí a su	3	16	siasu	es	wikisource	usáis	1	17	usais	5.723585
es	wikisource	sí va	2	14	siva	es	wikisource	avis	1	19	avis	5.703782
es	wikisource	ta de	2	20	tade	es	wikisource	edat	1	13	edat	5.68358
es	wikisource	tola	1	21	tola	es	wikisource	á lot	2	12	alot	5.655992
es	wikisource	usáis	1	17	usais	es	wikisource	sí a su	3	16	siasu	5.723585
es	wikisource	y aviva	2	15	yaviva	es	wikisource	aviva y	2	18	avivay	5.717028
es	wikisource	y lina	2	19	ylina	es	wikisource	añil y	2	14	anily	5.703782
es	wikisource	y no tal	3	5	ynotal	es	wikisource	latón y	2	28	latony	5.159055
es	wikisource	y nos la	3	27	ynosla	es	wikisource	al son y	3	6	alsony	5.278115
es	wikisource	y sedes	2	11	ysedes	es	wikisource	sedes y	2	22	sedesy	5.620401
es	wikisource	yezid	1	20	yezid	es	wikisource	dize y	2	13	dizey	5.68358
es	wikisource	á lot	2	12	alot	es	wikisource	tola	1	21	tola	5.655992
es	wikisource	ó no el	3	9	onoel	es	wikisource	león o	2	24	leono	5.521461
es	wikisource	a palos y	3	24	apalosy	es	wikisource	y solapa	2	8	ysolapa	5.4161
es	wikisource	a res	2	9	ares	es	wikisource	serà	1	23	sera	5.480639
es	wikisource	abaca	1	26	abaca	es	wikisource	acabá	1	6	acaba	5.241747
es	wikisource	acabá	1	6	acaba	es	wikisource	abaca	1	26	abaca	5.241747
es	wikisource	ades	1	20	ades	es	wikisource	sed a	2	12	seda	5.609472
es	wikisource	adán a	2	17	adana	es	wikisource	á nada	2	15	anada	5.66296
es	wikisource	al irán	2	24	aliran	es	wikisource	narila	1	8	narila	5.4161
es	wikisource	alas o	2	14	alaso	es	wikisource	o sala	2	18	osala	5.652489
es	wikisource	arañas y	2	26	aranasy	es	wikisource	y sanará	2	6	ysanara	5.241747
es	wikisource	aven	1	14	aven	es	wikisource	neva	1	18	neva	5.652489
es	wikisource	de crema y	3	8	decremay	es	wikisource	y a merced	3	24	yamerced	5.4161
es	wikisource	de non	2	26	denon	es	wikisource	no ned	2	6	noned	5.241747
es	wikisource	el añil	2	26	elanil	es	wikisource	lina le	2	6	linale	5.241747
es	wikisource	el oido	2	21	eloido	es	wikisource	odio le	2	11	odiole	5.575949
es	wikisource	eral	1	5	eral	es	wikisource	la re	2	27	lare	5.123964
es	wikisource	eris	1	20	eris	es	wikisource	sire	1	12	sire	5.609472
es	wikisource	es si es	3	8	essies	es	wikisource	seis se	2	24	seisse	5.4161
es	wikisource	ises	1	5	ises	es	wikisource	se si	2	27	sesi	5.123964
es	wikisource	la re	2	27	lare	es	wikisource	eral	1	5	eral	5.123964
es	wikisource	le da lo	3	16	ledalo	es	wikisource	ola del	2	16	oladel	5.666427
es	wikisource	le da su	3	24	ledasu	es	wikisource	usa del	2	8	usadel	5.4161
es	wikisource	lina le	2	6	linale	es	wikisource	el añil	2	26	elanil	5.241747
es	wikisource	nadó	1	23	nado	es	wikisource	o dan	2	9	odan	5.480639
es	wikisource	narila	1	8	narila	es	wikisource	al irán	2	24	aliran	5.4161
es	wikisource	navy	1	12	navy	es	wikisource	yvan	1	20	yvan	5.609472
es	wikisource	neva	1	18	neva	es	wikisource	aven	1	14	aven	5.652489
es	wikisource	no ned	2	6	noned	es	wikisource	de non	2	26	denon	5.241747
es	wikisource	no soñó	2	11	nosono	es	wikisource	o no son	3	21	onoson	5.575949
es	wikisource	o dan	2	9	odan	es	wikisource	nadó	1	23	nado	5.480639
es	wikisource	o no son	3	21	onoson	es	wikisource	no soñó	2	11	nosono	5.575949
es	wikisource	o sala	2	18	osala	es	wikisource	alas o	2	14	alaso	5.652489
es	wikisource	odio le	2	11	odiole	es	wikisource	el oido	2	21	eloido	5.575949
es	wikisource	ola del	2	16	oladel	es	wikisource	le da lo	3	16	ledalo	5.666427
es	wikisource	otón y	2	9	otony	es	wikisource	y noto	2	23	ynoto	5.480639
es	wikisource	se si	2	27	sesi	es	wikisource	ises	1	5	ises	5.123964
es	wikisource	sed a	2	12	seda	es	wikisource	ades	1	20	ades	5.609472
es	wikisource	seis se	2	24	seisse	es	wikisource	es si es	3	8	essies	5.4161
es	wikisource	serà	1	23	sera	es	wikisource	a res	2	9	ares	5.480639
es	wikisource	sire	1	12	sire	es	wikisource	eris	1	20	eris	5.609472
es	wikisource	sí ésa	2	7	siesa	es	wikisource	á seis	2	25	aseis	5.337538
es	wikisource	usa del	2	8	usadel	es	wikisource	le da su	3	24	ledasu	5.4161
es	wikisource	y a merced	3	24	yamerced	es	wikisource	de crema y	3	8	decremay	5.4161
es	wikisource	y noto	2	23	ynoto	es	wikisource	otón y	2	9	otony	5.480639
es	wikisource	y sanará	2	6	ysanara	es	wikisource	arañas y	2	26	aranasy	5.241747
es	wikisource	y solapa	2	8	ysolapa	es	wikisource	a palos y	3	24	apalosy	5.4161
es	wikisource	yvan	1	20	yvan	es	wikisource	navy	1	12	navy	5.609472
es	wikisource	á nada	2	15	anada	es	wikisource	adán a	2	17	adana	5.66296
es	wikisource	á seis	2	25	aseis	es	wikisource	sí ésa	2	7	siesa	5.337538
es	wikisource	a baby	2	8	ababy	es	wikisource	y baba	2	23	ybaba	5.375278
es	wikisource	a cal	2	9	acal	es	wikisource	la ca	2	22	laca	5.438079
es	wikisource	a de ser	3	25	adeser	es	wikisource	resedá	1	6	reseda	5.204007
es	wikisource	a popa y	3	22	apopay	es	wikisource	y a popa	3	9	yapopa	5.438079
es	wikisource	abas	1	12	abas	es	wikisource	sabá	1	19	saba	5.560682
es	wikisource	aires ó	2	6	aireso	es	wikisource	o sería	2	25	oseria	5.204007
es	wikisource	allá tan	2	23	allatan	es	wikisource	natal la	2	8	natalla	5.375278
es	wikisource	allá él	2	13	allael	es	wikisource	leal la	2	18	lealla	5.583496
es	wikisource	amar á	2	23	amara	es	wikisource	á rama	2	8	arama	5.375278
es	wikisource	ana es	2	17	anaes	es	wikisource	sean á	2	14	seana	5.598422
es	wikisource	arador	1	18	arador	es	wikisource	rodara	1	13	rodara	5.583496
es	wikisource	aves los	2	16	aveslos	es	wikisource	sol se va	3	15	solseva	5.605802
es	wikisource	aya y	2	23	ayay	es	wikisource	ya y a	3	8	yaya	5.375278
es	wikisource	azar o	2	20	azaro	es	wikisource	o raza	2	11	oraza	5.529429
es	wikisource	bons	1	9	bons	es	wikisource	snob	1	22	snob	5.438079
es	wikisource	duse	1	5	duse	es	wikisource	es ud	2	26	esud	5.087596
es	wikisource	en él les	3	10	enelles	es	wikisource	se llene	2	21	sellene	5.488938
es	wikisource	es ud	2	26	esud	es	wikisource	duse	1	5	duse	5.087596
es	wikisource	esa tan	2	16	esatan	es	wikisource	nata se	2	15	natase	5.605802
es	wikisource	esos se	2	13	esosse	es	wikisource	esso se	2	18	essose	5.583496
es	wikisource	esso se	2	18	essose	es	wikisource	esos se	2	13	esosse	5.583496
es	wikisource	la ca	2	22	laca	es	wikisource	a cal	2	9	acal	5.438079
es	wikisource	lata y	2	25	latay	es	wikisource	y á tal	3	6	yatal	5.204007
es	wikisource	leal la	2	18	lealla	es	wikisource	allá él	2	13	allael	5.583496
es	wikisource	nadal y	2	23	nadaly	es	wikisource	y la dan	3	8	yladan	5.375278
es	wikisource	nata se	2	15	natase	es	wikisource	esa tan	2	16	esatan	5.605802
es	wikisource	natal la	2	8	natalla	es	wikisource	allá tan	2	23	allatan	5.375278
es	wikisource	nenas	1	25	nenas	es	wikisource	sanen	1	6	sanen	5.204007
es	wikisource	o raza	2	11	oraza	es	wikisource	azar o	2	20	azaro	5.529429
es	wikisource	o sería	2	25	oseria	es	wikisource	aires ó	2	6	aireso	5.204007
es	wikisource	orio	1	12	orio	es	wikisource	oír o	2	19	oiro	5.560682
es	wikisource	oris	1	15	oris	es	wikisource	siro	1	16	siro	5.605802
es	wikisource	oí más	2	15	oimas	es	wikisource	samio	1	16	samio	5.605802
es	wikisource	oír o	2	19	oiro	es	wikisource	orio	1	12	orio	5.560682
es	wikisource	resedá	1	6	reseda	es	wikisource	a de ser	3	25	adeser	5.204007
es	wikisource	rodara	1	13	rodara	es	wikisource	arador	1	18	arador	5.583496
es	wikisource	sabas y	2	21	sabasy	es	wikisource	y sabas	2	10	ysabas	5.488938
es	wikisource	sabá	1	19	saba	es	wikisource	abas	1	12	abas	5.560682
es	wikisource	samio	1	16	samio	es	wikisource	oí más	2	15	oimas	5.605802
es	wikisource	sanen	1	6	sanen	es	wikisource	nenas	1	25	nenas	5.204007
es	wikisource	se llene	2	21	sellene	es	wikisource	en él les	3	10	enelles	5.488938
es	wikisource	sean á	2	14	seana	es	wikisource	ana es	2	17	anaes	5.598422
es	wikisource	seca los	2	7	secalos	es	wikisource	solaces	1	24	solaces	5.298317
es	wikisource	siro	1	16	siro	es	wikisource	oris	1	15	oris	5.605802
es	wikisource	snob	1	22	snob	es	wikisource	bons	1	9	bons	5.438079
es	wikisource	sol se va	3	15	solseva	es	wikisource	aves los	2	16	aveslos	5.605802
es	wikisource	solaces	1	24	solaces	es	wikisource	seca los	2	7	secalos	5.298317
es	wikisource	son ley	2	5	sonley	es	wikisource	y él nos	3	26	yelnos	5.087596
es	wikisource	y a popa	3	9	yapopa	es	wikisource	a popa y	3	22	apopay	5.438079
es	wikisource	y baba	2	23	ybaba	es	wikisource	a baby	2	8	ababy	5.375278
es	wikisource	y la dan	3	8	yladan	es	wikisource	nadal y	2	23	nadaly	5.375278
es	wikisource	y sabas	2	10	ysabas	es	wikisource	sabas y	2	21	sabasy	5.488938
es	wikisource	y á tal	3	6	yatal	es	wikisource	lata y	2	25	latay	5.204007
es	wikisource	y él nos	3	26	yelnos	es	wikisource	son ley	2	5	sonley	5.087596
es	wikisource	ya y a	3	8	yaya	es	wikisource	aya y	2	23	ayay	5.375278
es	wikisource	á rama	2	8	arama	es	wikisource	amar á	2	23	amara	5.375278
es	wikisource	a oir	2	20	aoir	es	wikisource	río á	2	10	rioa	5.442418
es	wikisource	a sin	2	20	asin	es	wikisource	nisa	1	10	nisa	5.442418
es	wikisource	abuses	1	18	abuses	es	wikisource	se suba	2	12	sesuba	5.509388
es	wikisource	acude y	2	25	acudey	es	wikisource	y educa	2	5	yeduca	5.049856
es	wikisource	alce y	2	10	alcey	es	wikisource	yecla	1	20	yecla	5.442418
es	wikisource	arad	1	9	arad	es	wikisource	dara	1	21	dara	5.393628
es	wikisource	arete	1	11	arete	es	wikisource	et era	2	19	etera	5.480639
es	wikisource	así va el	3	15	asivael	es	wikisource	le avisa	2	15	leavisa	5.545177
es	wikisource	boj y	2	11	bojy	es	wikisource	y job	2	19	yjob	5.480639
es	wikisource	dara	1	21	dara	es	wikisource	arad	1	9	arad	5.393628
es	wikisource	e dado	2	8	edado	es	wikisource	oda de	2	22	odade	5.332719
es	wikisource	e seis	2	16	eseis	es	wikisource	si ése	2	14	siese	5.541264
es	wikisource	ejido se	2	5	ejidose	es	wikisource	eso dije	2	25	esodije	5.049856
es	wikisource	el am	2	6	elam	es	wikisource	mal e	2	24	male	5.164786
es	wikisource	eso dije	2	25	esodije	es	wikisource	ejido se	2	5	ejidose	5.049856
es	wikisource	et era	2	19	etera	es	wikisource	arete	1	11	arete	5.480639
es	wikisource	id al	2	25	idal	es	wikisource	la dí	2	5	ladi	5.049856
es	wikisource	la des	2	25	lades	es	wikisource	sed al	2	5	sedal	5.049856
es	wikisource	la dí	2	5	ladi	es	wikisource	id al	2	25	idal	5.049856
es	wikisource	le avisa	2	15	leavisa	es	wikisource	así va el	3	15	asivael	5.545177
es	wikisource	litem	1	18	litem	es	wikisource	metil	1	12	metil	5.509388
es	wikisource	mal e	2	24	male	es	wikisource	el am	2	6	elam	5.164786
es	wikisource	metil	1	12	metil	es	wikisource	litem	1	18	litem	5.509388
es	wikisource	nisa	1	10	nisa	es	wikisource	a sin	2	20	asin	5.442418
es	wikisource	nos o	2	17	noso	es	wikisource	ó son	2	13	oson	5.529429
es	wikisource	oda de	2	22	odade	es	wikisource	e dado	2	8	edado	5.332719
es	wikisource	oí los	2	24	oilos	es	wikisource	sólio	1	6	solio	5.164786
es	wikisource	ría y	2	19	riay	es	wikisource	y a ir	3	11	yair	5.480639
es	wikisource	río á	2	10	rioa	es	wikisource	a oir	2	20	aoir	5.442418
es	wikisource	se suba	2	12	sesuba	es	wikisource	abuses	1	18	abuses	5.509388
es	wikisource	sed al	2	5	sedal	es	wikisource	la des	2	25	lades	5.049856
es	wikisource	selenis	1	22	selenis	es	wikisource	sin él es	3	8	sineles	5.332719
es	wikisource	serus	1	7	serus	es	wikisource	sur es	2	23	sures	5.257495
es	wikisource	serón	1	23	seron	es	wikisource	ñores	1	7	nores	5.257495
es	wikisource	si era su	3	22	sierasu	es	wikisource	usaréis	1	8	usareis	5.332719
es	wikisource	si ése	2	14	siese	es	wikisource	e seis	2	16	eseis	5.541264
es	wikisource	sin él es	3	8	sineles	es	wikisource	selenis	1	22	selenis	5.332719
es	wikisource	sur es	2	23	sures	es	wikisource	serus	1	7	serus	5.257495
es	wikisource	sólio	1	6	solio	es	wikisource	oí los	2	24	oilos	5.164786
es	wikisource	usaréis	1	8	usareis	es	wikisource	si era su	3	22	sierasu	5.332719
es	wikisource	y a ir	3	11	yair	es	wikisource	ría y	2	19	riay	5.480639
es	wikisource	y educa	2	5	yeduca	es	wikisource	acude y	2	25	acudey	5.049856
es	wikisource	y job	2	19	yjob	es	wikisource	boj y	2	11	bojy	5.480639
es	wikisource	yecla	1	20	yecla	es	wikisource	alce y	2	10	alcey	5.442418
es	wikisource	ñores	1	7	nores	es	wikisource	serón	1	23	seron	5.257495
es	wikisource	ó son	2	13	oson	es	wikisource	nos o	2	17	noso	5.529429
es	wikisource	a capa	2	9	acapa	es	wikisource	a paca	2	20	apaca	5.347108
es	wikisource	a delos	2	17	adelos	es	wikisource	soledá	1	12	soleda	5.455321
es	wikisource	a la ama	3	5	alaama	es	wikisource	ama a la	3	24	amaala	5.010635
es	wikisource	a paca	2	20	apaca	es	wikisource	a capa	2	9	acapa	5.347108
es	wikisource	a raza	2	5	araza	es	wikisource	azara	1	24	azara	5.010635
es	wikisource	a ti sin	3	16	atisin	es	wikisource	nisita	1	13	nisita	5.472271
es	wikisource	airó	1	7	airo	es	wikisource	oria	1	22	oria	5.214936
es	wikisource	alá se	2	8	alase	es	wikisource	es á la	3	21	esala	5.288267
es	wikisource	ama a la	3	24	amaala	es	wikisource	a la ama	3	5	alaama	5.010635
es	wikisource	arador	1	18	arador	es	wikisource	rodará	1	11	rodara	5.429346
es	wikisource	asan	1	9	asan	es	wikisource	nasa	1	20	nasa	5.347108
es	wikisource	aves o	2	15	aveso	es	wikisource	o se va	3	14	oseva	5.480639
es	wikisource	avisa y	2	15	avisay	es	wikisource	y así va	3	14	yasiva	5.480639
es	wikisource	azara	1	24	azara	es	wikisource	a raza	2	5	araza	5.010635
es	wikisource	bero	1	7	bero	es	wikisource	oreb	1	22	oreb	5.214936
es	wikisource	coli	1	8	coli	es	wikisource	iloc	1	21	iloc	5.288267
es	wikisource	el boj	2	16	elboj	es	wikisource	job le	2	13	joble	5.472271
es	wikisource	es á la	3	21	esala	es	wikisource	alá se	2	8	alase	5.288267
es	wikisource	eso non	2	6	esonon	es	wikisource	no no sé	3	23	nonose	5.123964
es	wikisource	iloc	1	21	iloc	es	wikisource	coli	1	8	coli	5.288267
es	wikisource	ittem	1	24	ittem	es	wikisource	metti	1	5	metti	5.010635
es	wikisource	ivis	1	18	ivis	es	wikisource	si vi	2	11	sivi	5.429346
es	wikisource	job le	2	13	joble	es	wikisource	el boj	2	16	elboj	5.472271
es	wikisource	laus	1	23	laus	es	wikisource	sual	1	6	sual	5.123964
es	wikisource	metti	1	5	metti	es	wikisource	ittem	1	24	ittem	5.010635
es	wikisource	nada á	2	24	nadaa	es	wikisource	á adán	2	5	aadan	5.010635
es	wikisource	nasa	1	20	nasa	es	wikisource	asan	1	9	asan	5.347108
es	wikisource	nisita	1	13	nisita	es	wikisource	a ti sin	3	16	atisin	5.472271
es	wikisource	no no sé	3	23	nonose	es	wikisource	eso non	2	6	esonon	5.123964
es	wikisource	nores	1	6	nores	es	wikisource	serón	1	23	seron	5.123964
es	wikisource	o se va	3	14	oseva	es	wikisource	aves o	2	15	aveso	5.480639
es	wikisource	oreb	1	22	oreb	es	wikisource	bero	1	7	bero	5.214936
es	wikisource	oria	1	22	oria	es	wikisource	airó	1	7	airo	5.214936
es	wikisource	rada y	2	20	raday	es	wikisource	y á dar	3	9	yadar	5.347108
es	wikisource	rajaba	1	9	rajaba	es	wikisource	á bajar	2	20	abajar	5.347108
es	wikisource	rasa y	2	23	rasay	es	wikisource	y asar	2	6	yasar	5.123964
es	wikisource	rodará	1	11	rodara	es	wikisource	arador	1	18	arador	5.429346
es	wikisource	sem y	2	20	semy	es	wikisource	y mes	2	9	ymes	5.347108
es	wikisource	serón	1	23	seron	es	wikisource	nores	1	6	nores	5.123964
es	wikisource	si vi	2	11	sivi	es	wikisource	ivis	1	18	ivis	5.429346
es	wikisource	sinay	1	17	sinay	es	wikisource	y anís	2	12	yanis	5.455321
es	wikisource	soledá	1	12	soleda	es	wikisource	a delos	2	17	adelos	5.455321
es	wikisource	sual	1	6	sual	es	wikisource	laus	1	23	laus	5.123964
es	wikisource	y anís	2	12	yanis	es	wikisource	sinay	1	17	sinay	5.455321
es	wikisource	y asar	2	6	yasar	es	wikisource	rasa y	2	23	rasay	5.123964
es	wikisource	y así va	3	14	yasiva	es	wikisource	avisa y	2	15	avisay	5.480639
es	wikisource	y mes	2	9	ymes	es	wikisource	sem y	2	20	semy	5.347108
es	wikisource	y á dar	3	9	yadar	es	wikisource	rada y	2	20	raday	5.347108
es	wikisource	á adán	2	5	aadan	es	wikisource	nada á	2	24	nadaa	5.010635
es	wikisource	á bajar	2	20	abajar	es	wikisource	rajaba	1	9	rajaba	5.347108
es	wikisource	a la mora	3	11	alamora	es	wikisource	a roma la	3	17	aromala	5.375278
es	wikisource	a roma la	3	17	aromala	es	wikisource	a la mora	3	11	alamora	5.375278
es	wikisource	a tiras	2	5	atiras	es	wikisource	sarita	1	23	sarita	4.969813
es	wikisource	ala se	2	7	alase	es	wikisource	es á la	3	21	esala	5.170484
es	wikisource	alojaba y	2	5	alojabay	es	wikisource	ya bajo la	3	23	yabajola	4.969813
es	wikisource	aluas	1	6	aluas	es	wikisource	saúl á	2	22	saula	5.081404
es	wikisource	annus	1	10	annus	es	wikisource	sunna	1	18	sunna	5.342334
es	wikisource	arcas y	2	23	arcasy	es	wikisource	y sacra	2	5	ysacra	4.969813
es	wikisource	ata y	2	17	atay	es	wikisource	y ata	2	11	yata	5.375278
es	wikisource	ataca y	2	17	atacay	es	wikisource	y acata	2	11	yacata	5.375278
es	wikisource	ave a	2	16	avea	es	wikisource	á eva	2	12	aeva	5.398163
es	wikisource	ay se	2	7	ayse	es	wikisource	es y a	3	21	esya	5.170484
es	wikisource	den y	2	21	deny	es	wikisource	y ned	2	7	yned	5.170484
es	wikisource	el agio	2	19	elagio	es	wikisource	oigalé	1	9	oigale	5.298317
es	wikisource	emos	1	22	emos	es	wikisource	some	1	6	some	5.081404
es	wikisource	es la sal	3	16	eslasal	es	wikisource	la sal se	3	12	lasalse	5.398163
es	wikisource	es y a	3	21	esya	es	wikisource	ay se	2	7	ayse	5.170484
es	wikisource	es á la	3	21	esala	es	wikisource	ala se	2	7	alase	5.170484
es	wikisource	es ágil	2	7	esagil	es	wikisource	liga se	2	21	ligase	5.170484
es	wikisource	ir es	2	8	ires	es	wikisource	seri	1	20	seri	5.241747
es	wikisource	la sal se	3	12	lasalse	es	wikisource	es la sal	3	16	eslasal	5.398163
es	wikisource	la ágil	2	9	laagil	es	wikisource	liga al	2	19	ligaal	5.298317
es	wikisource	liga al	2	19	ligaal	es	wikisource	la ágil	2	9	laagil	5.298317
es	wikisource	liga se	2	21	ligase	es	wikisource	es ágil	2	7	esagil	5.170484
es	wikisource	napo	1	20	napo	es	wikisource	o pan	2	8	opan	5.241747
es	wikisource	no camina	2	18	nocamina	es	wikisource	ánima con	2	10	animacon	5.342334
es	wikisource	o pan	2	8	opan	es	wikisource	napo	1	20	napo	5.241747
es	wikisource	o ver	2	21	over	es	wikisource	revo	1	7	revo	5.170484
es	wikisource	odia y	2	22	odiay	es	wikisource	ya ido	2	6	yaido	5.081404
es	wikisource	oigalé	1	9	oigale	es	wikisource	el agio	2	19	elagio	5.298317
es	wikisource	ralos y	2	6	ralosy	es	wikisource	y solar	2	22	ysolar	5.081404
es	wikisource	rama a	2	21	ramaa	es	wikisource	á amar	2	7	aamar	5.170484
es	wikisource	reló y	2	13	reloy	es	wikisource	y oler	2	15	yoler	5.411646
es	wikisource	revo	1	7	revo	es	wikisource	o ver	2	21	over	5.170484
es	wikisource	sarita	1	23	sarita	es	wikisource	a tiras	2	5	atiras	4.969813
es	wikisource	satory	1	6	satory	es	wikisource	y rotas	2	22	yrotas	5.081404
es	wikisource	saúl á	2	22	saula	es	wikisource	aluas	1	6	aluas	5.081404
es	wikisource	seri	1	20	seri	es	wikisource	ir es	2	8	ires	5.241747
es	wikisource	sol a su	3	19	solasu	es	wikisource	usa los	2	9	usalos	5.298317
es	wikisource	solo soy	2	15	solosoy	es	wikisource	yo solos	2	13	yosolos	5.411646
es	wikisource	some	1	6	some	es	wikisource	emos	1	22	emos	5.081404
es	wikisource	sunna	1	18	sunna	es	wikisource	annus	1	10	annus	5.342334
es	wikisource	usa los	2	9	usalos	es	wikisource	sol a su	3	19	solasu	5.298317
es	wikisource	y acata	2	11	yacata	es	wikisource	ataca y	2	17	atacay	5.375278
es	wikisource	y ata	2	11	yata	es	wikisource	ata y	2	17	atay	5.375278
es	wikisource	y ned	2	7	yned	es	wikisource	den y	2	21	deny	5.170484
es	wikisource	y oler	2	15	yoler	es	wikisource	reló y	2	13	reloy	5.411646
es	wikisource	y rotas	2	22	yrotas	es	wikisource	satory	1	6	satory	5.081404
es	wikisource	y sacra	2	5	ysacra	es	wikisource	arcas y	2	23	arcasy	4.969813
es	wikisource	y solar	2	22	ysolar	es	wikisource	ralos y	2	6	ralosy	5.081404
es	wikisource	ya bajo la	3	23	yabajola	es	wikisource	alojaba y	2	5	alojabay	4.969813
es	wikisource	ya ido	2	6	yaido	es	wikisource	odia y	2	22	odiay	5.081404
es	wikisource	yo solos	2	13	yosolos	es	wikisource	solo soy	2	15	solosoy	5.411646
es	wikisource	á amar	2	7	aamar	es	wikisource	rama a	2	21	ramaa	5.170484
es	wikisource	á eva	2	12	aeva	es	wikisource	ave a	2	16	avea	5.398163
es	wikisource	ánima con	2	10	animacon	es	wikisource	no camina	2	18	nocamina	5.342334
es	wikisource	a do se	3	14	adose	es	wikisource	eso da	2	13	esoda	5.347108
es	wikisource	a eso y	3	18	aesoy	es	wikisource	yo sé a	3	9	yosea	5.247024
es	wikisource	a gil y	3	6	agily	es	wikisource	y liga	2	21	yliga	5.036953
es	wikisource	adama	1	14	adama	es	wikisource	amad a	2	13	amada	5.347108
es	wikisource	adán o	2	6	adano	es	wikisource	ó nada	2	21	onada	5.036953
es	wikisource	allo y	2	8	alloy	es	wikisource	y olla	2	19	yolla	5.192957
es	wikisource	alá te	2	20	alate	es	wikisource	et a la	3	7	etala	5.123964
es	wikisource	amad a	2	13	amada	es	wikisource	adama	1	14	adama	5.347108
es	wikisource	anula la	2	9	anulala	es	wikisource	á la luna	3	18	alaluna	5.247024
es	wikisource	as el	2	7	asel	es	wikisource	les a	2	20	lesa	5.123964
es	wikisource	asarta	1	8	asarta	es	wikisource	atrasa	1	19	atrasa	5.192957
es	wikisource	atrasa	1	19	atrasa	es	wikisource	asarta	1	8	asarta	5.192957
es	wikisource	años et	2	19	anoset	es	wikisource	tesón a	2	8	tesona	5.192957
es	wikisource	edad ó	2	5	edado	es	wikisource	oda de	2	22	odade	4.927254
es	wikisource	el abad y	3	17	elabady	es	wikisource	y dábale	2	10	ydabale	5.288267
es	wikisource	eles	1	10	eles	es	wikisource	sele	1	17	sele	5.288267
es	wikisource	en vil	2	16	envil	es	wikisource	livne	1	11	livne	5.31812
es	wikisource	era más o	3	15	eramaso	es	wikisource	os amaré	2	12	osamare	5.337538
es	wikisource	ese yo	2	20	eseyo	es	wikisource	oye se	2	7	oyese	5.123964
es	wikisource	eso da	2	13	esoda	es	wikisource	a do se	3	14	adose	5.347108
es	wikisource	eso y el	3	10	esoyel	es	wikisource	leyóse	1	17	leyose	5.288267
es	wikisource	et a la	3	7	etala	es	wikisource	alá te	2	20	alate	5.123964
es	wikisource	la mar es	3	19	lamares	es	wikisource	será mal	2	8	seramal	5.192957
es	wikisource	lear	1	22	lear	es	wikisource	ra el	2	5	rael	4.927254
es	wikisource	les a	2	20	lesa	es	wikisource	as el	2	7	asel	5.123964
es	wikisource	leyóse	1	17	leyose	es	wikisource	eso y el	3	10	esoyel	5.288267
es	wikisource	livne	1	11	livne	es	wikisource	en vil	2	16	envil	5.31812
es	wikisource	lítem	1	15	litem	es	wikisource	metil	1	12	metil	5.337538
es	wikisource	metil	1	12	metil	es	wikisource	lítem	1	15	litem	5.337538
es	wikisource	mi lo	2	6	milo	es	wikisource	olim	1	21	olim	5.036953
es	wikisource	naves o	2	15	naveso	es	wikisource	o se van	3	12	osevan	5.337538
es	wikisource	non ay	2	19	nonay	es	wikisource	ya non	2	8	yanon	5.192957
es	wikisource	nuebas	1	9	nuebas	es	wikisource	sabe un	2	18	sabeun	5.247024
es	wikisource	o se van	3	12	osevan	es	wikisource	naves o	2	15	naveso	5.337538
es	wikisource	oda de	2	22	odade	es	wikisource	edad ó	2	5	edado	4.927254
es	wikisource	olim	1	21	olim	es	wikisource	mi lo	2	6	milo	5.036953
es	wikisource	os amaré	2	12	osamare	es	wikisource	era más o	3	15	eramaso	5.337538
es	wikisource	oye se	2	7	oyese	es	wikisource	ese yo	2	20	eseyo	5.123964
es	wikisource	ra el	2	5	rael	es	wikisource	lear	1	22	lear	4.927254
es	wikisource	rata y	2	17	ratay	es	wikisource	y atar	2	10	yatar	5.288267
es	wikisource	reza y	2	19	rezay	es	wikisource	yazer	1	8	yazer	5.192957
es	wikisource	roma le	2	20	romale	es	wikisource	él amor	2	7	elamor	5.123964
es	wikisource	sabe un	2	18	sabeun	es	wikisource	nuebas	1	9	nuebas	5.247024
es	wikisource	salón le	2	9	salonle	es	wikisource	él no las	3	18	elnolas	5.247024
es	wikisource	samo y	2	6	samoy	es	wikisource	yo mas	2	21	yomas	5.036953
es	wikisource	seit	1	8	seit	es	wikisource	tiés	1	19	ties	5.192957
es	wikisource	sele	1	17	sele	es	wikisource	eles	1	10	eles	5.288267
es	wikisource	será mal	2	8	seramal	es	wikisource	la mar es	3	19	lamares	5.192957
es	wikisource	tesón a	2	8	tesona	es	wikisource	años et	2	19	anoset	5.192957
es	wikisource	tiés	1	19	ties	es	wikisource	seit	1	8	seit	5.192957
es	wikisource	y atar	2	10	yatar	es	wikisource	rata y	2	17	ratay	5.288267
es	wikisource	y dábale	2	10	ydabale	es	wikisource	el abad y	3	17	elabady	5.288267
es	wikisource	y liga	2	21	yliga	es	wikisource	a gil y	3	6	agily	5.036953
es	wikisource	y olla	2	19	yolla	es	wikisource	allo y	2	8	alloy	5.192957
es	wikisource	ya non	2	8	yanon	es	wikisource	non ay	2	19	nonay	5.192957
es	wikisource	yazer	1	8	yazer	es	wikisource	reza y	2	19	rezay	5.192957
es	wikisource	yo mas	2	21	yomas	es	wikisource	samo y	2	6	samoy	5.036953
es	wikisource	yo sé a	3	9	yosea	es	wikisource	a eso y	3	18	aesoy	5.247024
es	wikisource	á eso	2	16	aeso	es	wikisource	ósea	1	11	osea	5.31812
es	wikisource	á la luna	3	18	alaluna	es	wikisource	anula la	2	9	anulala	5.247024
es	wikisource	él amor	2	7	elamor	es	wikisource	roma le	2	20	romale	5.123964
es	wikisource	él no las	3	18	elnolas	es	wikisource	salón le	2	9	salonle	5.247024
es	wikisource	ó nada	2	21	onada	es	wikisource	adán o	2	6	adano	5.036953
es	wikisource	ósea	1	11	osea	es	wikisource	á eso	2	16	aeso	5.31812
es	wikisource	a dot	2	20	adot	es	wikisource	to da	2	6	toda	4.990433
es	wikisource	a isis	2	17	aisis	es	wikisource	sí sí a	3	9	sisia	5.192957
es	wikisource	a moco y	3	20	amocoy	es	wikisource	yo coma	2	6	yocoma	4.990433
es	wikisource	a oir	2	20	aoir	es	wikisource	rio á	2	6	rioa	4.990433
es	wikisource	a otón	2	20	aoton	es	wikisource	notó a	2	6	notoa	4.990433
es	wikisource	a seis y	3	9	aseisy	es	wikisource	y si esa	3	17	ysiesa	5.192957
es	wikisource	a tipos	2	18	atipos	es	wikisource	sopita	1	8	sopita	5.141664
es	wikisource	abajar	1	17	abajar	es	wikisource	rajaba	1	9	rajaba	5.192957
es	wikisource	adem	1	6	adem	es	wikisource	meda	1	20	meda	4.990433
es	wikisource	al año el	3	10	alanoel	es	wikisource	leona la	2	16	leonala	5.231109
es	wikisource	al oirle	2	6	aloirle	es	wikisource	el río la	3	20	elriola	4.990433
es	wikisource	al río a	3	17	alrioa	es	wikisource	á oir la	3	9	aoirla	5.192957
es	wikisource	alamo	1	18	alamo	es	wikisource	o mal a	3	8	omala	5.141664
es	wikisource	aledañas	1	16	aledanas	es	wikisource	sana de la	3	10	sanadela	5.231109
es	wikisource	aleson	1	8	aleson	es	wikisource	no sé la	3	18	nosela	5.141664
es	wikisource	alá te	2	20	alate	es	wikisource	et á la	3	6	etala	4.990433
es	wikisource	amés	1	20	ames	es	wikisource	se ma	2	6	sema	4.990433
es	wikisource	araños	1	5	aranos	es	wikisource	soñar a	2	21	sonara	4.882802
es	wikisource	aries y	2	16	ariesy	es	wikisource	y se irá	3	10	yseira	5.231109
es	wikisource	asel	1	6	asel	es	wikisource	les a	2	20	lesa	4.990433
es	wikisource	atraco	1	10	atraco	es	wikisource	o carta	2	16	ocarta	5.231109
es	wikisource	avoir	1	18	avoir	es	wikisource	río va	2	8	riova	5.141664
es	wikisource	ayon	1	13	ayon	es	wikisource	noya	1	13	noya	5.278115
es	wikisource	calaba	1	16	calaba	es	wikisource	á balac	2	10	abalac	5.231109
es	wikisource	capac y	2	17	capacy	es	wikisource	y capac	2	9	ycapac	5.192957
es	wikisource	di los	2	16	dilos	es	wikisource	solid	1	10	solid	5.231109
es	wikisource	el os	2	15	elos	es	wikisource	sol e	2	11	sole	5.257495
es	wikisource	el río la	3	20	elriola	es	wikisource	al oirle	2	6	aloirle	4.990433
es	wikisource	erre y	2	6	errey	es	wikisource	yerre	1	20	yerre	4.990433
es	wikisource	es e el	3	19	eseel	es	wikisource	léese	1	7	leese	5.075174
es	wikisource	es et	2	10	eset	es	wikisource	te sé	2	16	tese	5.231109
es	wikisource	et a los	3	11	etalos	es	wikisource	sola te	2	15	solate	5.257495
es	wikisource	et á la	3	6	etala	es	wikisource	alá te	2	20	alate	4.990433
es	wikisource	le doy el	3	14	ledoyel	es	wikisource	ley o del	3	12	leyodel	5.273
es	wikisource	leona la	2	16	leonala	es	wikisource	al año el	3	10	alanoel	5.231109
es	wikisource	les a	2	20	lesa	es	wikisource	asel	1	6	asel	4.990433
es	wikisource	ley o del	3	12	leyodel	es	wikisource	le doy el	3	14	ledoyel	5.273
es	wikisource	léese	1	7	leese	es	wikisource	es e el	3	19	eseel	5.075174
es	wikisource	meda	1	20	meda	es	wikisource	adem	1	6	adem	4.990433
es	wikisource	nanas	1	5	nanas	es	wikisource	sanan	1	21	sanan	4.882802
es	wikisource	no sé la	3	18	nosela	es	wikisource	aleson	1	8	aleson	5.141664
es	wikisource	notó a	2	6	notoa	es	wikisource	a otón	2	20	aoton	4.990433
es	wikisource	noya	1	13	noya	es	wikisource	ayon	1	13	ayon	5.278115
es	wikisource	o carta	2	16	ocarta	es	wikisource	atraco	1	10	atraco	5.231109
es	wikisource	o mal a	3	8	omala	es	wikisource	alamo	1	18	alamo	5.141664
es	wikisource	o saber	2	10	osaber	es	wikisource	rebasó	1	16	rebaso	5.231109
es	wikisource	o soy	2	18	osoy	es	wikisource	yo só	2	8	yoso	5.141664
es	wikisource	oir y	2	17	oiry	es	wikisource	y rio	2	9	yrio	5.192957
es	wikisource	rada y	2	20	raday	es	wikisource	ya dar	2	6	yadar	4.990433
es	wikisource	rajaba	1	9	rajaba	es	wikisource	abajar	1	17	abajar	5.192957
es	wikisource	rebasó	1	16	rebaso	es	wikisource	o saber	2	10	osaber	5.231109
es	wikisource	rio á	2	6	rioa	es	wikisource	a oir	2	20	aoir	4.990433
es	wikisource	río va	2	8	riova	es	wikisource	avoir	1	18	avoir	5.141664
es	wikisource	sana de la	3	10	sanadela	es	wikisource	aledañas	1	16	aledanas	5.231109
es	wikisource	sanan	1	21	sanan	es	wikisource	nanas	1	5	nanas	4.882802
es	wikisource	se ma	2	6	sema	es	wikisource	amés	1	20	ames	4.990433
es	wikisource	sena y	2	21	senay	es	wikisource	yañes	1	5	yanes	4.882802
es	wikisource	sinay	1	17	sinay	es	wikisource	yanis	1	9	yanis	5.192957
es	wikisource	sol e	2	11	sole	es	wikisource	el os	2	15	elos	5.257495
es	wikisource	sola te	2	15	solate	es	wikisource	et a los	3	11	etalos	5.257495
es	wikisource	solapa y	2	21	solapay	es	wikisource	y a palos	3	5	yapalos	4.882802
es	wikisource	solid	1	10	solid	es	wikisource	di los	2	16	dilos	5.231109
es	wikisource	sopita	1	8	sopita	es	wikisource	a tipos	2	18	atipos	5.141664
es	wikisource	soñar a	2	21	sonara	es	wikisource	araños	1	5	aranos	4.882802
es	wikisource	sí sí a	3	9	sisia	es	wikisource	a isis	2	17	aisis	5.192957
es	wikisource	te sé	2	16	tese	es	wikisource	es et	2	10	eset	5.231109
es	wikisource	to da	2	6	toda	es	wikisource	a dot	2	20	adot	4.990433
es	wikisource	y a palos	3	5	yapalos	es	wikisource	solapa y	2	21	solapay	4.882802
es	wikisource	y capac	2	9	ycapac	es	wikisource	capac y	2	17	capacy	5.192957
es	wikisource	y rio	2	9	yrio	es	wikisource	oir y	2	17	oiry	5.192957
es	wikisource	y se irá	3	10	yseira	es	wikisource	aries y	2	16	ariesy	5.231109
es	wikisource	y si esa	3	17	ysiesa	es	wikisource	a seis y	3	9	aseisy	5.192957
es	wikisource	ya dar	2	6	yadar	es	wikisource	rada y	2	20	raday	4.990433
es	wikisource	yanis	1	9	yanis	es	wikisource	sinay	1	17	sinay	5.192957
es	wikisource	yañes	1	5	yanes	es	wikisource	sena y	2	21	senay	4.882802
es	wikisource	yerre	1	20	yerre	es	wikisource	erre y	2	6	errey	4.990433
es	wikisource	yo coma	2	6	yocoma	es	wikisource	a moco y	3	20	amocoy	4.990433
es	wikisource	yo só	2	8	yoso	es	wikisource	o soy	2	18	osoy	5.141664
es	wikisource	á balac	2	10	abalac	es	wikisource	calaba	1	16	calaba	5.231109
es	wikisource	á oir la	3	9	aoirla	es	wikisource	al río a	3	17	alrioa	5.192957
es	wikisource	a bet	2	5	abet	es	wikisource	teba	1	20	teba	4.836282
es	wikisource	a dios e	3	19	adiose	es	wikisource	es oída	2	6	esoida	4.941642
es	wikisource	a ido	2	18	aido	es	wikisource	o día	2	7	odia	5.023881
es	wikisource	a la mina	3	20	alamina	es	wikisource	ánima la	2	5	animala	4.836282
es	wikisource	a latir	2	12	alatir	es	wikisource	rita la	2	13	ritala	5.204007
es	wikisource	a lot	2	20	alot	es	wikisource	to la	2	5	tola	4.836282
es	wikisource	a nata	2	8	anata	es	wikisource	atan a	2	17	atana	5.087596
es	wikisource	a niño	2	8	anino	es	wikisource	o niña	2	17	onina	5.087596
es	wikisource	a otón	2	20	aoton	es	wikisource	noto a	2	5	notoa	4.836282
es	wikisource	a salas	2	12	asalas	es	wikisource	salas a	2	13	salasa	5.204007
es	wikisource	a sarah	2	15	asarah	es	wikisource	harás a	2	10	harasa	5.170484
es	wikisource	aena	1	5	aena	es	wikisource	anea	1	20	anea	4.836282
es	wikisource	ah eso	2	20	aheso	es	wikisource	ó se ha	3	5	oseha	4.836282
es	wikisource	al amo y	3	17	alamoy	es	wikisource	yo mala	2	8	yomala	5.087596
es	wikisource	al azar al	3	5	alazaral	es	wikisource	la raza la	3	20	larazala	4.836282
es	wikisource	anea	1	20	anea	es	wikisource	aena	1	5	aena	4.836282
es	wikisource	apoco	1	9	apoco	es	wikisource	ocopa	1	16	ocopa	5.135798
es	wikisource	arañita	1	18	aranita	es	wikisource	atinara	1	7	atinara	5.023881
es	wikisource	artois	1	12	artois	es	wikisource	sí otra	2	13	siotra	5.204007
es	wikisource	atan a	2	17	atana	es	wikisource	a nata	2	8	anata	5.087596
es	wikisource	atinara	1	7	atinara	es	wikisource	arañita	1	18	aranita	5.023881
es	wikisource	boja	1	14	boja	es	wikisource	á job	2	11	ajob	5.192957
es	wikisource	coll	1	20	coll	es	wikisource	lloc	1	5	lloc	4.836282
es	wikisource	e ido	2	5	eido	es	wikisource	odie	1	20	odie	4.836282
es	wikisource	es e el	3	19	eseel	es	wikisource	lee se	2	6	leese	4.941642
es	wikisource	es oída	2	6	esoida	es	wikisource	a dios e	3	19	adiose	4.941642
es	wikisource	ese o	2	11	eseo	es	wikisource	o es e	3	14	oese	5.192957
es	wikisource	esso se	2	18	essose	es	wikisource	ésos se	2	7	esosse	5.023881
es	wikisource	etil	1	12	etil	es	wikisource	lite	1	13	lite	5.204007
es	wikisource	harás a	2	10	harasa	es	wikisource	a sarah	2	15	asarah	5.170484
es	wikisource	idá y	2	11	iday	es	wikisource	ya di	2	14	yadi	5.192957
es	wikisource	ivón	1	9	ivon	es	wikisource	novi	1	16	novi	5.135798
es	wikisource	la raza la	3	20	larazala	es	wikisource	al azar al	3	5	alazaral	4.836282
es	wikisource	lee se	2	6	leese	es	wikisource	es e el	3	19	eseel	4.941642
es	wikisource	lite	1	13	lite	es	wikisource	etil	1	12	etil	5.204007
es	wikisource	lloc	1	5	lloc	es	wikisource	coll	1	20	coll	4.836282
es	wikisource	los in	2	10	losin	es	wikisource	ni sol	2	15	nisol	5.170484
es	wikisource	ni sol	2	15	nisol	es	wikisource	los in	2	10	losin	5.170484
es	wikisource	no caerá	2	20	nocaera	es	wikisource	área con	2	5	areacon	4.836282
es	wikisource	no callo	2	10	nocallo	es	wikisource	olla con	2	15	ollacon	5.170484
es	wikisource	noto a	2	5	notoa	es	wikisource	a otón	2	20	aoton	4.836282
es	wikisource	novi	1	16	novi	es	wikisource	ivón	1	9	ivon	5.135798
es	wikisource	nuit	1	18	nuit	es	wikisource	tí un	2	7	tiun	5.023881
es	wikisource	o día	2	7	odia	es	wikisource	a ido	2	18	aido	5.023881
es	wikisource	o es e	3	14	oese	es	wikisource	ese o	2	11	eseo	5.192957
es	wikisource	o más o	3	20	omaso	es	wikisource	os amó	2	5	osamo	4.836282
es	wikisource	o niña	2	17	onina	es	wikisource	a niño	2	8	anino	5.087596
es	wikisource	ocopa	1	16	ocopa	es	wikisource	apoco	1	9	apoco	5.135798
es	wikisource	odie	1	20	odie	es	wikisource	e ido	2	5	eido	4.836282
es	wikisource	olio	1	15	olio	es	wikisource	oí lo	2	10	oilo	5.170484
es	wikisource	olla con	2	15	ollacon	es	wikisource	no callo	2	10	nocallo	5.170484
es	wikisource	olés	1	6	oles	es	wikisource	selo	1	19	selo	4.941642
es	wikisource	ora y	2	14	oray	es	wikisource	yaro	1	11	yaro	5.192957
es	wikisource	os amó	2	5	osamo	es	wikisource	o más o	3	20	omaso	4.836282
es	wikisource	oí lo	2	10	oilo	es	wikisource	olio	1	15	olio	5.170484
es	wikisource	oír es	2	18	oires	es	wikisource	sério	1	7	serio	5.023881
es	wikisource	pchs	1	19	pchs	es	wikisource	shcp	1	6	shcp	4.941642
es	wikisource	raído y	2	18	raidoy	es	wikisource	y odiar	2	7	yodiar	5.023881
es	wikisource	reconocerla y	2	11	reconocerlay	es	wikisource	y al reconocer	3	14	yalreconocer	5.192957
es	wikisource	rita la	2	13	ritala	es	wikisource	a latir	2	12	alatir	5.204007
es	wikisource	salas a	2	13	salasa	es	wikisource	a salas	2	12	asalas	5.204007
es	wikisource	selo	1	19	selo	es	wikisource	olés	1	6	oles	4.941642
es	wikisource	shcp	1	6	shcp	es	wikisource	pchs	1	19	pchs	4.941642
es	wikisource	sopas y	2	16	sopasy	es	wikisource	y sapos	2	9	ysapos	5.135798
es	wikisource	sério	1	7	serio	es	wikisource	oír es	2	18	oires	5.023881
es	wikisource	sí otra	2	13	siotra	es	wikisource	artois	1	12	artois	5.204007
es	wikisource	teba	1	20	teba	es	wikisource	a bet	2	5	abet	4.836282
es	wikisource	to la	2	5	tola	es	wikisource	a lot	2	20	alot	4.836282
es	wikisource	tí un	2	7	tiun	es	wikisource	nuit	1	18	nuit	5.023881
es	wikisource	y al reconocer	3	14	yalreconocer	es	wikisource	reconocerla y	2	11	reconocerlay	5.192957
es	wikisource	y amor y	3	17	yamory	es	wikisource	y roma y	3	8	yromay	5.087596
es	wikisource	y odiar	2	7	yodiar	es	wikisource	raído y	2	18	raidoy	5.023881
es	wikisource	y roma y	3	8	yromay	es	wikisource	y amor y	3	17	yamory	5.087596
es	wikisource	y sapos	2	9	ysapos	es	wikisource	sopas y	2	16	sopasy	5.135798
es	wikisource	ya di	2	14	yadi	es	wikisource	idá y	2	11	iday	5.192957
es	wikisource	yaro	1	11	yaro	es	wikisource	ora y	2	14	oray	5.192957
es	wikisource	yo mala	2	8	yomala	es	wikisource	al amo y	3	17	alamoy	5.087596
es	wikisource	á job	2	11	ajob	es	wikisource	boja	1	14	boja	5.192957
es	wikisource	ámale	1	5	amale	es	wikisource	él ama	2	20	elama	4.836282
es	wikisource	ánima la	2	5	animala	es	wikisource	a la mina	3	20	alamina	4.836282
es	wikisource	área con	2	5	areacon	es	wikisource	no caerá	2	20	nocaera	4.836282
es	wikisource	él ama	2	20	elama	es	wikisource	ámale	1	5	amale	4.836282
es	wikisource	ésos se	2	7	esosse	es	wikisource	esso se	2	18	essose	5.023881
es	wikisource	ó se ha	3	5	oseha	es	wikisource	ah eso	2	20	aheso	4.836282
es	wikisource	a catay	2	7	acatay	es	wikisource	y ataca	2	17	yataca	4.969813
es	wikisource	a la ya	3	14	alaya	es	wikisource	aya la	2	10	ayala	5.105945
es	wikisource	a mes	2	11	ames	es	wikisource	sema	1	13	sema	5.123964
es	wikisource	abiram	1	12	abiram	es	wikisource	mar iba	2	12	mariba	5.129899
es	wikisource	adule	1	14	adule	es	wikisource	eluda	1	10	eluda	5.105945
es	wikisource	al león y	3	19	alleony	es	wikisource	y no ella	3	5	ynoella	4.787492
es	wikisource	al rada	2	9	alrada	es	wikisource	á dar la	3	15	adarla	5.075174
es	wikisource	alef	1	12	alef	es	wikisource	fé la	2	12	fela	5.129899
es	wikisource	amasó	1	12	amaso	es	wikisource	osama	1	12	osama	5.129899
es	wikisource	arena me	2	11	arename	es	wikisource	e manera	2	13	emanera	5.123964
es	wikisource	ase el	2	8	aseel	es	wikisource	le es a	3	16	leesa	5.030438
es	wikisource	avis	1	19	avis	es	wikisource	śiva	1	5	siva	4.787492
es	wikisource	aya la	2	10	ayala	es	wikisource	a la ya	3	14	alaya	5.105945
es	wikisource	e manera	2	13	emanera	es	wikisource	arena me	2	11	arename	5.123964
es	wikisource	e paz	2	6	epaz	es	wikisource	zape	1	18	zape	4.890349
es	wikisource	el ay	2	16	elay	es	wikisource	yale	1	8	yale	5.030438
es	wikisource	el iv	2	17	eliv	es	wikisource	vi le	2	7	vile	4.969813
es	wikisource	el ramal	2	16	elramal	es	wikisource	la mar le	3	8	lamarle	5.030438
es	wikisource	el yo y	3	7	elyoy	es	wikisource	yo y le	3	17	yoyle	4.969813
es	wikisource	elle a	2	5	ellea	es	wikisource	á él le	3	19	aelle	4.787492
es	wikisource	eluda	1	10	eluda	es	wikisource	adule	1	14	adule	5.105945
es	wikisource	en il	2	8	enil	es	wikisource	line	1	16	line	5.030438
es	wikisource	es ave	2	12	esave	es	wikisource	eva se	2	12	evase	5.129899
es	wikisource	es son	2	6	esson	es	wikisource	nos se	2	18	nosse	4.890349
es	wikisource	es ó no	3	9	esono	es	wikisource	ó no se	3	15	onose	5.075174
es	wikisource	esa mar	2	6	esamar	es	wikisource	rama se	2	18	ramase	4.890349
es	wikisource	et si el	3	6	etsiel	es	wikisource	leíste	1	18	leiste	4.890349
es	wikisource	eva se	2	12	evase	es	wikisource	es ave	2	12	esave	5.129899
es	wikisource	fé la	2	12	fela	es	wikisource	alef	1	12	alef	5.129899
es	wikisource	iv le	2	13	ivle	es	wikisource	él vi	2	11	elvi	5.123964
es	wikisource	ivis	1	18	ivis	es	wikisource	sí vi	2	6	sivi	4.890349
es	wikisource	la mar le	3	8	lamarle	es	wikisource	el ramal	2	16	elramal	5.030438
es	wikisource	le es a	3	16	leesa	es	wikisource	ase el	2	8	aseel	5.030438
es	wikisource	le metí	2	17	lemeti	es	wikisource	ítem el	2	7	itemel	4.969813
es	wikisource	le notó	2	16	lenoto	es	wikisource	otón el	2	8	otonel	5.030438
es	wikisource	leíste	1	18	leiste	es	wikisource	et si el	3	6	etsiel	4.890349
es	wikisource	line	1	16	line	es	wikisource	en il	2	8	enil	5.030438
es	wikisource	lo sin	2	9	losin	es	wikisource	ni sol	2	15	nisol	5.075174
es	wikisource	loiro	1	14	loiro	es	wikisource	oriol	1	10	oriol	5.105945
es	wikisource	mar iba	2	12	mariba	es	wikisource	abiram	1	12	abiram	5.129899
es	wikisource	ni sol	2	15	nisol	es	wikisource	lo sin	2	9	losin	5.075174
es	wikisource	niser	1	19	niser	es	wikisource	resín	1	5	resin	4.787492
es	wikisource	nos se	2	18	nosse	es	wikisource	es son	2	6	esson	4.890349
es	wikisource	o salas	2	7	osalas	es	wikisource	salas o	2	17	salaso	4.969813
es	wikisource	ones	1	5	ones	es	wikisource	seño	1	19	seno	4.787492
es	wikisource	oriol	1	10	oriol	es	wikisource	loiro	1	14	loiro	5.105945
es	wikisource	osama	1	12	osama	es	wikisource	amasó	1	12	amaso	5.129899
es	wikisource	otón el	2	8	otonel	es	wikisource	le notó	2	16	lenoto	5.030438
es	wikisource	rama se	2	18	ramase	es	wikisource	esa mar	2	6	esamar	4.890349
es	wikisource	raro a	2	9	raroa	es	wikisource	á orar	2	15	aorar	5.075174
es	wikisource	raza los	2	15	razalos	es	wikisource	solazar	1	9	solazar	5.075174
es	wikisource	reso	1	16	reso	es	wikisource	ó ser	2	8	oser	5.030438
es	wikisource	resín	1	5	resin	es	wikisource	niser	1	19	niser	4.787492
es	wikisource	riñe y	2	16	riney	es	wikisource	y en ir	3	8	yenir	5.030438
es	wikisource	salas o	2	17	salaso	es	wikisource	o salas	2	7	osalas	4.969813
es	wikisource	selo	1	19	selo	es	wikisource	ó les	2	5	oles	4.787492
es	wikisource	sema	1	13	sema	es	wikisource	a mes	2	11	ames	5.123964
es	wikisource	seño	1	19	seno	es	wikisource	ones	1	5	ones	4.787492
es	wikisource	sima y	2	9	simay	es	wikisource	y á mis	3	15	yamis	5.075174
es	wikisource	solazar	1	9	solazar	es	wikisource	raza los	2	15	razalos	5.075174
es	wikisource	solís y	2	19	solisy	es	wikisource	y silos	2	5	ysilos	4.787492
es	wikisource	sí vi	2	6	sivi	es	wikisource	ivis	1	18	ivis	4.890349
es	wikisource	vi le	2	7	vile	es	wikisource	el iv	2	17	eliv	4.969813
es	wikisource	y ataca	2	17	yataca	es	wikisource	a catay	2	7	acatay	4.969813
es	wikisource	y en ir	3	8	yenir	es	wikisource	riñe y	2	16	riney	5.030438
es	wikisource	y no ella	3	5	ynoella	es	wikisource	al león y	3	19	alleony	4.787492
es	wikisource	y silos	2	5	ysilos	es	wikisource	solís y	2	19	solisy	4.787492
es	wikisource	y á mis	3	15	yamis	es	wikisource	sima y	2	9	simay	5.075174
es	wikisource	yale	1	8	yale	es	wikisource	el ay	2	16	elay	5.030438
es	wikisource	yo y le	3	17	yoyle	es	wikisource	el yo y	3	7	elyoy	4.969813
es	wikisource	zape	1	18	zape	es	wikisource	e paz	2	6	epaz	4.890349
es	wikisource	á dar la	3	15	adarla	es	wikisource	al rada	2	9	alrada	5.075174
es	wikisource	á orar	2	15	aorar	es	wikisource	raro a	2	9	raroa	5.075174
es	wikisource	á él le	3	19	aelle	es	wikisource	elle a	2	5	ellea	4.787492
es	wikisource	él vi	2	11	elvi	es	wikisource	iv le	2	13	ivle	5.123964
es	wikisource	ítem el	2	7	itemel	es	wikisource	le metí	2	17	lemeti	4.969813
es	wikisource	ó les	2	5	oles	es	wikisource	selo	1	19	selo	4.787492
es	wikisource	ó no se	3	15	onose	es	wikisource	es ó no	3	9	esono	5.075174
es	wikisource	ó ser	2	8	oser	es	wikisource	reso	1	16	reso	5.030438
es	wikisource	śiva	1	5	siva	es	wikisource	avis	1	19	avis	4.787492
es	wikisource	a baja	2	16	abaja	es	wikisource	ajaba	1	7	ajaba	4.912655
es	wikisource	a cota	2	5	acota	es	wikisource	a toca	2	18	atoca	4.736198
es	wikisource	a la mora	3	11	alamora	es	wikisource	aroma la	2	12	aromala	5.049856
es	wikisource	a la viva	3	10	alaviva	es	wikisource	aviva la	2	13	avivala	5.036953
es	wikisource	a lara	2	15	alara	es	wikisource	ara la	2	8	arala	4.969813
es	wikisource	a sara	2	16	asara	es	wikisource	aras a	2	7	arasa	4.912655
es	wikisource	a solos	2	17	asolos	es	wikisource	solos á	2	6	solosa	4.836282
es	wikisource	a toca	2	18	atoca	es	wikisource	a cota	2	5	acota	4.736198
es	wikisource	ajaba	1	7	ajaba	es	wikisource	a baja	2	16	abaja	4.912655
es	wikisource	al os	2	5	alos	es	wikisource	sol á	2	18	sola	4.736198
es	wikisource	aladi	1	10	aladi	es	wikisource	ida la	2	13	idala	5.036953
es	wikisource	ara la	2	8	arala	es	wikisource	a lara	2	15	alara	4.969813
es	wikisource	aras a	2	7	arasa	es	wikisource	a sara	2	16	asara	4.912655
es	wikisource	areo	1	18	areo	es	wikisource	ó era	2	5	oera	4.736198
es	wikisource	aroma la	2	12	aromala	es	wikisource	a la mora	3	11	alamora	5.049856
es	wikisource	arroces	1	9	arroces	es	wikisource	se corra	2	14	secorra	5.010635
es	wikisource	aviva la	2	13	avivala	es	wikisource	a la viva	3	10	alaviva	5.036953
es	wikisource	aviva y	2	18	avivay	es	wikisource	y a viva	3	5	yaviva	4.736198
es	wikisource	aziza y	2	10	azizay	es	wikisource	y aziza	2	13	yaziza	5.036953
es	wikisource	caed	1	18	caed	es	wikisource	de ac	2	5	deac	4.736198
es	wikisource	card	1	15	card	es	wikisource	drac	1	8	drac	4.969813
es	wikisource	de ac	2	5	deac	es	wikisource	caed	1	18	caed	4.736198
es	wikisource	drac	1	8	drac	es	wikisource	card	1	15	card	4.969813
es	wikisource	edonos	1	5	edonos	es	wikisource	sonó de	2	18	sonode	4.736198
es	wikisource	edén en	2	14	edenen	es	wikisource	nene de	2	9	nenede	5.010635
es	wikisource	el oir	2	9	eloir	es	wikisource	río le	2	14	riole	5.010635
es	wikisource	es ramo	2	11	esramo	es	wikisource	omar se	2	12	omarse	5.049856
es	wikisource	esa mina	2	5	esamina	es	wikisource	ánima se	2	18	animase	4.736198
es	wikisource	eso y el	3	10	esoyel	es	wikisource	ley o se	3	13	leyose	5.036953
es	wikisource	et seis	2	15	etseis	es	wikisource	sí éste	2	8	sieste	4.969813
es	wikisource	etilo	1	12	etilo	es	wikisource	olite	1	11	olite	5.049856
es	wikisource	ida la	2	13	idala	es	wikisource	aladi	1	10	aladi	5.036953
es	wikisource	isla el	2	18	islael	es	wikisource	leal si	2	5	lealsi	4.736198
es	wikisource	lares y	2	17	laresy	es	wikisource	y ser al	3	6	yseral	4.836282
es	wikisource	leal si	2	5	lealsi	es	wikisource	isla el	2	18	islael	4.736198
es	wikisource	lee su	2	6	leesu	es	wikisource	use el	2	17	useel	4.836282
es	wikisource	ley o se	3	13	leyose	es	wikisource	eso y el	3	10	esoyel	5.036953
es	wikisource	mayn	1	13	mayn	es	wikisource	nyam	1	10	nyam	5.036953
es	wikisource	nam et	2	5	namet	es	wikisource	temán	1	18	teman	4.736198
es	wikisource	nene de	2	9	nenede	es	wikisource	edén en	2	14	edenen	5.010635
es	wikisource	nereides	1	9	nereides	es	wikisource	se dieren	2	14	sedieren	5.010635
es	wikisource	ni se las	3	11	niselas	es	wikisource	sale sin	2	12	salesin	5.049856
es	wikisource	noso	1	10	noso	es	wikisource	ó son	2	13	oson	5.036953
es	wikisource	nyam	1	10	nyam	es	wikisource	mayn	1	13	mayn	5.036953
es	wikisource	o soy	2	18	osoy	es	wikisource	y oso	2	5	yoso	4.736198
es	wikisource	o soy	2	18	osoy	es	wikisource	y osó	2	5	yoso	4.736198
es	wikisource	o soy	2	18	osoy	es	wikisource	yo so	2	5	yoso	4.736198
es	wikisource	olite	1	11	olite	es	wikisource	etilo	1	12	etilo	5.049856
es	wikisource	omar se	2	12	omarse	es	wikisource	es ramo	2	11	esramo	5.049856
es	wikisource	omer	1	12	omer	es	wikisource	remó	1	11	remo	5.049856
es	wikisource	oyóle	1	13	oyole	es	wikisource	él oyó	2	10	eloyo	5.036953
es	wikisource	remó	1	11	remo	es	wikisource	omer	1	12	omer	5.049856
es	wikisource	río le	2	14	riole	es	wikisource	el oir	2	9	eloir	5.010635
es	wikisource	sale sin	2	12	salesin	es	wikisource	ni se las	3	11	niselas	5.049856
es	wikisource	se corra	2	14	secorra	es	wikisource	arroces	1	9	arroces	5.010635
es	wikisource	se dieren	2	14	sedieren	es	wikisource	nereides	1	9	nereides	5.010635
es	wikisource	sol á	2	18	sola	es	wikisource	al os	2	5	alos	4.736198
es	wikisource	sol á	2	18	sola	es	wikisource	álos	1	5	alos	4.736198
es	wikisource	sola nos	2	7	solanos	es	wikisource	son a los	3	16	sonalos	4.912655
es	wikisource	solos á	2	6	solosa	es	wikisource	a solos	2	17	asolos	4.836282
es	wikisource	son a los	3	16	sonalos	es	wikisource	sola nos	2	7	solanos	4.912655
es	wikisource	sona	1	9	sona	es	wikisource	á nos	2	14	anos	5.010635
es	wikisource	sonó de	2	18	sonode	es	wikisource	edonos	1	5	edonos	4.736198
es	wikisource	sotos y	2	13	sotosy	es	wikisource	y sotos	2	10	ysotos	5.036953
es	wikisource	sádica	1	12	sadica	es	wikisource	ácidas	1	11	acidas	5.049856
es	wikisource	sí éste	2	8	sieste	es	wikisource	et seis	2	15	etseis	4.969813
es	wikisource	temán	1	18	teman	es	wikisource	nam et	2	5	namet	4.736198
es	wikisource	use el	2	17	useel	es	wikisource	lee su	2	6	leesu	4.836282
es	wikisource	y a viva	3	5	yaviva	es	wikisource	aviva y	2	18	avivay	4.736198
es	wikisource	y aziza	2	13	yaziza	es	wikisource	aziza y	2	10	azizay	5.036953
es	wikisource	y oso	2	5	yoso	es	wikisource	o soy	2	18	osoy	4.736198
es	wikisource	y osó	2	5	yoso	es	wikisource	o soy	2	18	osoy	4.736198
es	wikisource	y seca y	3	16	ysecay	es	wikisource	yaces y	2	7	yacesy	4.912655
es	wikisource	y ser al	3	6	yseral	es	wikisource	lares y	2	17	laresy	4.836282
es	wikisource	y sotos	2	10	ysotos	es	wikisource	sotos y	2	13	sotosy	5.036953
es	wikisource	yaces y	2	7	yacesy	es	wikisource	y seca y	3	16	ysecay	4.912655
es	wikisource	yela	1	8	yela	es	wikisource	á ley	2	15	aley	4.969813
es	wikisource	yo so	2	5	yoso	es	wikisource	o soy	2	18	osoy	4.736198
es	wikisource	yuma	1	8	yuma	es	wikisource	á muy	2	15	amuy	4.969813
es	wikisource	á ley	2	15	aley	es	wikisource	yela	1	8	yela	4.969813
es	wikisource	á muy	2	15	amuy	es	wikisource	yuma	1	8	yuma	4.969813
es	wikisource	á nos	2	14	anos	es	wikisource	sona	1	9	sona	5.010635
es	wikisource	ácidas	1	11	acidas	es	wikisource	sádica	1	12	sadica	5.049856
es	wikisource	álos	1	5	alos	es	wikisource	sol á	2	18	sola	4.736198
es	wikisource	ánima se	2	18	animase	es	wikisource	esa mina	2	5	esamina	4.736198
es	wikisource	él oyó	2	10	eloyo	es	wikisource	oyóle	1	13	oyole	5.036953
es	wikisource	ó era	2	5	oera	es	wikisource	areo	1	18	areo	4.736198
es	wikisource	ó son	2	13	oson	es	wikisource	noso	1	10	noso	5.036953
es	wikisource	a la onu	3	7	alaonu	es	wikisource	uno á la	3	15	unoala	4.85203
es	wikisource	a más el	3	13	amasel	es	wikisource	les ama	2	9	lesama	4.941642
es	wikisource	abaja	1	15	abaja	es	wikisource	ajaba	1	7	ajaba	4.85203
es	wikisource	abr a	2	6	abra	es	wikisource	arba	1	16	arba	4.779123
es	wikisource	acata y	2	5	acatay	es	wikisource	y ataca	2	17	yataca	4.682131
es	wikisource	acá las	2	16	acalas	es	wikisource	sal acá	2	6	salaca	4.779123
es	wikisource	adam a	2	9	adama	es	wikisource	amad a	2	13	amada	4.941642
es	wikisource	ah ese	2	5	ahese	es	wikisource	ese ha	2	17	eseha	4.682131
es	wikisource	ajaba	1	7	ajaba	es	wikisource	abaja	1	15	abaja	4.85203
es	wikisource	al aya	2	12	alaya	es	wikisource	aya la	2	10	ayala	4.962845
es	wikisource	al rio y	3	5	alrioy	es	wikisource	y oírla	2	17	yoirla	4.682131
es	wikisource	aluar	1	10	aluar	es	wikisource	raúl a	2	12	raula	4.962845
es	wikisource	alá el	2	10	alael	es	wikisource	léala	1	12	leala	4.962845
es	wikisource	amad a	2	13	amada	es	wikisource	adam a	2	9	adama	4.941642
es	wikisource	amáis a	2	17	amaisa	es	wikisource	así ama	2	5	asiama	4.682131
es	wikisource	ana del	2	9	anadel	es	wikisource	le daña	2	13	ledana	4.941642
es	wikisource	ana su	2	13	anasu	es	wikisource	usan a	2	9	usana	4.941642
es	wikisource	anac	1	8	anac	es	wikisource	can a	2	14	cana	4.905275
es	wikisource	araños	1	5	aranos	es	wikisource	sonar a	2	17	sonara	4.682131
es	wikisource	arba	1	16	arba	es	wikisource	abr a	2	6	abra	4.779123
es	wikisource	arne	1	15	arne	es	wikisource	en ra	2	7	enra	4.85203
es	wikisource	arze	1	8	arze	es	wikisource	ezra	1	14	ezra	4.905275
es	wikisource	así ama	2	5	asiama	es	wikisource	amáis a	2	17	amaisa	4.682131
es	wikisource	ave se	2	16	avese	es	wikisource	ese va	2	6	eseva	4.779123
es	wikisource	aya la	2	10	ayala	es	wikisource	al aya	2	12	alaya	4.962845
es	wikisource	can a	2	14	cana	es	wikisource	anac	1	8	anac	4.905275
es	wikisource	cele	1	14	cele	es	wikisource	elec	1	8	elec	4.905275
es	wikisource	de er	2	6	deer	es	wikisource	reed	1	16	reed	4.779123
es	wikisource	e tal	2	14	etal	es	wikisource	la te	2	8	late	4.905275
es	wikisource	eaco	1	12	eaco	es	wikisource	o cae	2	10	ocae	4.962845
es	wikisource	eden	1	17	eden	es	wikisource	ne de	2	5	nede	4.682131
es	wikisource	el iv	2	17	eliv	es	wikisource	vil e	2	5	vile	4.682131
es	wikisource	el run	2	11	elrun	es	wikisource	nur le	2	11	nurle	4.969813
es	wikisource	elec	1	8	elec	es	wikisource	cele	1	14	cele	4.905275
es	wikisource	en ra	2	7	enra	es	wikisource	arne	1	15	arne	4.85203
es	wikisource	es eco	2	9	eseco	es	wikisource	o cese	2	13	ocese	4.941642
es	wikisource	es et	2	10	eset	es	wikisource	té se	2	12	tese	4.962845
es	wikisource	es á su	3	6	esasu	es	wikisource	úsase	1	16	usase	4.779123
es	wikisource	ese ha	2	17	eseha	es	wikisource	ah ese	2	5	ahese	4.682131
es	wikisource	ese va	2	6	eseva	es	wikisource	ave se	2	16	avese	4.779123
es	wikisource	eso no los	3	6	esonolos	es	wikisource	solo no se	3	16	solonose	4.779123
es	wikisource	et só	2	6	etso	es	wikisource	oste	1	16	oste	4.779123
es	wikisource	evadan	1	7	evadan	es	wikisource	nada ve	2	15	nadave	4.85203
es	wikisource	ezra	1	14	ezra	es	wikisource	arze	1	8	arze	4.905275
es	wikisource	la er	2	6	laer	es	wikisource	rëal	1	16	real	4.779123
es	wikisource	la te	2	8	late	es	wikisource	e tal	2	14	etal	4.905275
es	wikisource	le da los	3	5	ledalos	es	wikisource	sola del	2	17	soladel	4.682131
es	wikisource	le daña	2	13	ledana	es	wikisource	ana del	2	9	anadel	4.941642
es	wikisource	le oyó y	3	7	leoyoy	es	wikisource	y oyó el	3	15	yoyoel	4.85203
es	wikisource	lean el	2	10	leanel	es	wikisource	leña el	2	12	lenael	4.962845
es	wikisource	les ama	2	9	lesama	es	wikisource	a más el	3	13	amasel	4.941642
es	wikisource	leña el	2	12	lenael	es	wikisource	lean el	2	10	leanel	4.962845
es	wikisource	livres	1	9	livres	es	wikisource	ser vil	2	13	servil	4.941642
es	wikisource	léala	1	12	leala	es	wikisource	alá el	2	10	alael	4.962845
es	wikisource	main	1	16	main	es	wikisource	niam	1	6	niam	4.779123
es	wikisource	nada ve	2	15	nadave	es	wikisource	evadan	1	7	evadan	4.85203
es	wikisource	ne de	2	5	nede	es	wikisource	eden	1	17	eden	4.682131
es	wikisource	niam	1	6	niam	es	wikisource	main	1	16	main	4.779123
es	wikisource	no calló	2	7	nocallo	es	wikisource	olla con	2	15	ollacon	4.85203
es	wikisource	no cesé	2	12	nocese	es	wikisource	ése con	2	10	esecon	4.962845
es	wikisource	nur le	2	11	nurle	es	wikisource	el run	2	11	elrun	4.969813
es	wikisource	o cae	2	10	ocae	es	wikisource	eaco	1	12	eaco	4.962845
es	wikisource	o cese	2	13	ocese	es	wikisource	es eco	2	9	eseco	4.941642
es	wikisource	o no somos	3	12	onosomos	es	wikisource	somos o no	3	10	somosono	4.962845
es	wikisource	o seres	2	11	oseres	es	wikisource	seres o	2	11	sereso	4.969813
es	wikisource	olla con	2	15	ollacon	es	wikisource	no calló	2	7	nocallo	4.85203
es	wikisource	ones	1	5	ones	es	wikisource	se no	2	17	seno	4.682131
es	wikisource	osea	1	6	osea	es	wikisource	á eso	2	16	aeso	4.779123
es	wikisource	oste	1	16	oste	es	wikisource	et só	2	6	etso	4.779123
es	wikisource	raúl a	2	12	raula	es	wikisource	aluar	1	10	aluar	4.962845
es	wikisource	reed	1	16	reed	es	wikisource	de er	2	6	deer	4.779123
es	wikisource	reves	1	6	reves	es	wikisource	sé ver	2	16	sever	4.779123
es	wikisource	rió a	2	13	rioa	es	wikisource	á oír	2	9	aoir	4.941642
es	wikisource	rëal	1	16	real	es	wikisource	la er	2	6	laer	4.779123
es	wikisource	said y	2	9	saidy	es	wikisource	y dias	2	13	ydias	4.941642
es	wikisource	sal acá	2	6	salaca	es	wikisource	acá las	2	16	acalas	4.779123
es	wikisource	se no	2	17	seno	es	wikisource	ones	1	5	ones	4.682131
es	wikisource	ser vil	2	13	servil	es	wikisource	livres	1	9	livres	4.941642
es	wikisource	seres o	2	11	sereso	es	wikisource	o seres	2	11	oseres	4.969813
es	wikisource	sola del	2	17	soladel	es	wikisource	le da los	3	5	ledalos	4.682131
es	wikisource	solo no se	3	16	solonose	es	wikisource	eso no los	3	6	esonolos	4.779123
es	wikisource	somos o no	3	10	somosono	es	wikisource	o no somos	3	12	onosomos	4.962845
es	wikisource	sonar a	2	17	sonara	es	wikisource	araños	1	5	aranos	4.682131
es	wikisource	sé ver	2	16	sever	es	wikisource	reves	1	6	reves	4.779123
es	wikisource	té se	2	12	tese	es	wikisource	es et	2	10	eset	4.962845
es	wikisource	uno á la	3	15	unoala	es	wikisource	a la onu	3	7	alaonu	4.85203
es	wikisource	usan a	2	9	usana	es	wikisource	ana su	2	13	anasu	4.941642
es	wikisource	vil e	2	5	vile	es	wikisource	el iv	2	17	eliv	4.682131
es	wikisource	y ataca	2	17	yataca	es	wikisource	acata y	2	5	acatay	4.682131
es	wikisource	y dias	2	13	ydias	es	wikisource	said y	2	9	saidy	4.941642
es	wikisource	y oyó el	3	15	yoyoel	es	wikisource	le oyó y	3	7	leoyoy	4.85203
es	wikisource	y oírla	2	17	yoirla	es	wikisource	al rio y	3	5	alrioy	4.682131
es	wikisource	á eso	2	16	aeso	es	wikisource	osea	1	6	osea	4.779123
es	wikisource	á oír	2	9	aoir	es	wikisource	rió a	2	13	rioa	4.941642
es	wikisource	ésa su	2	6	esasu	es	wikisource	úsase	1	16	usase	4.779123
es	wikisource	ése con	2	10	esecon	es	wikisource	no cesé	2	12	nocese	4.962845
es	wikisource	úsase	1	16	usase	es	wikisource	es á su	3	6	esasu	4.779123
es	wikisource	úsase	1	16	usase	es	wikisource	ésa su	2	6	esasu	4.779123
es	wikisource	a hasé	2	5	ahase	es	wikisource	esa ha	2	16	esaha	4.624973
es	wikisource	a la av	3	8	alaav	es	wikisource	va á la	3	13	vaala	4.836282
es	wikisource	a lisis	2	11	alisis	es	wikisource	sí sí la	3	10	sisila	4.882802
es	wikisource	a raza	2	5	araza	es	wikisource	azar a	2	16	azara	4.624973
es	wikisource	a reconocer y	3	11	areconocery	es	wikisource	y reconocer a	3	10	yreconocera	4.882802
es	wikisource	a reconocer y	3	11	areconocery	es	wikisource	y reconocerá	2	10	yreconocera	4.882802
es	wikisource	a selim	2	9	aselim	es	wikisource	miles a	2	12	milesa	4.867534
es	wikisource	a serio	2	8	aserio	es	wikisource	oír esa	2	13	oiresa	4.836282
es	wikisource	a vis	2	6	avis	es	wikisource	siva	1	15	siva	4.718499
es	wikisource	acom	1	10	acom	es	wikisource	moca	1	11	moca	4.882802
es	wikisource	adama	1	14	adama	es	wikisource	amad á	2	7	amada	4.787492
es	wikisource	adem	1	6	adem	es	wikisource	me dá	2	15	meda	4.718499
es	wikisource	al ayo	2	15	alayo	es	wikisource	o ya la	3	6	oyala	4.718499
es	wikisource	al os	2	5	alos	es	wikisource	solá	1	16	sola	4.624973
es	wikisource	alar	1	16	alar	es	wikisource	ra la	2	5	rala	4.624973
es	wikisource	aláh y	2	9	alahy	es	wikisource	y hala	2	12	yhala	4.867534
es	wikisource	amad á	2	7	amada	es	wikisource	adama	1	14	adama	4.787492
es	wikisource	amaras	1	16	amaras	es	wikisource	sarama	1	5	sarama	4.624973
es	wikisource	ana si	2	7	anasi	es	wikisource	isana	1	14	isana	4.787492
es	wikisource	anulase	1	5	anulase	es	wikisource	esa luna	2	16	esaluna	4.624973
es	wikisource	araus	1	14	araus	es	wikisource	su ara	2	7	suara	4.787492
es	wikisource	atinan	1	11	atinan	es	wikisource	nanita	1	10	nanita	4.882802
es	wikisource	ave al	2	6	aveal	es	wikisource	la eva	2	15	laeva	4.718499
es	wikisource	aya los	2	5	ayalos	es	wikisource	sola ya	2	16	solaya	4.624973
es	wikisource	ayon	1	13	ayon	es	wikisource	no y a	3	8	noya	4.836282
es	wikisource	azar a	2	16	azara	es	wikisource	a raza	2	5	araza	4.624973
es	wikisource	aîné	1	5	aine	es	wikisource	en ia	2	16	enia	4.624973
es	wikisource	de be	2	9	debe	es	wikisource	ebed	1	12	ebed	4.867534
es	wikisource	dero	1	10	dero	es	wikisource	o red	2	11	ored	4.882802
es	wikisource	ebed	1	12	ebed	es	wikisource	de be	2	9	debe	4.867534
es	wikisource	edita	1	15	edita	es	wikisource	á ti de	3	6	atide	4.718499
es	wikisource	en ia	2	16	enia	es	wikisource	aîné	1	5	aine	4.624973
es	wikisource	en ir al	3	16	eniral	es	wikisource	la riñe	2	5	larine	4.624973
es	wikisource	es río	2	10	esrio	es	wikisource	oír se	2	11	oirse	4.882802
es	wikisource	esa ha	2	16	esaha	es	wikisource	a hasé	2	5	ahase	4.624973
es	wikisource	esa luna	2	16	esaluna	es	wikisource	anulase	1	5	anulase	4.624973
es	wikisource	isana	1	14	isana	es	wikisource	ana si	2	7	anasi	4.787492
es	wikisource	iv in	2	5	ivin	es	wikisource	ni vi	2	16	nivi	4.624973
es	wikisource	la eva	2	15	laeva	es	wikisource	ave al	2	6	aveal	4.718499
es	wikisource	la riñe	2	5	larine	es	wikisource	en ir al	3	16	eniral	4.624973
es	wikisource	lana del	2	9	lanadel	es	wikisource	le dan al	3	12	ledanal	4.867534
es	wikisource	lasús	1	5	lasus	es	wikisource	su sal	2	16	susal	4.624973
es	wikisource	le dan al	3	12	ledanal	es	wikisource	lana del	2	9	lanadel	4.867534
es	wikisource	le daré un	3	13	ledareun	es	wikisource	nuera del	2	8	nueradel	4.836282
es	wikisource	me dá	2	15	meda	es	wikisource	adem	1	6	adem	4.718499
es	wikisource	miles a	2	12	milesa	es	wikisource	a selim	2	9	aselim	4.867534
es	wikisource	moca	1	11	moca	es	wikisource	acom	1	10	acom	4.882802
es	wikisource	muito	1	15	muito	es	wikisource	otium	1	6	otium	4.718499
es	wikisource	nanita	1	10	nanita	es	wikisource	atinan	1	11	atinan	4.882802
es	wikisource	nero	1	15	nero	es	wikisource	oren	1	6	oren	4.718499
es	wikisource	neuquén y	2	15	neuqueny	es	wikisource	y neuquen	2	6	yneuquen	4.718499
es	wikisource	ni vi	2	16	nivi	es	wikisource	iv in	2	5	ivin	4.624973
es	wikisource	no y a	3	8	noya	es	wikisource	ayon	1	13	ayon	4.836282
es	wikisource	nuera del	2	8	nueradel	es	wikisource	le daré un	3	13	ledareun	4.836282
es	wikisource	o red	2	11	ored	es	wikisource	dero	1	10	dero	4.882802
es	wikisource	o tras	2	13	otras	es	wikisource	sarto	1	8	sarto	4.836282
es	wikisource	o ya la	3	6	oyala	es	wikisource	al ayo	2	15	alayo	4.718499
es	wikisource	oder	1	12	oder	es	wikisource	red o	2	9	redo	4.867534
es	wikisource	oren	1	6	oren	es	wikisource	nero	1	15	nero	4.718499
es	wikisource	ores	1	11	ores	es	wikisource	ser ó	2	10	sero	4.882802
es	wikisource	otium	1	6	otium	es	wikisource	muito	1	15	muito	4.718499
es	wikisource	oval y	2	13	ovaly	es	wikisource	y lavó	2	8	ylavo	4.836282
es	wikisource	oír esa	2	13	oiresa	es	wikisource	a serio	2	8	aserio	4.836282
es	wikisource	oír se	2	11	oirse	es	wikisource	es río	2	10	esrio	4.882802
es	wikisource	ra la	2	5	rala	es	wikisource	alar	1	16	alar	4.624973
es	wikisource	red o	2	9	redo	es	wikisource	oder	1	12	oder	4.867534
es	wikisource	sarama	1	5	sarama	es	wikisource	amaras	1	16	amaras	4.624973
es	wikisource	sarto	1	8	sarto	es	wikisource	o tras	2	13	otras	4.836282
es	wikisource	ser ó	2	10	sero	es	wikisource	ores	1	11	ores	4.882802
es	wikisource	sisa y	2	12	sisay	es	wikisource	y asís	2	9	yasis	4.867534
es	wikisource	siva	1	15	siva	es	wikisource	a vis	2	6	avis	4.718499
es	wikisource	sola ya	2	16	solaya	es	wikisource	aya los	2	5	ayalos	4.624973
es	wikisource	solá	1	16	sola	es	wikisource	al os	2	5	alos	4.624973
es	wikisource	solá	1	16	sola	es	wikisource	álos	1	5	alos	4.624973
es	wikisource	su ara	2	7	suara	es	wikisource	araus	1	14	araus	4.787492
es	wikisource	su sal	2	16	susal	es	wikisource	lasús	1	5	lasus	4.624973
es	wikisource	sé yo y	3	10	seyoy	es	wikisource	y oyes	2	11	yoyes	4.882802
es	wikisource	sí sí la	3	10	sisila	es	wikisource	a lisis	2	11	alisis	4.882802
es	wikisource	va á la	3	13	vaala	es	wikisource	a la av	3	8	alaav	4.836282
es	wikisource	y ase	2	5	yase	es	wikisource	ésa y	2	16	esay	4.624973
es	wikisource	y asís	2	9	yasis	es	wikisource	sisa y	2	12	sisay	4.867534
es	wikisource	y hala	2	12	yhala	es	wikisource	aláh y	2	9	alahy	4.867534
es	wikisource	y lavó	2	8	ylavo	es	wikisource	oval y	2	13	ovaly	4.836282
es	wikisource	y neuquen	2	6	yneuquen	es	wikisource	neuquén y	2	15	neuqueny	4.718499
es	wikisource	y oyes	2	11	yoyes	es	wikisource	sé yo y	3	10	seyoy	4.882802
es	wikisource	y reconocer a	3	10	yreconocera	es	wikisource	a reconocer y	3	11	areconocery	4.882802
es	wikisource	y reconocerá	2	10	yreconocera	es	wikisource	a reconocer y	3	11	areconocery	4.882802
es	wikisource	yà se	2	5	yase	es	wikisource	ésa y	2	16	esay	4.624973
es	wikisource	á lima	2	13	alima	es	wikisource	á mí la	3	8	amila	4.836282
es	wikisource	á mí la	3	8	amila	es	wikisource	á lima	2	13	alima	4.836282
es	wikisource	á ti de	3	6	atide	es	wikisource	edita	1	15	edita	4.718499
es	wikisource	álos	1	5	alos	es	wikisource	solá	1	16	sola	4.624973
es	wikisource	él eso	2	12	eleso	es	wikisource	ó se le	3	9	osele	4.867534
es	wikisource	ésa y	2	16	esay	es	wikisource	y ase	2	5	yase	4.624973
es	wikisource	ésa y	2	16	esay	es	wikisource	yà se	2	5	yase	4.624973
es	wikisource	ó se le	3	9	osele	es	wikisource	él eso	2	12	eleso	4.867534
es	wikisource	a ica	2	13	aica	es	wikisource	ácia	1	7	acia	4.718499
es	wikisource	a más o	3	8	amaso	es	wikisource	osama	1	12	osama	4.762174
es	wikisource	a sabas	2	14	asabas	es	wikisource	sabas a	2	6	sabasa	4.65396
es	wikisource	a sarah	2	15	asarah	es	wikisource	harás á	2	5	harasa	4.564348
es	wikisource	a sí las	3	14	asilas	es	wikisource	salís a	2	6	salisa	4.65396
es	wikisource	a vis	2	6	avis	es	wikisource	sí va	2	14	siva	4.65396
es	wikisource	aban	1	13	aban	es	wikisource	naba	1	7	naba	4.718499
es	wikisource	afin	1	9	afin	es	wikisource	ni fa	2	11	nifa	4.787492
es	wikisource	aires os	2	5	airesos	es	wikisource	sosería	1	15	soseria	4.564348
es	wikisource	ala el	2	8	alael	es	wikisource	léala	1	12	leala	4.762174
es	wikisource	aladi	1	10	aladi	es	wikisource	id a la	3	10	idala	4.795791
es	wikisource	amais	1	6	amais	es	wikisource	si ama	2	14	siama	4.65396
es	wikisource	amo tus	2	5	amotus	es	wikisource	su toma	2	15	sutoma	4.564348
es	wikisource	animase	1	15	animase	es	wikisource	esa mina	2	5	esamina	4.564348
es	wikisource	après	1	9	apres	es	wikisource	ser pa	2	11	serpa	4.787492
es	wikisource	arar y	2	15	arary	es	wikisource	y ra ra	3	5	yrara	4.564348
es	wikisource	arbolé	1	6	arbole	es	wikisource	él obra	2	14	elobra	4.65396
es	wikisource	areco	1	15	areco	es	wikisource	o cera	2	5	ocera	4.564348
es	wikisource	artus	1	11	artus	es	wikisource	sutra	1	9	sutra	4.787492
es	wikisource	asoma sus	2	6	asomasus	es	wikisource	sus amos a	3	14	susamosa	4.65396
es	wikisource	aya las	2	5	ayalas	es	wikisource	sala y a	3	15	salaya	4.564348
es	wikisource	de il	2	5	deil	es	wikisource	lied	1	15	lied	4.564348
es	wikisource	e toro	2	6	etoro	es	wikisource	oro te	2	14	orote	4.65396
es	wikisource	eibar	1	14	eibar	es	wikisource	rabié	1	6	rabie	4.65396
es	wikisource	en ir y	3	13	eniry	es	wikisource	y riñe	2	7	yrine	4.718499
es	wikisource	enós	1	8	enos	es	wikisource	son e	2	12	sone	4.762174
es	wikisource	es ya por	3	6	esyapor	es	wikisource	ropa y se	3	14	ropayse	4.65396
es	wikisource	esa mina	2	5	esamina	es	wikisource	animase	1	15	animase	4.564348
es	wikisource	ese con	2	8	esecon	es	wikisource	no cesé	2	12	nocese	4.762174
es	wikisource	harás á	2	5	harasa	es	wikisource	a sarah	2	15	asarah	4.564348
es	wikisource	id a la	3	10	idala	es	wikisource	aladi	1	10	aladi	4.795791
es	wikisource	iv et	2	8	ivet	es	wikisource	te ví	2	12	tevi	4.762174
es	wikisource	la baña	2	14	labana	es	wikisource	á nabal	2	6	anabal	4.65396
es	wikisource	la ix	2	8	laix	es	wikisource	xi al	2	12	xial	4.762174
es	wikisource	le da tan	3	5	ledatan	es	wikisource	nata del	2	15	natadel	4.564348
es	wikisource	le dé su	3	14	ledesu	es	wikisource	use del	2	6	usedel	4.65396
es	wikisource	le non	2	9	lenon	es	wikisource	non el	2	11	nonel	4.787492
es	wikisource	lied	1	15	lied	es	wikisource	de il	2	5	deil	4.564348
es	wikisource	losa y	2	14	losay	es	wikisource	y a sol	3	6	yasol	4.65396
es	wikisource	léala	1	12	leala	es	wikisource	ala el	2	8	alael	4.762174
es	wikisource	na no	2	7	nano	es	wikisource	onán	1	13	onan	4.718499
es	wikisource	naba	1	7	naba	es	wikisource	aban	1	13	aban	4.718499
es	wikisource	nata del	2	15	natadel	es	wikisource	le da tan	3	5	ledatan	4.564348
es	wikisource	ni fa	2	11	nifa	es	wikisource	afin	1	9	afin	4.787492
es	wikisource	no cesé	2	12	nocese	es	wikisource	ese con	2	8	esecon	4.762174
es	wikisource	no cogió	2	10	nocogio	es	wikisource	oigo con	2	10	oigocon	4.795791
es	wikisource	non el	2	11	nonel	es	wikisource	le non	2	9	lenon	4.787492
es	wikisource	nos os	2	15	nosos	es	wikisource	sosón	1	5	soson	4.564348
es	wikisource	o cera	2	5	ocera	es	wikisource	areco	1	15	areco	4.564348
es	wikisource	oigo con	2	10	oigocon	es	wikisource	no cogió	2	10	nocogio	4.795791
es	wikisource	onán	1	13	onan	es	wikisource	na no	2	7	nano	4.718499
es	wikisource	orita	1	7	orita	es	wikisource	á tiro	2	13	atiro	4.718499
es	wikisource	oro te	2	14	orote	es	wikisource	e toro	2	6	etoro	4.65396
es	wikisource	osama	1	12	osama	es	wikisource	a más o	3	8	amaso	4.762174
es	wikisource	oyóle	1	13	oyole	es	wikisource	él o yo	3	7	eloyo	4.718499
es	wikisource	rabié	1	6	rabie	es	wikisource	eibar	1	14	eibar	4.65396
es	wikisource	recocer y	2	9	recocery	es	wikisource	y recocer	2	11	yrecocer	4.787492
es	wikisource	roma ha	2	15	romaha	es	wikisource	á hamor	2	5	ahamor	4.564348
es	wikisource	ropa y se	3	14	ropayse	es	wikisource	es ya por	3	6	esyapor	4.65396
es	wikisource	sabas a	2	6	sabasa	es	wikisource	a sabas	2	14	asabas	4.65396
es	wikisource	sala y a	3	15	salaya	es	wikisource	aya las	2	5	ayalas	4.564348
es	wikisource	salís a	2	6	salisa	es	wikisource	a sí las	3	14	asilas	4.65396
es	wikisource	se da es	3	5	sedaes	es	wikisource	seades	1	15	seades	4.564348
es	wikisource	seades	1	15	seades	es	wikisource	se da es	3	5	sedaes	4.564348
es	wikisource	ser pa	2	11	serpa	es	wikisource	après	1	9	apres	4.787492
es	wikisource	si ama	2	14	siama	es	wikisource	amais	1	6	amais	4.65396
es	wikisource	son e	2	12	sone	es	wikisource	enós	1	8	enos	4.762174
es	wikisource	son ó	2	15	sono	es	wikisource	ó nos	2	5	onos	4.564348
es	wikisource	sosería	1	15	soseria	es	wikisource	aires os	2	5	airesos	4.564348
es	wikisource	sosón	1	5	soson	es	wikisource	nos os	2	15	nosos	4.564348
es	wikisource	su toma	2	15	sutoma	es	wikisource	amo tus	2	5	amotus	4.564348
es	wikisource	sus amos a	3	14	susamosa	es	wikisource	asoma sus	2	6	asomasus	4.65396
es	wikisource	sutra	1	9	sutra	es	wikisource	artus	1	11	artus	4.787492
es	wikisource	sí va	2	14	siva	es	wikisource	a vis	2	6	avis	4.65396
es	wikisource	te ví	2	12	tevi	es	wikisource	iv et	2	8	ivet	4.762174
es	wikisource	use del	2	6	usedel	es	wikisource	le dé su	3	14	ledesu	4.65396
es	wikisource	xi al	2	12	xial	es	wikisource	la ix	2	8	laix	4.762174
es	wikisource	y a sol	3	6	yasol	es	wikisource	losa y	2	14	losay	4.65396
es	wikisource	y ra ra	3	5	yrara	es	wikisource	arar y	2	15	arary	4.564348
es	wikisource	y recocer	2	11	yrecocer	es	wikisource	recocer y	2	9	recocery	4.787492
es	wikisource	y riñe	2	7	yrine	es	wikisource	en ir y	3	13	eniry	4.718499
es	wikisource	yo mala	2	8	yomala	es	wikisource	álamo y	2	12	alamoy	4.762174
es	wikisource	á hamor	2	5	ahamor	es	wikisource	roma ha	2	15	romaha	4.564348
es	wikisource	á nabal	2	6	anabal	es	wikisource	la baña	2	14	labana	4.65396
es	wikisource	á tiro	2	13	atiro	es	wikisource	orita	1	7	orita	4.718499
es	wikisource	ácia	1	7	acia	es	wikisource	a ica	2	13	aica	4.718499
es	wikisource	álamo y	2	12	alamoy	es	wikisource	yo mala	2	8	yomala	4.762174
es	wikisource	él o yo	3	7	eloyo	es	wikisource	oyóle	1	13	oyole	4.718499
es	wikisource	él obra	2	14	elobra	es	wikisource	arbolé	1	6	arbole	4.65396
es	wikisource	ó nos	2	5	onos	es	wikisource	son ó	2	15	sono	4.564348
es	wikisource	a dama	2	6	adama	es	wikisource	amad a	2	13	amada	4.584967
es	wikisource	a la sal	3	9	alasal	es	wikisource	la sal a	3	10	lasala	4.70048
es	wikisource	a lo no	3	5	alono	es	wikisource	ó no la	3	14	onola	4.49981
es	wikisource	a mi la	3	6	amila	es	wikisource	á lima	2	13	alima	4.584967
es	wikisource	a retar	2	7	aretar	es	wikisource	ratera	1	12	ratera	4.644391
es	wikisource	acata el	2	5	acatael	es	wikisource	le ataca	2	14	leataca	4.49981
es	wikisource	ad es	2	7	ades	es	wikisource	sed a	2	12	seda	4.644391
es	wikisource	adió	1	5	adio	es	wikisource	oida	1	14	oida	4.49981
es	wikisource	al oir la	3	13	aloirla	es	wikisource	al río la	3	6	alriola	4.584967
es	wikisource	al río la	3	6	alriola	es	wikisource	al oir la	3	13	aloirla	4.584967
es	wikisource	aliño y	2	12	alinoy	es	wikisource	yo ni la	3	7	yonila	4.644391
es	wikisource	aláh es	2	8	alahes	es	wikisource	se ha la	3	11	sehala	4.682131
es	wikisource	amad a	2	13	amada	es	wikisource	a dama	2	6	adama	4.584967
es	wikisource	amoris	1	9	amoris	es	wikisource	si roma	2	10	siroma	4.70048
es	wikisource	animus	1	11	animus	es	wikisource	su mina	2	8	sumina	4.682131
es	wikisource	anis	1	5	anis	es	wikisource	sina	1	14	sina	4.49981
es	wikisource	après	1	9	apres	es	wikisource	serpa	1	10	serpa	4.70048
es	wikisource	arietes	1	14	arietes	es	wikisource	se te irá	3	5	seteira	4.49981
es	wikisource	atlas el	2	8	atlasel	es	wikisource	le salta	2	11	lesalta	4.682131
es	wikisource	aya el	2	14	ayael	es	wikisource	le aya	2	5	leaya	4.49981
es	wikisource	ayades	1	13	ayades	es	wikisource	seda ya	2	6	sedaya	4.584967
es	wikisource	azul al	2	14	azulal	es	wikisource	la luz á	3	5	laluza	4.49981
es	wikisource	e de oſſo	3	8	edeoſſo	es	wikisource	oſſo è de	3	11	oſſoede	4.682131
es	wikisource	eaces	1	9	eaces	es	wikisource	seca e	2	10	secae	4.70048
es	wikisource	el raído	2	6	elraido	es	wikisource	odiarle	1	13	odiarle	4.584967
es	wikisource	en as	2	9	enas	es	wikisource	sané	1	10	sane	4.70048
es	wikisource	es río	2	10	esrio	es	wikisource	o irse	2	9	oirse	4.70048
es	wikisource	es á lo	3	12	esalo	es	wikisource	ola se	2	7	olase	4.644391
es	wikisource	et il	2	6	etil	es	wikisource	lite	1	13	lite	4.584967
es	wikisource	ha tu	2	6	hatu	es	wikisource	utah	1	13	utah	4.584967
es	wikisource	iva y	2	5	ivay	es	wikisource	ya vi	2	14	yavi	4.49981
es	wikisource	la luz á	3	5	laluza	es	wikisource	azul al	2	14	azulal	4.49981
es	wikisource	la sal a	3	10	lasala	es	wikisource	a la sal	3	9	alasal	4.70048
es	wikisource	laip	1	5	laip	es	wikisource	pial	1	14	pial	4.49981
es	wikisource	le ataca	2	14	leataca	es	wikisource	acata el	2	5	acatael	4.49981
es	wikisource	le aya	2	5	leaya	es	wikisource	aya el	2	14	ayael	4.49981
es	wikisource	le salta	2	11	lesalta	es	wikisource	atlas el	2	8	atlasel	4.682131
es	wikisource	lite	1	13	lite	es	wikisource	et il	2	6	etil	4.584967
es	wikisource	no cese	2	9	nocese	es	wikisource	ése con	2	10	esecon	4.70048
es	wikisource	no rey	2	11	norey	es	wikisource	yeron	1	8	yeron	4.682131
es	wikisource	no so	2	6	noso	es	wikisource	ó son	2	13	oson	4.584967
es	wikisource	o irse	2	9	oirse	es	wikisource	es río	2	10	esrio	4.70048
es	wikisource	odiarle	1	13	odiarle	es	wikisource	el raído	2	6	elraido	4.584967
es	wikisource	oida	1	14	oida	es	wikisource	adió	1	5	adio	4.49981
es	wikisource	oir a	2	14	oira	es	wikisource	á río	2	5	ario	4.49981
es	wikisource	ola se	2	7	olase	es	wikisource	es á lo	3	12	esalo	4.644391
es	wikisource	ores	1	11	ores	es	wikisource	sero	1	8	sero	4.682131
es	wikisource	oſſo è de	3	11	oſſoede	es	wikisource	e de oſſo	3	8	edeoſſo	4.682131
es	wikisource	pial	1	14	pial	es	wikisource	laip	1	5	laip	4.49981
es	wikisource	ratera	1	12	ratera	es	wikisource	a retar	2	7	aretar	4.644391
es	wikisource	río le	2	14	riole	es	wikisource	él oír	2	5	eloir	4.49981
es	wikisource	río á	2	10	rioa	es	wikisource	á oír	2	9	aoir	4.70048
es	wikisource	ríus	1	14	rius	es	wikisource	su ir	2	5	suir	4.49981
es	wikisource	sal a los	3	7	salalos	es	wikisource	sol a las	3	12	solalas	4.644391
es	wikisource	sané	1	10	sane	es	wikisource	en as	2	9	enas	4.70048
es	wikisource	se ha la	3	11	sehala	es	wikisource	aláh es	2	8	alahes	4.682131
es	wikisource	se te irá	3	5	seteira	es	wikisource	arietes	1	14	arietes	4.49981
es	wikisource	seca e	2	10	secae	es	wikisource	eaces	1	9	eaces	4.70048
es	wikisource	sed a	2	12	seda	es	wikisource	ad es	2	7	ades	4.644391
es	wikisource	seda ya	2	6	sedaya	es	wikisource	ayades	1	13	ayades	4.584967
es	wikisource	sero	1	8	sero	es	wikisource	ores	1	11	ores	4.682131
es	wikisource	serpa	1	10	serpa	es	wikisource	après	1	9	apres	4.70048
es	wikisource	si roma	2	10	siroma	es	wikisource	amoris	1	9	amoris	4.70048
es	wikisource	sina	1	14	sina	es	wikisource	anis	1	5	anis	4.49981
es	wikisource	sinu	1	13	sinu	es	wikisource	unís	1	6	unis	4.584967
es	wikisource	sol a las	3	12	solalas	es	wikisource	sal a los	3	7	salalos	4.644391
es	wikisource	su ir	2	5	suir	es	wikisource	ríus	1	14	rius	4.49981
es	wikisource	su mina	2	8	sumina	es	wikisource	animus	1	11	animus	4.682131
es	wikisource	sé yo y	3	10	seyoy	es	wikisource	yo y es	3	9	yoyes	4.70048
es	wikisource	unís	1	6	unis	es	wikisource	sinu	1	13	sinu	4.584967
es	wikisource	utah	1	13	utah	es	wikisource	ha tu	2	6	hatu	4.584967
es	wikisource	ya vi	2	14	yavi	es	wikisource	iva y	2	5	ivay	4.49981
es	wikisource	yeron	1	8	yeron	es	wikisource	no rey	2	11	norey	4.682131
es	wikisource	yo ni la	3	7	yonila	es	wikisource	aliño y	2	12	alinoy	4.644391
es	wikisource	yo y es	3	9	yoyes	es	wikisource	sé yo y	3	10	seyoy	4.70048
es	wikisource	á lima	2	13	alima	es	wikisource	a mi la	3	6	amila	4.584967
es	wikisource	á oír	2	9	aoir	es	wikisource	río á	2	10	rioa	4.70048
es	wikisource	á río	2	5	ario	es	wikisource	oir a	2	14	oira	4.49981
es	wikisource	él oír	2	5	eloir	es	wikisource	río le	2	14	riole	4.49981
es	wikisource	ése con	2	10	esecon	es	wikisource	no cese	2	9	nocese	4.70048
es	wikisource	ó no la	3	14	onola	es	wikisource	a lo no	3	5	alono	4.49981
es	wikisource	ó son	2	13	oson	es	wikisource	no so	2	6	noso	4.584967
es	wikisource	a cera	2	13	acera	es	wikisource	areca	1	5	areca	4.430817
es	wikisource	a cima	2	11	acima	es	wikisource	amica	1	7	amica	4.564348
es	wikisource	a dado	2	10	adado	es	wikisource	o dada	2	8	odada	4.59512
es	wikisource	a dir a	3	6	adira	es	wikisource	arida	1	12	arida	4.51086
es	wikisource	a nevar	2	6	anevar	es	wikisource	ravena	1	12	ravena	4.51086
es	wikisource	a nevar	2	6	anevar	es	wikisource	rávena	1	12	ravena	4.51086
es	wikisource	a non	2	10	anon	es	wikisource	ñoña	1	8	nona	4.59512
es	wikisource	a nébel	2	6	anebel	es	wikisource	lebeña	1	12	lebena	4.51086
es	wikisource	a sur y	3	13	asury	es	wikisource	y rusa	2	5	yrusa	4.430817
es	wikisource	aisa	1	8	aisa	es	wikisource	asi á	2	10	asia	4.59512
es	wikisource	ajan	1	13	ajan	es	wikisource	naja	1	5	naja	4.430817
es	wikisource	ajar la	2	5	ajarla	es	wikisource	al rajá	2	13	alraja	4.430817
es	wikisource	al amar	2	7	alamar	es	wikisource	rama la	2	11	ramala	4.564348
es	wikisource	al año el	3	10	alanoel	es	wikisource	león a la	3	8	leonala	4.59512
es	wikisource	al rajá	2	13	alraja	es	wikisource	ajar la	2	5	ajarla	4.430817
es	wikisource	alaya	1	8	alaya	es	wikisource	aya la	2	10	ayala	4.59512
es	wikisource	alá lo	2	9	alalo	es	wikisource	ola la	2	9	olala	4.60517
es	wikisource	amica	1	7	amica	es	wikisource	a cima	2	11	acima	4.564348
es	wikisource	aportase	1	9	aportase	es	wikisource	esa tropa	2	9	esatropa	4.60517
es	wikisource	arab	1	7	arab	es	wikisource	bara	1	11	bara	4.564348
es	wikisource	areca	1	5	areca	es	wikisource	a cera	2	13	acera	4.430817
es	wikisource	arida	1	12	arida	es	wikisource	a dir a	3	6	adira	4.51086
es	wikisource	arrabal y	2	11	arrabaly	es	wikisource	y la barra	3	7	ylabarra	4.564348
es	wikisource	asi á	2	10	asia	es	wikisource	aisa	1	8	aisa	4.59512
es	wikisource	ay los	2	13	aylos	es	wikisource	sol y á	3	5	solya	4.430817
es	wikisource	aya la	2	10	ayala	es	wikisource	alaya	1	8	alaya	4.59512
es	wikisource	aya los	2	5	ayalos	es	wikisource	sola y a	3	13	solaya	4.430817
es	wikisource	ayades	1	13	ayades	es	wikisource	se da ya	3	5	sedaya	4.430817
es	wikisource	años él	2	13	anosel	es	wikisource	le son a	3	5	lesona	4.430817
es	wikisource	bara	1	11	bara	es	wikisource	arab	1	7	arab	4.564348
es	wikisource	da alas	2	12	daalas	es	wikisource	sala ad	2	6	salaad	4.51086
es	wikisource	debo á	2	10	deboa	es	wikisource	á obed	2	8	aobed	4.59512
es	wikisource	desase	1	5	desase	es	wikisource	esa sed	2	13	esased	4.430817
es	wikisource	e den	2	13	eden	es	wikisource	ne de	2	5	nede	4.430817
es	wikisource	e rio	2	10	erio	es	wikisource	o iré	2	8	oire	4.59512
es	wikisource	el ael	2	5	elael	es	wikisource	leal e	2	13	leale	4.430817
es	wikisource	el pos	2	11	elpos	es	wikisource	soplé	1	7	sople	4.564348
es	wikisource	en os	2	6	enos	es	wikisource	son e	2	12	sone	4.51086
es	wikisource	eres o	2	13	ereso	es	wikisource	o seré	2	5	osere	4.430817
es	wikisource	esa sed	2	13	esased	es	wikisource	desase	1	5	desase	4.430817
es	wikisource	esa tropa	2	9	esatropa	es	wikisource	aportase	1	9	aportase	4.60517
es	wikisource	la onu y	3	12	laonuy	es	wikisource	y uno al	3	6	yunoal	4.51086
es	wikisource	le son a	3	5	lesona	es	wikisource	años él	2	13	anosel	4.430817
es	wikisource	leal e	2	13	leale	es	wikisource	el ael	2	5	elael	4.430817
es	wikisource	lebeña	1	12	lebena	es	wikisource	a nébel	2	6	anebel	4.51086
es	wikisource	león a la	3	8	leonala	es	wikisource	al año el	3	10	alanoel	4.59512
es	wikisource	los leo	2	7	losleo	es	wikisource	o el sol	3	11	oelsol	4.564348
es	wikisource	maón	1	8	maon	es	wikisource	noam	1	10	noam	4.59512
es	wikisource	naja	1	5	naja	es	wikisource	ajan	1	13	ajan	4.430817
es	wikisource	ne de	2	5	nede	es	wikisource	e den	2	13	eden	4.430817
es	wikisource	nise yo	2	8	niseyo	es	wikisource	oye sin	2	10	oyesin	4.59512
es	wikisource	no cría	2	13	nocria	es	wikisource	á ir con	3	5	aircon	4.430817
es	wikisource	noam	1	10	noam	es	wikisource	maón	1	8	maon	4.59512
es	wikisource	o dada	2	8	odada	es	wikisource	a dado	2	10	adado	4.59512
es	wikisource	o el sol	3	11	oelsol	es	wikisource	los leo	2	7	losleo	4.564348
es	wikisource	o iré	2	8	oire	es	wikisource	e rio	2	10	erio	4.59512
es	wikisource	o seré	2	5	osere	es	wikisource	eres o	2	13	ereso	4.430817
es	wikisource	odiar y	2	9	odiary	es	wikisource	y raído	2	9	yraido	4.60517
es	wikisource	ola la	2	9	olala	es	wikisource	alá lo	2	9	alalo	4.60517
es	wikisource	oro et	2	11	oroet	es	wikisource	teoro	1	7	teoro	4.564348
es	wikisource	oye sin	2	10	oyesin	es	wikisource	nise yo	2	8	niseyo	4.59512
es	wikisource	rama la	2	11	ramala	es	wikisource	al amar	2	7	alamar	4.564348
es	wikisource	ravena	1	12	ravena	es	wikisource	a nevar	2	6	anevar	4.51086
es	wikisource	rius	1	13	rius	es	wikisource	su ir	2	5	suir	4.430817
es	wikisource	rávena	1	12	ravena	es	wikisource	a nevar	2	6	anevar	4.51086
es	wikisource	sal a los	3	7	salalos	es	wikisource	sola las	2	11	solalas	4.564348
es	wikisource	sala ad	2	6	salaad	es	wikisource	da alas	2	12	daalas	4.51086
es	wikisource	sala su	2	10	salasu	es	wikisource	usa las	2	8	usalas	4.59512
es	wikisource	sara su	2	13	sarasu	es	wikisource	usarás	1	5	usaras	4.430817
es	wikisource	se da ya	3	5	sedaya	es	wikisource	ayades	1	13	ayades	4.430817
es	wikisource	si sos	2	10	sisos	es	wikisource	sosis	1	8	sosis	4.59512
es	wikisource	silos y	2	8	silosy	es	wikisource	y solís	2	10	ysolis	4.59512
es	wikisource	sinu	1	13	sinu	es	wikisource	unis	1	5	unis	4.430817
es	wikisource	sol y á	3	5	solya	es	wikisource	ay los	2	13	aylos	4.430817
es	wikisource	sola las	2	11	solalas	es	wikisource	sal a los	3	7	salalos	4.564348
es	wikisource	sola y a	3	13	solaya	es	wikisource	aya los	2	5	ayalos	4.430817
es	wikisource	solos sus	2	12	solossus	es	wikisource	sus solos	2	6	sussolos	4.51086
es	wikisource	son e	2	12	sone	es	wikisource	en os	2	6	enos	4.51086
es	wikisource	soplé	1	7	sople	es	wikisource	el pos	2	11	elpos	4.564348
es	wikisource	sosis	1	8	sosis	es	wikisource	si sos	2	10	sisos	4.59512
es	wikisource	soso y	2	11	sosoy	es	wikisource	y osos	2	7	yosos	4.564348
es	wikisource	su ir	2	5	suir	es	wikisource	rius	1	13	rius	4.430817
es	wikisource	sus solos	2	6	sussolos	es	wikisource	solos sus	2	12	solossus	4.51086
es	wikisource	séis	1	5	seis	es	wikisource	síes	1	13	sies	4.430817
es	wikisource	síes	1	13	sies	es	wikisource	séis	1	5	seis	4.430817
es	wikisource	teoro	1	7	teoro	es	wikisource	oro et	2	11	oroet	4.564348
es	wikisource	unis	1	5	unis	es	wikisource	sinu	1	13	sinu	4.430817
es	wikisource	usa las	2	8	usalas	es	wikisource	sala su	2	10	salasu	4.59512
es	wikisource	usarás	1	5	usaras	es	wikisource	sara su	2	13	sarasu	4.430817
es	wikisource	y la barra	3	7	ylabarra	es	wikisource	arrabal y	2	11	arrabaly	4.564348
es	wikisource	y osos	2	7	yosos	es	wikisource	soso y	2	11	sosoy	4.564348
es	wikisource	y raído	2	9	yraido	es	wikisource	odiar y	2	9	odiary	4.60517
es	wikisource	y rusa	2	5	yrusa	es	wikisource	a sur y	3	13	asury	4.430817
es	wikisource	y solís	2	10	ysolis	es	wikisource	silos y	2	8	silosy	4.59512
es	wikisource	y uno al	3	6	yunoal	es	wikisource	la onu y	3	12	laonuy	4.51086
es	wikisource	á ir con	3	5	aircon	es	wikisource	no cría	2	13	nocria	4.430817
es	wikisource	á mí se	3	10	amise	es	wikisource	ésima	1	8	esima	4.59512
es	wikisource	á obed	2	8	aobed	es	wikisource	debo á	2	10	deboa	4.59512
es	wikisource	ésima	1	8	esima	es	wikisource	á mí se	3	10	amise	4.59512
es	wikisource	ñoña	1	8	nona	es	wikisource	a non	2	10	anon	4.59512
es	wikisource	a babor y	3	11	ababory	es	wikisource	y robaba	2	6	yrobaba	4.430817
es	wikisource	a esse	2	12	aesse	es	wikisource	es sea	2	5	essea	4.356709
es	wikisource	a iba	2	5	aiba	es	wikisource	abia	1	12	abia	4.356709
es	wikisource	a itis	2	5	aitis	es	wikisource	sí tía	2	12	sitia	4.356709
es	wikisource	a la res	3	10	alares	es	wikisource	sera la	2	7	serala	4.477337
es	wikisource	a mamá y	3	10	amamay	es	wikisource	y a mamá	3	7	yamama	4.477337
es	wikisource	a mes	2	11	ames	es	wikisource	se ma	2	6	sema	4.430817
es	wikisource	a sala	2	11	asala	es	wikisource	alas á	2	6	alasa	4.430817
es	wikisource	abia	1	12	abia	es	wikisource	a iba	2	5	aiba	4.356709
es	wikisource	acos	1	11	acos	es	wikisource	soca	1	6	soca	4.430817
es	wikisource	acude el	2	12	acudeel	es	wikisource	le educa	2	5	leeduca	4.356709
es	wikisource	aire dos	2	5	airedos	es	wikisource	sodería	1	12	soderia	4.356709
es	wikisource	ajo con	2	8	ajocon	es	wikisource	no coja	2	9	nocoja	4.49981
es	wikisource	al iv	2	6	aliv	es	wikisource	vil a	2	11	vila	4.430817
es	wikisource	al os	2	5	alos	es	wikisource	sóla	1	12	sola	4.356709
es	wikisource	al reló	2	5	alrelo	es	wikisource	oler la	2	12	olerla	4.356709
es	wikisource	al reló	2	5	alrelo	es	wikisource	olerla	1	12	olerla	4.356709
es	wikisource	alas á	2	6	alasa	es	wikisource	a sala	2	11	asala	4.430817
es	wikisource	alen	1	8	alen	es	wikisource	ne la	2	9	nela	4.49981
es	wikisource	alle	1	8	alle	es	wikisource	élla	1	9	ella	4.49981
es	wikisource	aras a	2	7	arasa	es	wikisource	á sara	2	10	asara	4.477337
es	wikisource	aria y	2	5	ariay	es	wikisource	ya irá	2	12	yaira	4.356709
es	wikisource	ario y	2	5	arioy	es	wikisource	y oirá	2	12	yoira	4.356709
es	wikisource	ario y	2	5	arioy	es	wikisource	y oír a	3	12	yoira	4.356709
es	wikisource	aron	1	6	aron	es	wikisource	ñora	1	11	nora	4.430817
es	wikisource	arro	1	8	arro	es	wikisource	orra	1	9	orra	4.49981
es	wikisource	asao	1	12	asao	es	wikisource	o asá	2	5	oasa	4.356709
es	wikisource	asarta	1	8	asarta	es	wikisource	atrás á	2	9	atrasa	4.49981
es	wikisource	ata el	2	7	atael	es	wikisource	le ata	2	10	leata	4.477337
es	wikisource	atas	1	9	atas	es	wikisource	sata	1	8	sata	4.49981
es	wikisource	atrás á	2	9	atrasa	es	wikisource	asarta	1	8	asarta	4.49981
es	wikisource	dílo	1	8	dilo	es	wikisource	olid	1	9	olid	4.49981
es	wikisource	e irnos	2	7	eirnos	es	wikisource	sonrie	1	10	sonrie	4.477337
es	wikisource	e mal	2	6	emal	es	wikisource	la me	2	11	lame	4.430817
es	wikisource	ebal	1	7	ebal	es	wikisource	la be	2	10	labe	4.477337
es	wikisource	egas	1	12	egas	es	wikisource	sage	1	5	sage	4.356709
es	wikisource	el sodio	2	7	elsodio	es	wikisource	oídos le	2	10	oidosle	4.477337
es	wikisource	emes	1	7	emes	es	wikisource	seme	1	10	seme	4.477337
es	wikisource	es sea	2	5	essea	es	wikisource	a esse	2	12	aesse	4.356709
es	wikisource	es si los	3	7	essilos	es	wikisource	solís se	2	10	solisse	4.477337
es	wikisource	ese con	2	8	esecon	es	wikisource	no cese	2	9	nocese	4.49981
es	wikisource	hala y	2	6	halay	es	wikisource	yalah	1	11	yalah	4.430817
es	wikisource	la be	2	10	labe	es	wikisource	ebal	1	7	ebal	4.477337
es	wikisource	la me	2	11	lame	es	wikisource	e mal	2	6	emal	4.430817
es	wikisource	lavan y	2	9	lavany	es	wikisource	y naval	2	8	ynaval	4.49981
es	wikisource	le ata	2	10	leata	es	wikisource	ata el	2	7	atael	4.477337
es	wikisource	le educa	2	5	leeduca	es	wikisource	acude el	2	12	acudeel	4.356709
es	wikisource	leit	1	6	leit	es	wikisource	tí el	2	11	tiel	4.430817
es	wikisource	leonisa y	2	12	leonisay	es	wikisource	ya sino el	3	5	yasinoel	4.356709
es	wikisource	nabal y	2	7	nabaly	es	wikisource	y labán	2	10	ylaban	4.477337
es	wikisource	naon	1	9	naon	es	wikisource	no an	2	8	noan	4.49981
es	wikisource	ne la	2	9	nela	es	wikisource	alen	1	8	alen	4.49981
es	wikisource	no an	2	8	noan	es	wikisource	naon	1	9	naon	4.49981
es	wikisource	no cese	2	9	nocese	es	wikisource	ese con	2	8	esecon	4.49981
es	wikisource	no coja	2	9	nocoja	es	wikisource	ajo con	2	8	ajocon	4.49981
es	wikisource	o asá	2	5	oasa	es	wikisource	asao	1	12	asao	4.356709
es	wikisource	o no nos	3	11	ononos	es	wikisource	son ó no	3	6	sonono	4.430817
es	wikisource	o yo le	3	7	oyole	es	wikisource	él oyó	2	10	eloyo	4.477337
es	wikisource	oler la	2	12	olerla	es	wikisource	al reló	2	5	alrelo	4.356709
es	wikisource	olerla	1	12	olerla	es	wikisource	al reló	2	5	alrelo	4.356709
es	wikisource	olid	1	9	olid	es	wikisource	dílo	1	8	dilo	4.49981
es	wikisource	orra	1	9	orra	es	wikisource	arro	1	8	arro	4.49981
es	wikisource	oyole	1	7	oyole	es	wikisource	él oyó	2	10	eloyo	4.477337
es	wikisource	oídos le	2	10	oidosle	es	wikisource	el sodio	2	7	elsodio	4.477337
es	wikisource	radares	1	9	radares	es	wikisource	será dar	2	8	seradar	4.49981
es	wikisource	rado	1	11	rado	es	wikisource	ó dar	2	6	odar	4.430817
es	wikisource	redil y	2	8	redily	es	wikisource	y líder	2	9	ylider	4.49981
es	wikisource	ria y	2	6	riay	es	wikisource	y a ir	3	11	yair	4.430817
es	wikisource	sage	1	5	sage	es	wikisource	egas	1	12	egas	4.356709
es	wikisource	sata	1	8	sata	es	wikisource	atas	1	9	atas	4.49981
es	wikisource	se ma	2	6	sema	es	wikisource	a mes	2	11	ames	4.430817
es	wikisource	seme	1	10	seme	es	wikisource	emes	1	7	emes	4.477337
es	wikisource	sera la	2	7	serala	es	wikisource	a la res	3	10	alares	4.477337
es	wikisource	será dar	2	8	seradar	es	wikisource	radares	1	9	radares	4.49981
es	wikisource	será pa	2	12	serapa	es	wikisource	á pares	2	5	apares	4.356709
es	wikisource	seus	1	7	seus	es	wikisource	su es	2	10	sues	4.477337
es	wikisource	soca	1	6	soca	es	wikisource	acos	1	11	acos	4.430817
es	wikisource	sodería	1	12	soderia	es	wikisource	aire dos	2	5	airedos	4.356709
es	wikisource	solís se	2	10	solisse	es	wikisource	es si los	3	7	essilos	4.477337
es	wikisource	son ó no	3	6	sonono	es	wikisource	o no nos	3	11	ononos	4.430817
es	wikisource	sones y	2	6	sonesy	es	wikisource	y senos	2	11	ysenos	4.430817
es	wikisource	sonrie	1	10	sonrie	es	wikisource	e irnos	2	7	eirnos	4.477337
es	wikisource	su es	2	10	sues	es	wikisource	seus	1	7	seus	4.477337
es	wikisource	sí tía	2	12	sitia	es	wikisource	a itis	2	5	aitis	4.356709
es	wikisource	sóla	1	12	sola	es	wikisource	al os	2	5	alos	4.356709
es	wikisource	sóla	1	12	sola	es	wikisource	álos	1	5	alos	4.356709
es	wikisource	to la	2	5	tola	es	wikisource	á lot	2	12	alot	4.356709
es	wikisource	tí el	2	11	tiel	es	wikisource	leit	1	6	leit	4.430817
es	wikisource	vil a	2	11	vila	es	wikisource	al iv	2	6	aliv	4.430817
es	wikisource	y a ir	3	11	yair	es	wikisource	ria y	2	6	riay	4.430817
es	wikisource	y a mamá	3	7	yamama	es	wikisource	a mamá y	3	10	amamay	4.477337
es	wikisource	y labán	2	10	ylaban	es	wikisource	nabal y	2	7	nabaly	4.477337
es	wikisource	y líder	2	9	ylider	es	wikisource	redil y	2	8	redily	4.49981
es	wikisource	y naval	2	8	ynaval	es	wikisource	lavan y	2	9	lavany	4.49981
es	wikisource	y oirá	2	12	yoira	es	wikisource	ario y	2	5	arioy	4.356709
es	wikisource	y oír a	3	12	yoira	es	wikisource	ario y	2	5	arioy	4.356709
es	wikisource	y robaba	2	6	yrobaba	es	wikisource	a babor y	3	11	ababory	4.430817
es	wikisource	y senos	2	11	ysenos	es	wikisource	sones y	2	6	sonesy	4.430817
es	wikisource	ya irá	2	12	yaira	es	wikisource	aria y	2	5	ariay	4.356709
es	wikisource	ya sino el	3	5	yasinoel	es	wikisource	leonisa y	2	12	leonisay	4.356709
es	wikisource	yacuy	1	5	yacuy	es	wikisource	yucay	1	12	yucay	4.356709
es	wikisource	yalah	1	11	yalah	es	wikisource	hala y	2	6	halay	4.430817
es	wikisource	yucay	1	12	yucay	es	wikisource	yacuy	1	5	yacuy	4.356709
es	wikisource	á lot	2	12	alot	es	wikisource	to la	2	5	tola	4.356709
es	wikisource	á pares	2	5	apares	es	wikisource	será pa	2	12	serapa	4.356709
es	wikisource	á sara	2	10	asara	es	wikisource	aras a	2	7	arasa	4.477337
es	wikisource	álos	1	5	alos	es	wikisource	sóla	1	12	sola	4.356709
es	wikisource	él oyó	2	10	eloyo	es	wikisource	o yo le	3	7	oyole	4.477337
es	wikisource	él oyó	2	10	eloyo	es	wikisource	oyole	1	7	oyole	4.477337
es	wikisource	élla	1	9	ella	es	wikisource	alle	1	8	alle	4.49981
es	wikisource	ñora	1	11	nora	es	wikisource	aron	1	6	aron	4.430817
es	wikisource	ó dar	2	6	odar	es	wikisource	rado	1	11	rado	4.430817
es	wikisource	a cap	2	7	acap	es	wikisource	pa cá	2	9	paca	4.382027
es	wikisource	a dar no	3	6	adarno	es	wikisource	onrada	1	10	onrada	4.343805
es	wikisource	a la sed	3	10	alased	es	wikisource	des a la	3	6	desala	4.343805
es	wikisource	a la tesis	3	11	alatesis	es	wikisource	siseta la	2	5	sisetala	4.276666
es	wikisource	a reconocer al	3	11	areconoceral	es	wikisource	la reconocerá	2	5	lareconocera	4.276666
es	wikisource	a ser ya	3	11	aserya	es	wikisource	ayres á	2	5	ayresa	4.276666
es	wikisource	a tera	2	7	atera	es	wikisource	áreta	1	9	areta	4.382027
es	wikisource	a ti ha	3	5	atiha	es	wikisource	ahíta	1	11	ahita	4.276666
es	wikisource	ada y	2	6	aday	es	wikisource	ya da	2	10	yada	4.343805
es	wikisource	adam a	2	9	adama	es	wikisource	amad á	2	7	amada	4.382027
es	wikisource	ahíta	1	11	ahita	es	wikisource	a ti ha	3	5	atiha	4.276666
es	wikisource	ajena se	2	11	ajenase	es	wikisource	es aneja	2	5	esaneja	4.276666
es	wikisource	al ama y	3	8	alamay	es	wikisource	y ama la	3	8	yamala	4.394449
es	wikisource	amad á	2	7	amada	es	wikisource	adam a	2	9	adama	4.382027
es	wikisource	amas al	2	6	amasal	es	wikisource	las ama	2	10	lasama	4.343805
es	wikisource	amrú	1	6	amru	es	wikisource	urma	1	10	urma	4.343805
es	wikisource	amára	1	8	amara	es	wikisource	á rama	2	8	arama	4.394449
es	wikisource	aras a	2	7	arasa	es	wikisource	asar a	2	9	asara	4.382027
es	wikisource	ario y	2	5	arioy	es	wikisource	yo ir a	3	11	yoira	4.276666
es	wikisource	asa del	2	5	asadel	es	wikisource	le das a	3	11	ledasa	4.276666
es	wikisource	asar a	2	9	asara	es	wikisource	aras a	2	7	arasa	4.382027
es	wikisource	atan al	2	7	atanal	es	wikisource	lanata	1	9	lanata	4.382027
es	wikisource	atem y	2	6	atemy	es	wikisource	y meta	2	10	ymeta	4.343805
es	wikisource	atro	1	5	atro	es	wikisource	orta	1	11	orta	4.276666
es	wikisource	atán	1	8	atan	es	wikisource	ñata	1	8	nata	4.394449
es	wikisource	ayres á	2	5	ayresa	es	wikisource	a ser ya	3	11	aserya	4.276666
es	wikisource	bies	1	6	bies	es	wikisource	seib	1	10	seib	4.343805
es	wikisource	de ro	2	5	dero	es	wikisource	o red	2	11	ored	4.276666
es	wikisource	des a la	3	6	desala	es	wikisource	a la sed	3	10	alased	4.343805
es	wikisource	dra y	2	5	dray	es	wikisource	yard	1	11	yard	4.276666
es	wikisource	e ido	2	5	eido	es	wikisource	odié	1	11	odie	4.276666
es	wikisource	edad nos	2	8	edadnos	es	wikisource	sonda de	2	8	sondade	4.394449
es	wikisource	el ar	2	8	elar	es	wikisource	ra le	2	8	rale	4.394449
es	wikisource	el aya y	3	6	elayay	es	wikisource	ya ya le	3	10	yayale	4.343805
es	wikisource	elazar	1	7	elazar	es	wikisource	raza le	2	9	razale	4.382027
es	wikisource	ella hoy	2	6	ellahoy	es	wikisource	yo hallé	2	10	yohalle	4.343805
es	wikisource	elos	1	5	elos	es	wikisource	sol e	2	11	sole	4.276666
es	wikisource	elsa se	2	10	elsase	es	wikisource	ésas le	2	6	esasle	4.343805
es	wikisource	eres él	2	5	eresel	es	wikisource	le seré	2	11	lesere	4.276666
es	wikisource	eron	1	9	eron	es	wikisource	no re	2	7	nore	4.382027
es	wikisource	es aneja	2	5	esaneja	es	wikisource	ajena se	2	11	ajenase	4.276666
es	wikisource	es oro y	3	7	esoroy	es	wikisource	y oro se	3	9	yorose	4.382027
es	wikisource	esser	1	9	esser	es	wikisource	res se	2	7	resse	4.382027
es	wikisource	eu el	2	11	euel	es	wikisource	leue	1	5	leue	4.276666
es	wikisource	is es	2	7	ises	es	wikisource	sé sí	2	9	sesi	4.382027
es	wikisource	la reconocerá	2	5	lareconocera	es	wikisource	a reconocer al	3	11	areconoceral	4.276666
es	wikisource	la seis	2	7	laseis	es	wikisource	si es al	3	9	siesal	4.382027
es	wikisource	lanata	1	9	lanata	es	wikisource	atan al	2	7	atanal	4.382027
es	wikisource	las ama	2	10	lasama	es	wikisource	amas al	2	6	amasal	4.343805
es	wikisource	le das a	3	11	ledasa	es	wikisource	asa del	2	5	asadel	4.276666
es	wikisource	le noto	2	8	lenoto	es	wikisource	otón el	2	8	otonel	4.394449
es	wikisource	le seré	2	11	lesere	es	wikisource	eres él	2	5	eresel	4.276666
es	wikisource	ledo y	2	7	ledoy	es	wikisource	yo dél	2	9	yodel	4.382027
es	wikisource	leue	1	5	leue	es	wikisource	eu el	2	11	euel	4.276666
es	wikisource	llam	1	5	llam	es	wikisource	mall	1	11	mall	4.276666
es	wikisource	mall	1	11	mall	es	wikisource	llam	1	5	llam	4.276666
es	wikisource	ni sé yo	3	6	niseyo	es	wikisource	oye sin	2	10	oyesin	4.343805
es	wikisource	nin le	2	9	ninle	es	wikisource	él nin	2	7	elnin	4.382027
es	wikisource	no re	2	7	nore	es	wikisource	eron	1	9	eron	4.382027
es	wikisource	nos nos	2	11	nosnos	es	wikisource	son son	2	5	sonson	4.276666
es	wikisource	o red	2	11	ored	es	wikisource	de ro	2	5	dero	4.276666
es	wikisource	odié	1	11	odie	es	wikisource	e ido	2	5	eido	4.276666
es	wikisource	onrada	1	10	onrada	es	wikisource	a dar no	3	6	adarno	4.343805
es	wikisource	onís	1	11	onis	es	wikisource	sin o	2	5	sino	4.276666
es	wikisource	ora nos	2	11	oranos	es	wikisource	soñar o	2	5	sonaro	4.276666
es	wikisource	orta	1	11	orta	es	wikisource	atro	1	5	atro	4.276666
es	wikisource	otón el	2	8	otonel	es	wikisource	le noto	2	8	lenoto	4.394449
es	wikisource	oye sin	2	10	oyesin	es	wikisource	ni sé yo	3	6	niseyo	4.343805
es	wikisource	pa cá	2	9	paca	es	wikisource	a cap	2	7	acap	4.382027
es	wikisource	ra le	2	8	rale	es	wikisource	el ar	2	8	elar	4.394449
es	wikisource	raza le	2	9	razale	es	wikisource	elazar	1	7	elazar	4.382027
es	wikisource	res se	2	7	resse	es	wikisource	esser	1	9	esser	4.382027
es	wikisource	sana los	2	7	sanalos	es	wikisource	solanas	1	9	solanas	4.382027
es	wikisource	saña los	2	7	sanalos	es	wikisource	solanas	1	9	solanas	4.382027
es	wikisource	seib	1	10	seib	es	wikisource	bies	1	6	bies	4.343805
es	wikisource	si es al	3	9	siesal	es	wikisource	la seis	2	7	laseis	4.382027
es	wikisource	si los y	3	6	silosy	es	wikisource	y solís	2	10	ysolis	4.343805
es	wikisource	sin o	2	5	sino	es	wikisource	onís	1	11	onis	4.276666
es	wikisource	siseta la	2	5	sisetala	es	wikisource	a la tesis	3	11	alatesis	4.276666
es	wikisource	sol e	2	11	sole	es	wikisource	elos	1	5	elos	4.276666
es	wikisource	solanas	1	9	solanas	es	wikisource	sana los	2	7	sanalos	4.382027
es	wikisource	solanas	1	9	solanas	es	wikisource	saña los	2	7	sanalos	4.382027
es	wikisource	son son	2	5	sonson	es	wikisource	nos nos	2	11	nosnos	4.276666
es	wikisource	sonda de	2	8	sondade	es	wikisource	edad nos	2	8	edadnos	4.394449
es	wikisource	soñar o	2	5	sonaro	es	wikisource	ora nos	2	11	oranos	4.276666
es	wikisource	soñaré	1	10	sonare	es	wikisource	éranos	1	6	eranos	4.343805
es	wikisource	sé sí	2	9	sesi	es	wikisource	is es	2	7	ises	4.382027
es	wikisource	urma	1	10	urma	es	wikisource	amrú	1	6	amru	4.343805
es	wikisource	y ama la	3	8	yamala	es	wikisource	al ama y	3	8	alamay	4.394449
es	wikisource	y meta	2	10	ymeta	es	wikisource	atem y	2	6	atemy	4.343805
es	wikisource	y oro se	3	9	yorose	es	wikisource	es oro y	3	7	esoroy	4.382027
es	wikisource	y solís	2	10	ysolis	es	wikisource	si los y	3	6	silosy	4.343805
es	wikisource	ya da	2	10	yada	es	wikisource	ada y	2	6	aday	4.343805
es	wikisource	ya ya le	3	10	yayale	es	wikisource	el aya y	3	6	elayay	4.343805
es	wikisource	yard	1	11	yard	es	wikisource	dra y	2	5	dray	4.276666
es	wikisource	yo dél	2	9	yodel	es	wikisource	ledo y	2	7	ledoy	4.382027
es	wikisource	yo hallé	2	10	yohalle	es	wikisource	ella hoy	2	6	ellahoy	4.343805
es	wikisource	yo ir a	3	11	yoira	es	wikisource	ario y	2	5	arioy	4.276666
es	wikisource	á rama	2	8	arama	es	wikisource	amára	1	8	amara	4.394449
es	wikisource	á saco	2	9	asaco	es	wikisource	ó casa	2	7	ocasa	4.382027
es	wikisource	áreta	1	9	areta	es	wikisource	a tera	2	7	atera	4.382027
es	wikisource	él nin	2	7	elnin	es	wikisource	nin le	2	9	ninle	4.382027
es	wikisource	éranos	1	6	eranos	es	wikisource	soñaré	1	10	sonare	4.343805
es	wikisource	ésas le	2	6	esasle	es	wikisource	elsa se	2	10	elsase	4.343805
es	wikisource	ñas o	2	11	naso	es	wikisource	ó san	2	5	osan	4.276666
es	wikisource	ñata	1	8	nata	es	wikisource	atán	1	8	atan	4.394449
es	wikisource	ó casa	2	7	ocasa	es	wikisource	á saco	2	9	asaco	4.382027
es	wikisource	ó san	2	5	osan	es	wikisource	ñas o	2	11	naso	4.276666
es	wikisource	a la res	3	10	alares	es	wikisource	ser á la	3	5	serala	4.189655
es	wikisource	a lid	2	8	alid	es	wikisource	dí la	2	7	dila	4.276666
es	wikisource	a mi se	3	7	amise	es	wikisource	ésima	1	8	esima	4.276666
es	wikisource	a res	2	9	ares	es	wikisource	sér á	2	6	sera	4.248495
es	wikisource	abad o	2	5	abado	es	wikisource	o daba	2	10	odaba	4.189655
es	wikisource	abib	1	9	abib	es	wikisource	biba	1	6	biba	4.248495
es	wikisource	adán le	2	5	adanle	es	wikisource	el nada	2	10	elnada	4.189655
es	wikisource	ai de	2	8	aide	es	wikisource	e día	2	7	edia	4.276666
es	wikisource	aislé	1	5	aisle	es	wikisource	el sí a	3	10	elsia	4.189655
es	wikisource	al año las	3	5	alanolas	es	wikisource	salón a la	3	10	salonala	4.189655
es	wikisource	al rio y	3	5	alrioy	es	wikisource	y oír la	3	10	yoirla	4.189655
es	wikisource	ala sur	2	5	alasur	es	wikisource	rusa la	2	10	rusala	4.189655
es	wikisource	aladi	1	10	aladi	es	wikisource	id á la	3	5	idala	4.189655
es	wikisource	anac	1	8	anac	es	wikisource	caná	1	7	cana	4.276666
es	wikisource	arenac	1	6	arenac	es	wikisource	cañera	1	9	canera	4.248495
es	wikisource	arta	1	5	arta	es	wikisource	atra	1	10	atra	4.189655
es	wikisource	atra	1	10	atra	es	wikisource	arta	1	5	arta	4.189655
es	wikisource	ayala se	2	5	ayalase	es	wikisource	esa laya	2	10	esalaya	4.189655
es	wikisource	aísle	1	5	aisle	es	wikisource	el sí a	3	10	elsia	4.189655
es	wikisource	biba	1	6	biba	es	wikisource	abib	1	9	abib	4.248495
es	wikisource	caná	1	7	cana	es	wikisource	anac	1	8	anac	4.276666
es	wikisource	casis	1	8	casis	es	wikisource	sisac	1	7	sisac	4.276666
es	wikisource	cañera	1	9	canera	es	wikisource	arenac	1	6	arenac	4.248495
es	wikisource	de ram	2	6	deram	es	wikisource	mared	1	9	mared	4.248495
es	wikisource	de so	2	9	deso	es	wikisource	o sed	2	6	osed	4.248495
es	wikisource	dí la	2	7	dila	es	wikisource	a lid	2	8	alid	4.276666
es	wikisource	e día	2	7	edia	es	wikisource	ai de	2	8	aide	4.276666
es	wikisource	e suo	2	7	esuo	es	wikisource	o use	2	8	ouse	4.276666
es	wikisource	edecán y	2	7	edecany	es	wikisource	y nace de	3	8	ynacede	4.276666
es	wikisource	el nada	2	10	elnada	es	wikisource	adán le	2	5	adanle	4.189655
es	wikisource	el sí a	3	10	elsia	es	wikisource	aislé	1	5	aisle	4.189655
es	wikisource	el sí a	3	10	elsia	es	wikisource	aísle	1	5	aisle	4.189655
es	wikisource	elim	1	8	elim	es	wikisource	mil é	2	7	mile	4.276666
es	wikisource	en el es	3	8	eneles	es	wikisource	selene	1	7	selene	4.276666
es	wikisource	er sol	2	5	ersol	es	wikisource	los re	2	10	losre	4.189655
es	wikisource	es a el	3	7	esael	es	wikisource	lea se	2	8	lease	4.276666
es	wikisource	es son	2	6	esson	es	wikisource	nosse	1	9	nosse	4.248495
es	wikisource	esa del	2	10	esadel	es	wikisource	leda se	2	5	ledase	4.189655
es	wikisource	esa laya	2	10	esalaya	es	wikisource	ayala se	2	5	ayalase	4.189655
es	wikisource	id á la	3	5	idala	es	wikisource	aladi	1	10	aladi	4.189655
es	wikisource	iram	1	8	iram	es	wikisource	marí	1	7	mari	4.276666
es	wikisource	isayo y	2	6	isayoy	es	wikisource	yo y así	3	9	yoyasi	4.248495
es	wikisource	iv lo	2	7	ivlo	es	wikisource	olvi	1	8	olvi	4.276666
es	wikisource	ivón	1	9	ivon	es	wikisource	no ví	2	6	novi	4.248495
es	wikisource	las amo	2	9	lasamo	es	wikisource	o más al	3	6	omasal	4.248495
es	wikisource	lea se	2	8	lease	es	wikisource	es a el	3	7	esael	4.276666
es	wikisource	leal et	2	10	lealet	es	wikisource	tela el	2	5	telael	4.189655
es	wikisource	leda se	2	5	ledase	es	wikisource	esa del	2	10	esadel	4.189655
es	wikisource	lo ser	2	6	loser	es	wikisource	resol	1	9	resol	4.248495
es	wikisource	los re	2	10	losre	es	wikisource	er sol	2	5	ersol	4.189655
es	wikisource	mara y	2	10	maray	es	wikisource	y aram	2	5	yaram	4.189655
es	wikisource	mared	1	9	mared	es	wikisource	de ram	2	6	deram	4.248495
es	wikisource	marí	1	7	mari	es	wikisource	iram	1	8	iram	4.276666
es	wikisource	mil é	2	7	mile	es	wikisource	elim	1	8	elim	4.276666
es	wikisource	mutan	1	8	mutan	es	wikisource	natum	1	7	natum	4.276666
es	wikisource	natum	1	7	natum	es	wikisource	mutan	1	8	mutan	4.276666
es	wikisource	no calles	2	10	nocalles	es	wikisource	sella con	2	5	sellacon	4.189655
es	wikisource	no sos	2	10	nosos	es	wikisource	sosón	1	5	soson	4.189655
es	wikisource	no ví	2	6	novi	es	wikisource	ivón	1	9	ivon	4.248495
es	wikisource	nos et	2	5	noset	es	wikisource	teson	1	10	teson	4.189655
es	wikisource	nosse	1	9	nosse	es	wikisource	es son	2	6	esson	4.248495
es	wikisource	o daba	2	10	odaba	es	wikisource	abad o	2	5	abado	4.189655
es	wikisource	o eso	2	6	oeso	es	wikisource	óseo	1	9	oseo	4.248495
es	wikisource	o más al	3	6	omasal	es	wikisource	las amo	2	9	lasamo	4.248495
es	wikisource	o nones	2	5	onones	es	wikisource	seno no	2	10	senono	4.189655
es	wikisource	o sed	2	6	osed	es	wikisource	de so	2	9	deso	4.248495
es	wikisource	o use	2	8	ouse	es	wikisource	e suo	2	7	esuo	4.276666
es	wikisource	obús y	2	5	obusy	es	wikisource	y subo	2	10	ysubo	4.189655
es	wikisource	oir á	2	10	oira	es	wikisource	á río	2	5	ario	4.189655
es	wikisource	olvi	1	8	olvi	es	wikisource	iv lo	2	7	ivlo	4.276666
es	wikisource	os ama y	3	9	osamay	es	wikisource	ya más o	3	6	yamaso	4.248495
es	wikisource	osa iv	2	6	osaiv	es	wikisource	vías o	2	9	viaso	4.248495
es	wikisource	oyó le	2	5	oyole	es	wikisource	él oyó	2	10	eloyo	4.189655
es	wikisource	resol	1	9	resol	es	wikisource	lo ser	2	6	loser	4.248495
es	wikisource	rio á	2	6	rioa	es	wikisource	á oír	2	9	aoir	4.248495
es	wikisource	rusa la	2	10	rusala	es	wikisource	ala sur	2	5	alasur	4.189655
es	wikisource	río iv	2	5	rioiv	es	wikisource	vio ir	2	10	vioir	4.189655
es	wikisource	salón a la	3	10	salonala	es	wikisource	al año las	3	5	alanolas	4.189655
es	wikisource	selene	1	7	selene	es	wikisource	en el es	3	8	eneles	4.276666
es	wikisource	sella con	2	5	sellacon	es	wikisource	no calles	2	10	nocalles	4.189655
es	wikisource	seno no	2	10	senono	es	wikisource	o nones	2	5	onones	4.189655
es	wikisource	ser á la	3	5	serala	es	wikisource	a la res	3	10	alares	4.189655
es	wikisource	sisac	1	7	sisac	es	wikisource	casis	1	8	casis	4.276666
es	wikisource	solos le	2	10	solosle	es	wikisource	él solos	2	5	elsolos	4.189655
es	wikisource	sora y	2	9	soray	es	wikisource	y aros	2	6	yaros	4.248495
es	wikisource	sosón	1	5	soson	es	wikisource	no sos	2	10	nosos	4.189655
es	wikisource	sér á	2	6	sera	es	wikisource	a res	2	9	ares	4.248495
es	wikisource	sólo yo y	3	8	soloyoy	es	wikisource	y oyó los	3	7	yoyolos	4.276666
es	wikisource	tela el	2	5	telael	es	wikisource	leal et	2	10	lealet	4.189655
es	wikisource	teson	1	10	teson	es	wikisource	nos et	2	5	noset	4.189655
es	wikisource	tía te	2	5	tiate	es	wikisource	était	1	10	etait	4.189655
es	wikisource	vio ir	2	10	vioir	es	wikisource	río iv	2	5	rioiv	4.189655
es	wikisource	vías o	2	9	viaso	es	wikisource	osa iv	2	6	osaiv	4.248495
es	wikisource	y aram	2	5	yaram	es	wikisource	mara y	2	10	maray	4.189655
es	wikisource	y aros	2	6	yaros	es	wikisource	sora y	2	9	soray	4.248495
es	wikisource	y iv y	3	5	yivy	es	wikisource	y vi y	3	10	yviy	4.189655
es	wikisource	y nace de	3	8	ynacede	es	wikisource	edecán y	2	7	edecany	4.276666
es	wikisource	y oyó los	3	7	yoyolos	es	wikisource	sólo yo y	3	8	soloyoy	4.276666
es	wikisource	y oír la	3	10	yoirla	es	wikisource	al rio y	3	5	alrioy	4.189655
es	wikisource	y subo	2	10	ysubo	es	wikisource	obús y	2	5	obusy	4.189655
es	wikisource	y vi y	3	10	yviy	es	wikisource	y iv y	3	5	yivy	4.189655
es	wikisource	ya más o	3	6	yamaso	es	wikisource	os ama y	3	9	osamay	4.248495
es	wikisource	yo y así	3	9	yoyasi	es	wikisource	isayo y	2	6	isayoy	4.248495
es	wikisource	á oír	2	9	aoir	es	wikisource	rio á	2	6	rioa	4.248495
es	wikisource	á río	2	5	ario	es	wikisource	oir á	2	10	oira	4.189655
es	wikisource	él oyó	2	10	eloyo	es	wikisource	oyó le	2	5	oyole	4.189655
es	wikisource	él solos	2	5	elsolos	es	wikisource	solos le	2	10	solosle	4.189655
es	wikisource	ésima	1	8	esima	es	wikisource	a mi se	3	7	amise	4.276666
es	wikisource	était	1	10	etait	es	wikisource	tía te	2	5	tiate	4.189655
es	wikisource	óseo	1	9	oseo	es	wikisource	o eso	2	6	oeso	4.248495
es	wikisource	a dis	2	7	adis	es	wikisource	sí da	2	7	sida	4.158883
es	wikisource	a la tan	3	7	alatan	es	wikisource	natal a	2	7	natala	4.158883
es	wikisource	a madres	2	6	amadres	es	wikisource	ser dama	2	8	serdama	4.143135
es	wikisource	a neso	2	6	aneso	es	wikisource	o seña	2	8	osena	4.143135
es	wikisource	a nos el	3	9	anosel	es	wikisource	le son a	3	5	lesona	4.094345
es	wikisource	a sal	2	8	asal	es	wikisource	lasa	1	6	lasa	4.143135
es	wikisource	a su sol	3	5	asusol	es	wikisource	los usa	2	9	losusa	4.094345
es	wikisource	ager	1	9	ager	es	wikisource	rega	1	5	rega	4.094345
es	wikisource	agre	1	5	agre	es	wikisource	erga	1	9	erga	4.094345
es	wikisource	aide	1	7	aide	es	wikisource	e día	2	7	edia	4.158883
es	wikisource	al rada	2	9	alrada	es	wikisource	á darla	2	5	adarla	4.094345
es	wikisource	allí tus	2	5	allitus	es	wikisource	sutil la	2	9	sutilla	4.094345
es	wikisource	amon	1	9	amon	es	wikisource	no má	2	5	noma	4.094345
es	wikisource	apopa y	2	5	apopay	es	wikisource	y a popa	3	9	yapopa	4.094345
es	wikisource	arado los	2	5	aradolos	es	wikisource	sólo dará	2	9	solodara	4.094345
es	wikisource	aranés	1	9	aranes	es	wikisource	senara	1	5	senara	4.094345
es	wikisource	ase el	2	8	aseel	es	wikisource	lees a	2	6	leesa	4.143135
es	wikisource	aseo se	2	5	aseose	es	wikisource	eso es a	3	9	esoesa	4.094345
es	wikisource	atina a	2	9	atinaa	es	wikisource	á anita	2	5	aanita	4.094345
es	wikisource	camus	1	6	camus	es	wikisource	sumac	1	8	sumac	4.143135
es	wikisource	cápac y	2	5	capacy	es	wikisource	y capac	2	9	ycapac	4.094345
es	wikisource	dari	1	8	dari	es	wikisource	irad	1	6	irad	4.143135
es	wikisource	de von	2	9	devon	es	wikisource	no ved	2	5	noved	4.094345
es	wikisource	e día	2	7	edia	es	wikisource	aide	1	7	aide	4.158883
es	wikisource	egle	1	8	egle	es	wikisource	el ge	2	6	elge	4.143135
es	wikisource	el ael	2	5	elael	es	wikisource	leale	1	9	leale	4.094345
es	wikisource	el avo	2	9	elavo	es	wikisource	o vale	2	5	ovale	4.094345
es	wikisource	el ge	2	6	elge	es	wikisource	egle	1	8	egle	4.143135
es	wikisource	el son y	3	6	elsony	es	wikisource	y nos le	3	8	ynosle	4.143135
es	wikisource	elim	1	8	elim	es	wikisource	mile	1	6	mile	4.143135
es	wikisource	en non	2	6	ennon	es	wikisource	nonne	1	8	nonne	4.143135
es	wikisource	erga	1	9	erga	es	wikisource	agre	1	5	agre	4.094345
es	wikisource	ese al	2	7	eseal	es	wikisource	la ese	2	7	laese	4.158883
es	wikisource	ese son	2	9	eseson	es	wikisource	no sé se	3	5	nosese	4.094345
es	wikisource	eso es a	3	9	esoesa	es	wikisource	aseo se	2	5	aseose	4.094345
es	wikisource	eílos	1	8	eilos	es	wikisource	solie	1	6	solie	4.143135
es	wikisource	ines	1	9	ines	es	wikisource	se ni	2	5	seni	4.094345
es	wikisource	irad	1	6	irad	es	wikisource	dari	1	8	dari	4.143135
es	wikisource	ises	1	5	ises	es	wikisource	sé sí	2	9	sesi	4.094345
es	wikisource	la ese	2	7	laese	es	wikisource	ese al	2	7	eseal	4.158883
es	wikisource	la turbó	2	9	laturbo	es	wikisource	o brutal	2	5	obrutal	4.094345
es	wikisource	lasa	1	6	lasa	es	wikisource	a sal	2	8	asal	4.143135
es	wikisource	le son a	3	5	lesona	es	wikisource	a nos el	3	9	anosel	4.094345
es	wikisource	leal lo	2	8	leallo	es	wikisource	olla el	2	6	ollael	4.143135
es	wikisource	leal o	2	9	lealo	es	wikisource	ola el	2	5	olael	4.094345
es	wikisource	leale	1	9	leale	es	wikisource	el ael	2	5	elael	4.094345
es	wikisource	lees a	2	6	leesa	es	wikisource	ase el	2	8	aseel	4.143135
es	wikisource	los nulos	2	6	losnulos	es	wikisource	sol un sol	3	8	solunsol	4.143135
es	wikisource	los usa	2	9	losusa	es	wikisource	a su sol	3	5	asusol	4.094345
es	wikisource	léalo	1	9	lealo	es	wikisource	ola el	2	5	olael	4.094345
es	wikisource	mile	1	6	mile	es	wikisource	elim	1	8	elim	4.143135
es	wikisource	natal a	2	7	natala	es	wikisource	a la tan	3	7	alatan	4.158883
es	wikisource	neón	1	8	neon	es	wikisource	nó en	2	6	noen	4.143135
es	wikisource	niet	1	9	niet	es	wikisource	te in	2	5	tein	4.094345
es	wikisource	ninón	1	9	ninon	es	wikisource	non in	2	5	nonin	4.094345
es	wikisource	no crió	2	9	nocrio	es	wikisource	oir con	2	5	oircon	4.094345
es	wikisource	no má	2	5	noma	es	wikisource	amon	1	9	amon	4.094345
es	wikisource	no sé se	3	5	nosese	es	wikisource	ese son	2	9	eseson	4.094345
es	wikisource	no ved	2	5	noved	es	wikisource	de von	2	9	devon	4.094345
es	wikisource	non in	2	5	nonin	es	wikisource	ninón	1	9	ninon	4.094345
es	wikisource	nonne	1	8	nonne	es	wikisource	en non	2	6	ennon	4.143135
es	wikisource	nó en	2	6	noen	es	wikisource	neón	1	8	neon	4.143135
es	wikisource	o brutal	2	5	obrutal	es	wikisource	la turbó	2	9	laturbo	4.094345
es	wikisource	o ir a	3	9	oira	es	wikisource	á río	2	5	ario	4.094345
es	wikisource	o no yo	3	6	onoyo	es	wikisource	oyó no	2	8	oyono	4.143135
es	wikisource	o reparar	2	8	oreparar	es	wikisource	rara pero	2	6	rarapero	4.143135
es	wikisource	o seña	2	8	osena	es	wikisource	a neso	2	6	aneso	4.143135
es	wikisource	o vale	2	5	ovale	es	wikisource	el avo	2	9	elavo	4.094345
es	wikisource	o yo le	3	7	oyole	es	wikisource	él o yo	3	7	eloyo	4.158883
es	wikisource	oir con	2	5	oircon	es	wikisource	no crió	2	9	nocrio	4.094345
es	wikisource	ola el	2	5	olael	es	wikisource	leal o	2	9	lealo	4.094345
es	wikisource	ola el	2	5	olael	es	wikisource	léalo	1	9	lealo	4.094345
es	wikisource	olla el	2	6	ollael	es	wikisource	leal lo	2	8	leallo	4.143135
es	wikisource	oyole	1	7	oyole	es	wikisource	él o yo	3	7	eloyo	4.158883
es	wikisource	oyó no	2	8	oyono	es	wikisource	o no yo	3	6	onoyo	4.143135
es	wikisource	rajás	1	5	rajas	es	wikisource	sajar	1	9	sajar	4.094345
es	wikisource	rara pero	2	6	rarapero	es	wikisource	o reparar	2	8	oreparar	4.143135
es	wikisource	rega	1	5	rega	es	wikisource	ager	1	9	ager	4.094345
es	wikisource	rives	1	6	rives	es	wikisource	sevir	1	8	sevir	4.143135
es	wikisource	sajar	1	9	sajar	es	wikisource	rajás	1	5	rajas	4.094345
es	wikisource	salaces	1	5	salaces	es	wikisource	seca las	2	9	secalas	4.094345
es	wikisource	salutis	1	9	salutis	es	wikisource	si tú las	3	5	situlas	4.094345
es	wikisource	salá	1	5	sala	es	wikisource	álas	1	9	alas	4.094345
es	wikisource	saut	1	6	saut	es	wikisource	tuas	1	8	tuas	4.143135
es	wikisource	se ni	2	5	seni	es	wikisource	ines	1	9	ines	4.094345
es	wikisource	seca las	2	9	secalas	es	wikisource	salaces	1	5	salaces	4.094345
es	wikisource	seit	1	8	seit	es	wikisource	ties	1	6	ties	4.143135
es	wikisource	senara	1	5	senara	es	wikisource	aranés	1	9	aranes	4.094345
es	wikisource	ser dama	2	8	serdama	es	wikisource	a madres	2	6	amadres	4.143135
es	wikisource	sevir	1	8	sevir	es	wikisource	rives	1	6	rives	4.143135
es	wikisource	si tú las	3	5	situlas	es	wikisource	salutis	1	9	salutis	4.094345
es	wikisource	sol un sol	3	8	solunsol	es	wikisource	los nulos	2	6	losnulos	4.143135
es	wikisource	solie	1	6	solie	es	wikisource	eílos	1	8	eilos	4.143135
es	wikisource	sos y	2	7	sosy	es	wikisource	y sos	2	7	ysos	4.158883
es	wikisource	sumac	1	8	sumac	es	wikisource	camus	1	6	camus	4.143135
es	wikisource	sutil la	2	9	sutilla	es	wikisource	allí tus	2	5	allitus	4.094345
es	wikisource	sé sí	2	9	sesi	es	wikisource	ises	1	5	ises	4.094345
es	wikisource	sí da	2	7	sida	es	wikisource	a dis	2	7	adis	4.158883
es	wikisource	sólo dará	2	9	solodara	es	wikisource	arado los	2	5	aradolos	4.094345
es	wikisource	te in	2	5	tein	es	wikisource	niet	1	9	niet	4.094345
es	wikisource	ties	1	6	ties	es	wikisource	seit	1	8	seit	4.143135
es	wikisource	tuas	1	8	tuas	es	wikisource	saut	1	6	saut	4.143135
es	wikisource	y a popa	3	9	yapopa	es	wikisource	apopa y	2	5	apopay	4.094345
es	wikisource	y capac	2	9	ycapac	es	wikisource	cápac y	2	5	capacy	4.094345
es	wikisource	y nos le	3	8	ynosle	es	wikisource	el son y	3	6	elsony	4.143135
es	wikisource	y sos	2	7	ysos	es	wikisource	sos y	2	7	sosy	4.158883
es	wikisource	á anita	2	5	aanita	es	wikisource	atina a	2	9	atinaa	4.094345
es	wikisource	á darla	2	5	adarla	es	wikisource	al rada	2	9	alrada	4.094345
es	wikisource	á río	2	5	ario	es	wikisource	o ir a	3	9	oira	4.094345
es	wikisource	álas	1	9	alas	es	wikisource	salá	1	5	sala	4.094345
es	wikisource	él o yo	3	7	eloyo	es	wikisource	o yo le	3	7	oyole	4.158883
es	wikisource	él o yo	3	7	eloyo	es	wikisource	oyole	1	7	oyole	4.158883
es	wikisource	a asir	2	8	aasir	es	wikisource	risa á	2	5	risaa	3.988984
es	wikisource	a dama	2	6	adama	es	wikisource	amad á	2	7	amada	4.025352
es	wikisource	a el le	3	8	aelle	es	wikisource	elle a	2	5	ellea	3.988984
es	wikisource	a itis	2	5	aitis	es	wikisource	sitia	1	8	sitia	3.988984
es	wikisource	a la tan	3	7	alatan	es	wikisource	nata la	2	6	natala	4.025352
es	wikisource	a suez	2	6	asuez	es	wikisource	zeus a	2	7	zeusa	4.025352
es	wikisource	a toby	2	5	atoby	es	wikisource	y bota	2	8	ybota	3.988984
es	wikisource	agu y	2	6	aguy	es	wikisource	yuga	1	7	yuga	4.025352
es	wikisource	aisa	1	8	aisa	es	wikisource	á sí á	3	5	asia	3.988984
es	wikisource	al iv	2	6	aliv	es	wikisource	ví la	2	7	vila	4.025352
es	wikisource	al odio la	3	5	alodiola	es	wikisource	al oído la	3	8	aloidola	3.988984
es	wikisource	al oído la	3	8	aloidola	es	wikisource	al odio la	3	5	alodiola	3.988984
es	wikisource	alojaba y	2	5	alojabay	es	wikisource	y abajo la	3	8	yabajola	3.988984
es	wikisource	amad á	2	7	amada	es	wikisource	a dama	2	6	adama	4.025352
es	wikisource	ames y	2	8	amesy	es	wikisource	y sema	2	5	ysema	3.988984
es	wikisource	ana don	2	5	anadon	es	wikisource	no dan a	3	8	nodana	3.988984
es	wikisource	anal	1	6	anal	es	wikisource	la na	2	7	lana	4.025352
es	wikisource	animes	1	8	animes	es	wikisource	semina	1	5	semina	3.988984
es	wikisource	araños	1	5	aranos	es	wikisource	soñará	1	8	sonara	3.988984
es	wikisource	asa con	2	5	asacon	es	wikisource	no casa	2	8	nocasa	3.988984
es	wikisource	ata al	2	5	ataal	es	wikisource	la ata	2	8	laata	3.988984
es	wikisource	e amor	2	6	eamor	es	wikisource	roma e	2	7	romae	4.025352
es	wikisource	e san	2	6	esan	es	wikisource	na se	2	7	nase	4.025352
es	wikisource	edad a las	3	6	edadalas	es	wikisource	salada de	2	7	saladade	4.025352
es	wikisource	el anual	2	5	elanual	es	wikisource	la una le	3	8	launale	3.988984
es	wikisource	el bag	2	7	elbag	es	wikisource	gable	1	6	gable	4.025352
es	wikisource	el iii	2	6	eliii	es	wikisource	iii le	2	7	iiile	4.025352
es	wikisource	el lam	2	5	ellam	es	wikisource	malle	1	8	malle	3.988984
es	wikisource	el oírle	2	8	eloirle	es	wikisource	el río le	3	5	elriole	3.988984
es	wikisource	el río le	3	5	elriole	es	wikisource	el oírle	2	8	eloirle	3.988984
es	wikisource	elle a	2	5	ellea	es	wikisource	a el le	3	8	aelle	3.988984
es	wikisource	eolos	1	5	eolos	es	wikisource	solo e	2	8	soloe	3.988984
es	wikisource	ep al	2	8	epal	es	wikisource	la pe	2	5	lape	3.988984
es	wikisource	era ido	2	8	eraido	es	wikisource	odiaré	1	5	odiare	3.988984
es	wikisource	esses	1	5	esses	es	wikisource	sessé	1	8	sesse	3.988984
es	wikisource	et ait	2	8	etait	es	wikisource	tía te	2	5	tiate	3.988984
es	wikisource	etait	1	8	etait	es	wikisource	tía te	2	5	tiate	3.988984
es	wikisource	gable	1	6	gable	es	wikisource	el bag	2	7	elbag	4.025352
es	wikisource	gnos	1	5	gnos	es	wikisource	song	1	8	song	3.988984
es	wikisource	ha es	2	6	haes	es	wikisource	seah	1	7	seah	4.025352
es	wikisource	iii le	2	7	iiile	es	wikisource	el iii	2	6	eliii	4.025352
es	wikisource	la ata	2	8	laata	es	wikisource	ata al	2	5	ataal	3.988984
es	wikisource	la mis	2	7	lamis	es	wikisource	sí mal	2	6	simal	4.025352
es	wikisource	la na	2	7	lana	es	wikisource	anal	1	6	anal	4.025352
es	wikisource	la pe	2	5	lape	es	wikisource	ep al	2	8	epal	3.988984
es	wikisource	la una le	3	8	launale	es	wikisource	el anual	2	5	elanual	3.988984
es	wikisource	lar y	2	6	lary	es	wikisource	yr al	2	7	yral	4.025352
es	wikisource	le oyes	2	7	leoyes	es	wikisource	sé yo el	3	6	seyoel	4.025352
es	wikisource	le vi no	3	5	levino	es	wikisource	o nivel	2	8	onivel	3.988984
es	wikisource	lea lo	2	8	lealo	es	wikisource	ola el	2	5	olael	3.988984
es	wikisource	leo los	2	7	leolos	es	wikisource	sol o el	3	6	soloel	4.025352
es	wikisource	levino	1	5	levino	es	wikisource	o nivel	2	8	onivel	3.988984
es	wikisource	malle	1	8	malle	es	wikisource	el lam	2	5	ellam	3.988984
es	wikisource	morts	1	7	morts	es	wikisource	strom	1	6	strom	4.025352
es	wikisource	na se	2	7	nase	es	wikisource	e san	2	6	esan	4.025352
es	wikisource	nata la	2	6	natala	es	wikisource	a la tan	3	7	alatan	4.025352
es	wikisource	ni seres	2	5	niseres	es	wikisource	seré sin	2	8	seresin	3.988984
es	wikisource	ni tomó	2	8	nitomo	es	wikisource	o motín	2	5	omotin	3.988984
es	wikisource	no casa	2	8	nocasa	es	wikisource	asa con	2	5	asacon	3.988984
es	wikisource	no dais	2	8	nodais	es	wikisource	si a don	3	5	siadon	3.988984
es	wikisource	no dais	2	8	nodais	es	wikisource	sí a don	3	5	siadon	3.988984
es	wikisource	no dan a	3	8	nodana	es	wikisource	ana don	2	5	anadon	3.988984
es	wikisource	nuovo	1	8	nuovo	es	wikisource	ovo un	2	5	ovoun	3.988984
es	wikisource	nájar	1	5	najar	es	wikisource	rajan	1	8	rajan	3.988984
es	wikisource	o daly	2	5	odaly	es	wikisource	y lado	2	8	ylado	3.988984
es	wikisource	o motín	2	5	omotin	es	wikisource	ni tomó	2	8	nitomo	3.988984
es	wikisource	o nivel	2	8	onivel	es	wikisource	le vi no	3	5	levino	3.988984
es	wikisource	o nivel	2	8	onivel	es	wikisource	levino	1	5	levino	3.988984
es	wikisource	o se nos	3	7	osenos	es	wikisource	son eso	2	6	soneso	4.025352
es	wikisource	odiaré	1	5	odiare	es	wikisource	era ido	2	8	eraido	3.988984
es	wikisource	ojas	1	7	ojas	es	wikisource	sajó	1	6	sajo	4.025352
es	wikisource	ola el	2	5	olael	es	wikisource	lea lo	2	8	lealo	3.988984
es	wikisource	olés	1	6	oles	es	wikisource	sélo	1	7	selo	4.025352
es	wikisource	ovo un	2	5	ovoun	es	wikisource	nuovo	1	8	nuovo	3.988984
es	wikisource	oyes y	2	5	oyesy	es	wikisource	y sé yo	3	8	yseyo	3.988984
es	wikisource	rajan	1	8	rajan	es	wikisource	nájar	1	5	najar	3.988984
es	wikisource	reves	1	6	reves	es	wikisource	se ver	2	7	sever	4.025352
es	wikisource	risa á	2	5	risaa	es	wikisource	a asir	2	8	aasir	3.988984
es	wikisource	roma e	2	7	romae	es	wikisource	e amor	2	6	eamor	4.025352
es	wikisource	sajó	1	6	sajo	es	wikisource	ojas	1	7	ojas	4.025352
es	wikisource	salada de	2	7	saladade	es	wikisource	edad a las	3	6	edadalas	4.025352
es	wikisource	se ver	2	7	sever	es	wikisource	reves	1	6	reves	4.025352
es	wikisource	seah	1	7	seah	es	wikisource	ha es	2	6	haes	4.025352
es	wikisource	seis le	2	6	seisle	es	wikisource	él si es	3	7	elsies	4.025352
es	wikisource	semina	1	5	semina	es	wikisource	animes	1	8	animes	3.988984
es	wikisource	seron	1	6	seron	es	wikisource	ñores	1	7	nores	4.025352
es	wikisource	serus	1	7	serus	es	wikisource	sures	1	6	sures	4.025352
es	wikisource	seré sin	2	8	seresin	es	wikisource	ni seres	2	5	niseres	3.988984
es	wikisource	sessé	1	8	sesse	es	wikisource	esses	1	5	esses	3.988984
es	wikisource	si a don	3	5	siadon	es	wikisource	no dais	2	8	nodais	3.988984
es	wikisource	sitia	1	8	sitia	es	wikisource	a itis	2	5	aitis	3.988984
es	wikisource	sol o el	3	6	soloel	es	wikisource	leo los	2	7	leolos	4.025352
es	wikisource	solo e	2	8	soloe	es	wikisource	eolos	1	5	eolos	3.988984
es	wikisource	son eso	2	6	soneso	es	wikisource	o se nos	3	7	osenos	4.025352
es	wikisource	song	1	8	song	es	wikisource	gnos	1	5	gnos	3.988984
es	wikisource	soñará	1	8	sonara	es	wikisource	araños	1	5	aranos	3.988984
es	wikisource	strom	1	6	strom	es	wikisource	morts	1	7	morts	4.025352
es	wikisource	sures	1	6	sures	es	wikisource	serus	1	7	serus	4.025352
es	wikisource	sé yo el	3	6	seyoel	es	wikisource	le oyes	2	7	leoyes	4.025352
es	wikisource	sélo	1	7	selo	es	wikisource	olés	1	6	oles	4.025352
es	wikisource	sí a don	3	5	siadon	es	wikisource	no dais	2	8	nodais	3.988984
es	wikisource	sí era su	3	5	sierasu	es	wikisource	usaréis	1	8	usareis	3.988984
es	wikisource	sí mal	2	6	simal	es	wikisource	la mis	2	7	lamis	4.025352
es	wikisource	tía te	2	5	tiate	es	wikisource	et ait	2	8	etait	3.988984
es	wikisource	tía te	2	5	tiate	es	wikisource	etait	1	8	etait	3.988984
es	wikisource	usaréis	1	8	usareis	es	wikisource	sí era su	3	5	sierasu	3.988984
es	wikisource	ví la	2	7	vila	es	wikisource	al iv	2	6	aliv	4.025352
es	wikisource	xxx y	2	8	xxxy	es	wikisource	y xxx	2	5	yxxx	3.988984
es	wikisource	y abajo la	3	8	yabajola	es	wikisource	alojaba y	2	5	alojabay	3.988984
es	wikisource	y bota	2	8	ybota	es	wikisource	a toby	2	5	atoby	3.988984
es	wikisource	y lado	2	8	ylado	es	wikisource	o daly	2	5	odaly	3.988984
es	wikisource	y sema	2	5	ysema	es	wikisource	ames y	2	8	amesy	3.988984
es	wikisource	y sé yo	3	8	yseyo	es	wikisource	oyes y	2	5	oyesy	3.988984
es	wikisource	y xxx	2	5	yxxx	es	wikisource	xxx y	2	8	xxxy	3.988984
es	wikisource	yacuy	1	5	yacuy	es	wikisource	yuca y	2	8	yucay	3.988984
es	wikisource	yr al	2	7	yral	es	wikisource	lar y	2	6	lary	4.025352
es	wikisource	yuca y	2	8	yucay	es	wikisource	yacuy	1	5	yacuy	3.988984
es	wikisource	yuga	1	7	yuga	es	wikisource	agu y	2	6	aguy	4.025352
es	wikisource	zeus a	2	7	zeusa	es	wikisource	a suez	2	6	asuez	4.025352
es	wikisource	á sí á	3	5	asia	es	wikisource	aisa	1	8	aisa	3.988984
es	wikisource	él si es	3	7	elsies	es	wikisource	seis le	2	6	seisle	4.025352
es	wikisource	ñores	1	7	nores	es	wikisource	seron	1	6	seron	4.025352
es	wikisource	a acá	2	7	aaca	es	wikisource	acá á	2	5	acaa	3.871201
es	wikisource	a dan	2	5	adan	es	wikisource	na da	2	7	nada	3.871201
es	wikisource	a faz	2	7	afaz	es	wikisource	zafa	1	5	zafa	3.871201
es	wikisource	a juba	2	6	ajuba	es	wikisource	abuja	1	6	abuja	3.89182
es	wikisource	a la ma	3	6	alama	es	wikisource	amala	1	6	amala	3.89182
es	wikisource	a la ma	3	6	alama	es	wikisource	ámala	1	6	amala	3.89182
es	wikisource	a loja	2	6	aloja	es	wikisource	ajo la	2	6	ajola	3.89182
es	wikisource	a neuquén	2	5	aneuquen	es	wikisource	neuquén a	2	7	neuquena	3.871201
es	wikisource	a remos y	3	6	aremosy	es	wikisource	y somera	2	6	ysomera	3.89182
es	wikisource	a roca	2	6	aroca	es	wikisource	açora	1	6	acora	3.89182
es	wikisource	a sanes	2	7	asanes	es	wikisource	senasa	1	5	senasa	3.871201
es	wikisource	a se ha	3	7	aseha	es	wikisource	ah esa	2	5	ahesa	3.871201
es	wikisource	a si las	3	6	asilas	es	wikisource	salís a	2	6	salisa	3.89182
es	wikisource	a tirones y	3	5	atironesy	es	wikisource	y señorita	2	7	ysenorita	3.871201
es	wikisource	a varo	2	6	avaro	es	wikisource	ora va	2	6	orava	3.89182
es	wikisource	abuja	1	6	abuja	es	wikisource	a juba	2	6	ajuba	3.89182
es	wikisource	acá á	2	5	acaa	es	wikisource	a acá	2	7	aaca	3.871201
es	wikisource	ad de	2	5	adde	es	wikisource	edda	1	7	edda	3.871201
es	wikisource	ada y	2	6	aday	es	wikisource	y ada	2	6	yada	3.89182
es	wikisource	adió	1	5	adio	es	wikisource	oíd a	2	7	oida	3.871201
es	wikisource	ae eg	2	5	aeeg	es	wikisource	ge ea	2	7	geea	3.871201
es	wikisource	ah esa	2	5	ahesa	es	wikisource	a se ha	3	7	aseha	3.871201
es	wikisource	ajo la	2	6	ajola	es	wikisource	a loja	2	6	aloja	3.89182
es	wikisource	al amar	2	7	alamar	es	wikisource	ramal a	2	5	ramala	3.871201
es	wikisource	al ánimo del	3	7	alanimodel	es	wikisource	le domina la	3	5	ledominala	3.871201
es	wikisource	alláh	1	6	allah	es	wikisource	hall a	2	6	halla	3.89182
es	wikisource	allí mal	2	7	allimal	es	wikisource	la milla	2	5	lamilla	3.871201
es	wikisource	amala	1	6	amala	es	wikisource	a la ma	3	6	alama	3.89182
es	wikisource	anímase	1	7	animase	es	wikisource	esa mina	2	5	esamina	3.871201
es	wikisource	asi las	2	6	asilas	es	wikisource	salís a	2	6	salisa	3.89182
es	wikisource	asilas	1	6	asilas	es	wikisource	salís a	2	6	salisa	3.89182
es	wikisource	avas	1	6	avas	es	wikisource	sava	1	6	sava	3.89182
es	wikisource	açora	1	6	acora	es	wikisource	a roca	2	6	aroca	3.89182
es	wikisource	año van	2	7	anovan	es	wikisource	navona	1	5	navona	3.871201
es	wikisource	edda	1	7	edda	es	wikisource	ad de	2	5	adde	3.871201
es	wikisource	el dio	2	7	eldio	es	wikisource	oídle	1	5	oidle	3.871201
es	wikisource	el seré	2	5	elsere	es	wikisource	eres le	2	7	eresle	3.871201
es	wikisource	elo y	2	5	eloy	es	wikisource	y olé	2	7	yole	3.871201
es	wikisource	emes	1	7	emes	es	wikisource	séme	1	5	seme	3.871201
es	wikisource	eres le	2	7	eresle	es	wikisource	el seré	2	5	elsere	3.871201
es	wikisource	es ágil	2	7	esagil	es	wikisource	ligase	1	5	ligase	3.871201
es	wikisource	esa mina	2	5	esamina	es	wikisource	anímase	1	7	animase	3.871201
es	wikisource	eva o	2	5	evao	es	wikisource	o ave	2	7	oave	3.871201
es	wikisource	fais	1	7	fais	es	wikisource	siaf	1	5	siaf	3.871201
es	wikisource	ge ea	2	7	geea	es	wikisource	ae eg	2	5	aeeg	3.871201
es	wikisource	hall a	2	6	halla	es	wikisource	alláh	1	6	allah	3.89182
es	wikisource	iii vi	2	7	iiivi	es	wikisource	iv iii	2	5	iviii	3.871201
es	wikisource	io so	2	5	ioso	es	wikisource	os oí	2	7	osoi	3.871201
es	wikisource	iv iii	2	5	iviii	es	wikisource	iii vi	2	7	iiivi	3.871201
es	wikisource	la milla	2	5	lamilla	es	wikisource	allí mal	2	7	allimal	3.871201
es	wikisource	la res y	3	6	laresy	es	wikisource	y ser al	3	6	yseral	3.89182
es	wikisource	la tebas	2	5	latebas	es	wikisource	sabe tal	2	7	sabetal	3.871201
es	wikisource	labán á	2	6	labana	es	wikisource	á nabal	2	6	anabal	3.89182
es	wikisource	le bon	2	7	lebon	es	wikisource	nóbel	1	5	nobel	3.871201
es	wikisource	le domina la	3	5	ledominala	es	wikisource	al ánimo del	3	7	alanimodel	3.871201
es	wikisource	leonel	1	7	leonel	es	wikisource	leño el	2	5	lenoel	3.871201
es	wikisource	leño el	2	5	lenoel	es	wikisource	leonel	1	7	leonel	3.871201
es	wikisource	ligase	1	5	ligase	es	wikisource	es ágil	2	7	esagil	3.871201
es	wikisource	llort	1	5	llort	es	wikisource	troll	1	7	troll	3.871201
es	wikisource	na da	2	7	nada	es	wikisource	a dan	2	5	adan	3.871201
es	wikisource	nan y	2	7	nany	es	wikisource	y nan	2	5	ynan	3.871201
es	wikisource	navona	1	5	navona	es	wikisource	año van	2	7	anovan	3.871201
es	wikisource	neuquén a	2	7	neuquena	es	wikisource	a neuquén	2	5	aneuquen	3.871201
es	wikisource	no son seres	3	7	nosonseres	es	wikisource	seres no son	3	5	seresnoson	3.871201
es	wikisource	nores	1	6	nores	es	wikisource	seron	1	6	seron	3.89182
es	wikisource	nóbel	1	5	nobel	es	wikisource	le bon	2	7	lebon	3.871201
es	wikisource	o ave	2	7	oave	es	wikisource	eva o	2	5	evao	3.871201
es	wikisource	o redes	2	5	oredes	es	wikisource	sedero	1	7	sedero	3.871201
es	wikisource	odies	1	5	odies	es	wikisource	seído	1	7	seido	3.871201
es	wikisource	ora va	2	6	orava	es	wikisource	a varo	2	6	avaro	3.89182
es	wikisource	oro nos	2	6	oronos	es	wikisource	son oro	2	6	sonoro	3.89182
es	wikisource	os oí	2	7	osoi	es	wikisource	io so	2	5	ioso	3.871201
es	wikisource	oyó le	2	5	oyole	es	wikisource	él o yo	3	7	eloyo	3.871201
es	wikisource	oíd a	2	7	oida	es	wikisource	adió	1	5	adio	3.871201
es	wikisource	oídle	1	5	oidle	es	wikisource	el dio	2	7	eldio	3.871201
es	wikisource	oídle	1	5	oidle	es	wikisource	él dió	2	7	eldio	3.871201
es	wikisource	ramal a	2	5	ramala	es	wikisource	al amar	2	7	alamar	3.871201
es	wikisource	ramá	1	5	rama	es	wikisource	á mar	2	7	amar	3.871201
es	wikisource	sabe tal	2	7	sabetal	es	wikisource	la tebas	2	5	latebas	3.871201
es	wikisource	sacas y	2	7	sacasy	es	wikisource	y sacas	2	5	ysacas	3.871201
es	wikisource	salís a	2	6	salisa	es	wikisource	a si las	3	6	asilas	3.89182
es	wikisource	salís a	2	6	salisa	es	wikisource	asi las	2	6	asilas	3.89182
es	wikisource	salís a	2	6	salisa	es	wikisource	asilas	1	6	asilas	3.89182
es	wikisource	salís a	2	6	salisa	es	wikisource	á silas	2	6	asilas	3.89182
es	wikisource	sava	1	6	sava	es	wikisource	avas	1	6	avas	3.89182
es	wikisource	sedero	1	7	sedero	es	wikisource	o redes	2	5	oredes	3.871201
es	wikisource	senasa	1	5	senasa	es	wikisource	a sanes	2	7	asanes	3.871201
es	wikisource	ser años	2	5	seranos	es	wikisource	soñar es	2	7	sonares	3.871201
es	wikisource	sereis	1	7	sereis	es	wikisource	sí eres	2	5	sieres	3.871201
es	wikisource	seres no son	3	5	seresnoson	es	wikisource	no son seres	3	7	nosonseres	3.871201
es	wikisource	seron	1	6	seron	es	wikisource	nores	1	6	nores	3.89182
es	wikisource	seído	1	7	seido	es	wikisource	odies	1	5	odies	3.871201
es	wikisource	siaf	1	5	siaf	es	wikisource	fais	1	7	fais	3.871201
es	wikisource	sirius	1	7	sirius	es	wikisource	su iris	2	5	suiris	3.871201
es	wikisource	sola nos	2	7	solanos	es	wikisource	son á los	3	5	sonalos	3.871201
es	wikisource	son oro	2	6	sonoro	es	wikisource	oro nos	2	6	oronos	3.89182
es	wikisource	son á los	3	5	sonalos	es	wikisource	sola nos	2	7	solanos	3.871201
es	wikisource	soñar es	2	7	sonares	es	wikisource	ser años	2	5	seranos	3.871201
es	wikisource	su iris	2	5	suiris	es	wikisource	sirius	1	7	sirius	3.871201
es	wikisource	sélo	1	7	selo	es	wikisource	ó les	2	5	oles	3.871201
es	wikisource	séme	1	5	seme	es	wikisource	emes	1	7	emes	3.871201
es	wikisource	sí eres	2	5	sieres	es	wikisource	sereis	1	7	sereis	3.871201
es	wikisource	troll	1	7	troll	es	wikisource	llort	1	5	llort	3.871201
es	wikisource	y ada	2	6	yada	es	wikisource	ada y	2	6	aday	3.89182
es	wikisource	y nan	2	5	ynan	es	wikisource	nan y	2	7	nany	3.871201
es	wikisource	y olé	2	7	yole	es	wikisource	elo y	2	5	eloy	3.871201
es	wikisource	y sacas	2	5	ysacas	es	wikisource	sacas y	2	7	sacasy	3.871201
es	wikisource	y ser al	3	6	yseral	es	wikisource	la res y	3	6	laresy	3.89182
es	wikisource	y señorita	2	7	ysenorita	es	wikisource	a tirones y	3	5	atironesy	3.871201
es	wikisource	y somera	2	6	ysomera	es	wikisource	a remos y	3	6	aremosy	3.89182
es	wikisource	zafa	1	5	zafa	es	wikisource	a faz	2	7	afaz	3.871201
es	wikisource	á mar	2	7	amar	es	wikisource	ramá	1	5	rama	3.871201
es	wikisource	á nabal	2	6	anabal	es	wikisource	labán á	2	6	labana	3.89182
es	wikisource	á silas	2	6	asilas	es	wikisource	salís a	2	6	salisa	3.89182
es	wikisource	ámala	1	6	amala	es	wikisource	a la ma	3	6	alama	3.89182
es	wikisource	él dió	2	7	eldio	es	wikisource	oídle	1	5	oidle	3.871201
es	wikisource	él o yo	3	7	eloyo	es	wikisource	oyó le	2	5	oyole	3.871201
es	wikisource	ó les	2	5	oles	es	wikisource	sélo	1	7	selo	3.871201
es	wikisource	a luca	2	5	aluca	es	wikisource	acula	1	6	acula	3.73767
es	wikisource	a porto	2	5	aporto	es	wikisource	o tropa	2	6	otropa	3.73767
es	wikisource	a rial	2	5	arial	es	wikisource	la irá	2	6	laira	3.73767
es	wikisource	a ti e	3	6	atie	es	wikisource	eíta	1	5	eita	3.73767
es	wikisource	a vis	2	6	avis	es	wikisource	śiva	1	5	siva	3.73767
es	wikisource	acula	1	6	acula	es	wikisource	a luca	2	5	aluca	3.73767
es	wikisource	ah ese	2	5	ahese	es	wikisource	ése ha	2	6	eseha	3.73767
es	wikisource	aires ó	2	6	aireso	es	wikisource	o seria	2	5	oseria	3.73767
es	wikisource	aislé	1	5	aisle	es	wikisource	él si a	3	6	elsia	3.73767
es	wikisource	al aro	2	5	alaro	es	wikisource	oral a	2	6	orala	3.73767
es	wikisource	alas á	2	6	alasa	es	wikisource	asa la	2	5	asala	3.73767
es	wikisource	amais	1	6	amais	es	wikisource	sí ama	2	5	siama	3.73767
es	wikisource	ano y	2	6	anoy	es	wikisource	yo na	2	5	yona	3.73767
es	wikisource	asa la	2	5	asala	es	wikisource	alas á	2	6	alasa	3.73767
es	wikisource	aseo se	2	5	aseose	es	wikisource	eso esa	2	6	esoesa	3.73767
es	wikisource	avivase	1	6	avivase	es	wikisource	esa viva	2	5	esaviva	3.73767
es	wikisource	azero	1	6	azero	es	wikisource	o reza	2	5	oreza	3.73767
es	wikisource	aísle	1	5	aisle	es	wikisource	él si a	3	6	elsia	3.73767
es	wikisource	colom	1	5	colom	es	wikisource	moloc	1	6	moloc	3.73767
es	wikisource	e amor	2	6	eamor	es	wikisource	romae	1	5	romae	3.73767
es	wikisource	el orar	2	6	elorar	es	wikisource	raro le	2	5	rarole	3.73767
es	wikisource	el sí es	3	5	elsies	es	wikisource	seis le	2	6	seisle	3.73767
es	wikisource	elo y	2	5	eloy	es	wikisource	yole	1	6	yole	3.73767
es	wikisource	emos éis	2	5	emoseis	es	wikisource	sí eso me	3	6	siesome	3.73767
es	wikisource	es á su	3	6	esasu	es	wikisource	usa se	2	5	usase	3.73767
es	wikisource	esa viva	2	5	esaviva	es	wikisource	avivase	1	6	avivase	3.73767
es	wikisource	ese mo	2	5	esemo	es	wikisource	omes e	2	6	omese	3.73767
es	wikisource	eso esa	2	6	esoesa	es	wikisource	aseo se	2	5	aseose	3.73767
es	wikisource	eíta	1	5	eita	es	wikisource	a ti e	3	6	atie	3.73767
es	wikisource	imas	1	5	imas	es	wikisource	sami	1	6	sami	3.73767
es	wikisource	irá mal	2	6	iramal	es	wikisource	la mari	2	5	lamari	3.73767
es	wikisource	iva y	2	5	ivay	es	wikisource	yavi	1	6	yavi	3.73767
es	wikisource	la irá	2	6	laira	es	wikisource	a rial	2	5	arial	3.73767
es	wikisource	la mari	2	5	lamari	es	wikisource	irá mal	2	6	iramal	3.73767
es	wikisource	lamos	1	6	lamos	es	wikisource	so mal	2	5	somal	3.73767
es	wikisource	lates	1	6	lates	es	wikisource	setal	1	5	setal	3.73767
es	wikisource	lavao	1	5	lavao	es	wikisource	o aval	2	6	oaval	3.73767
es	wikisource	le reconocerá	2	5	lereconocera	es	wikisource	á reconocer el	3	6	areconocerel	3.73767
es	wikisource	leit	1	6	leit	es	wikisource	ti él	2	5	tiel	3.73767
es	wikisource	leo yo	2	5	leoyo	es	wikisource	oyó él	2	6	oyoel	3.73767
es	wikisource	moloc	1	6	moloc	es	wikisource	colom	1	5	colom	3.73767
es	wikisource	narco	1	6	narco	es	wikisource	ocrán	1	5	ocran	3.73767
es	wikisource	no ya lo	3	6	noyalo	es	wikisource	olayón	1	5	olayon	3.73767
es	wikisource	o aval	2	6	oaval	es	wikisource	lavao	1	5	lavao	3.73767
es	wikisource	o reza	2	5	oreza	es	wikisource	azero	1	6	azero	3.73767
es	wikisource	o seria	2	5	oseria	es	wikisource	aires ó	2	6	aireso	3.73767
es	wikisource	o tropa	2	6	otropa	es	wikisource	a porto	2	5	aporto	3.73767
es	wikisource	ocrán	1	5	ocran	es	wikisource	narco	1	6	narco	3.73767
es	wikisource	ola por	2	5	olapor	es	wikisource	ropa lo	2	6	ropalo	3.73767
es	wikisource	olayón	1	5	olayon	es	wikisource	no ya lo	3	6	noyalo	3.73767
es	wikisource	olet	1	6	olet	es	wikisource	telo	1	5	telo	3.73767
es	wikisource	olonés	1	5	olones	es	wikisource	sé no lo	3	6	senolo	3.73767
es	wikisource	omes e	2	6	omese	es	wikisource	ese mo	2	5	esemo	3.73767
es	wikisource	oral a	2	6	orala	es	wikisource	al aro	2	5	alaro	3.73767
es	wikisource	oyó él	2	6	oyoel	es	wikisource	leo yo	2	5	leoyo	3.73767
es	wikisource	oír á	2	6	oira	es	wikisource	á río	2	5	ario	3.73767
es	wikisource	rabié	1	6	rabie	es	wikisource	éibar	1	5	eibar	3.73767
es	wikisource	raro le	2	5	rarole	es	wikisource	el orar	2	6	elorar	3.73767
es	wikisource	romae	1	5	romae	es	wikisource	e amor	2	6	eamor	3.73767
es	wikisource	ropa lo	2	6	ropalo	es	wikisource	ola por	2	5	olapor	3.73767
es	wikisource	sami	1	6	sami	es	wikisource	imas	1	5	imas	3.73767
es	wikisource	sanará y	2	6	sanaray	es	wikisource	y arañas	2	5	yaranas	3.73767
es	wikisource	saut	1	6	saut	es	wikisource	tu as	2	5	tuas	3.73767
es	wikisource	seis le	2	6	seisle	es	wikisource	el sí es	3	5	elsies	3.73767
es	wikisource	setal	1	5	setal	es	wikisource	lates	1	6	lates	3.73767
es	wikisource	so mal	2	5	somal	es	wikisource	lamos	1	6	lamos	3.73767
es	wikisource	soño	1	6	sono	es	wikisource	ó nos	2	5	onos	3.73767
es	wikisource	sé no lo	3	6	senolo	es	wikisource	olonés	1	5	olones	3.73767
es	wikisource	sí ama	2	5	siama	es	wikisource	amais	1	6	amais	3.73767
es	wikisource	sí eso me	3	6	siesome	es	wikisource	emos éis	2	5	emoseis	3.73767
es	wikisource	telo	1	5	telo	es	wikisource	olet	1	6	olet	3.73767
es	wikisource	teut	1	6	teut	es	wikisource	tú et	2	5	tuet	3.73767
es	wikisource	ti él	2	5	tiel	es	wikisource	leit	1	6	leit	3.73767
es	wikisource	tu as	2	5	tuas	es	wikisource	saut	1	6	saut	3.73767
es	wikisource	tú et	2	5	tuet	es	wikisource	teut	1	6	teut	3.73767
es	wikisource	usa se	2	5	usase	es	wikisource	es á su	3	6	esasu	3.73767
es	wikisource	usa se	2	5	usase	es	wikisource	ésa su	2	6	esasu	3.73767
es	wikisource	y arañas	2	5	yaranas	es	wikisource	sanará y	2	6	sanaray	3.73767
es	wikisource	yavi	1	6	yavi	es	wikisource	iva y	2	5	ivay	3.73767
es	wikisource	yo na	2	5	yona	es	wikisource	ano y	2	6	anoy	3.73767
es	wikisource	yole	1	6	yole	es	wikisource	elo y	2	5	eloy	3.73767
es	wikisource	á reconocer el	3	6	areconocerel	es	wikisource	le reconocerá	2	5	lereconocera	3.73767
es	wikisource	á río	2	5	ario	es	wikisource	oír á	2	6	oira	3.73767
es	wikisource	á ti de	3	6	atide	es	wikisource	édita	1	5	edita	3.73767
es	wikisource	édita	1	5	edita	es	wikisource	á ti de	3	6	atide	3.73767
es	wikisource	éibar	1	5	eibar	es	wikisource	rabié	1	6	rabie	3.73767
es	wikisource	él si a	3	6	elsia	es	wikisource	aislé	1	5	aisle	3.73767
es	wikisource	él si a	3	6	elsia	es	wikisource	aísle	1	5	aisle	3.73767
es	wikisource	ésa su	2	6	esasu	es	wikisource	usa se	2	5	usase	3.73767
es	wikisource	ése ha	2	6	eseha	es	wikisource	ah ese	2	5	ahese	3.73767
es	wikisource	ó nos	2	5	onos	es	wikisource	soño	1	6	sono	3.73767
es	wikisource	śiva	1	5	siva	es	wikisource	a vis	2	6	avis	3.73767
es	wikisource	a aves	2	5	aaves	es	wikisource	se vá á	3	5	sevaa	3.583519
es	wikisource	a ti ha	3	5	atiha	es	wikisource	ahita	1	5	ahita	3.583519
es	wikisource	agena y	2	5	agenay	es	wikisource	y anega	2	5	yanega	3.583519
es	wikisource	ahita	1	5	ahita	es	wikisource	a ti ha	3	5	atiha	3.583519
es	wikisource	ala llah	2	5	alallah	es	wikisource	hállala	1	5	hallala	3.583519
es	wikisource	amáis á	2	5	amaisa	es	wikisource	así ama	2	5	asiama	3.583519
es	wikisource	arak	1	5	arak	es	wikisource	kara	1	5	kara	3.583519
es	wikisource	aram y	2	5	aramy	es	wikisource	y mara	2	5	ymara	3.583519
es	wikisource	arat	1	5	arat	es	wikisource	ta ra	2	5	tara	3.583519
es	wikisource	arat	1	5	arat	es	wikisource	tará	1	5	tara	3.583519
es	wikisource	aris	1	5	aris	es	wikisource	sira	1	5	sira	3.583519
es	wikisource	aroma o	2	5	aromao	es	wikisource	o amor a	3	5	oamora	3.583519
es	wikisource	aste	1	5	aste	es	wikisource	et sa	2	5	etsa	3.583519
es	wikisource	así ama	2	5	asiama	es	wikisource	amáis á	2	5	amaisa	3.583519
es	wikisource	aya su	2	5	ayasu	es	wikisource	usa ya	2	5	usaya	3.583519
es	wikisource	devon	1	5	devon	es	wikisource	no ved	2	5	noved	3.583519
es	wikisource	e ver	2	5	ever	es	wikisource	revé	1	5	reve	3.583519
es	wikisource	e ver	2	5	ever	es	wikisource	rêve	1	5	reve	3.583519
es	wikisource	edonos	1	5	edonos	es	wikisource	son o de	3	5	sonode	3.583519
es	wikisource	el ael	2	5	elael	es	wikisource	léale	1	5	leale	3.583519
es	wikisource	emos éis	2	5	emoseis	es	wikisource	si eso me	3	5	siesome	3.583519
es	wikisource	et sa	2	5	etsa	es	wikisource	aste	1	5	aste	3.583519
es	wikisource	halas	1	5	halas	es	wikisource	salah	1	5	salah	3.583519
es	wikisource	hállala	1	5	hallala	es	wikisource	ala llah	2	5	alallah	3.583519
es	wikisource	ilom	1	5	ilom	es	wikisource	moli	1	5	moli	3.583519
es	wikisource	kara	1	5	kara	es	wikisource	arak	1	5	arak	3.583519
es	wikisource	leré es	2	5	lerees	es	wikisource	seer el	2	5	seerel	3.583519
es	wikisource	libis	1	5	libis	es	wikisource	sibil	1	5	sibil	3.583519
es	wikisource	liger	1	5	liger	es	wikisource	regil	1	5	regil	3.583519
es	wikisource	léale	1	5	leale	es	wikisource	el ael	2	5	elael	3.583519
es	wikisource	moli	1	5	moli	es	wikisource	ilom	1	5	ilom	3.583519
es	wikisource	na vales	2	5	navales	es	wikisource	se la van	3	5	selavan	3.583519
es	wikisource	neves	1	5	neves	es	wikisource	se vén	2	5	seven	3.583519
es	wikisource	ninon	1	5	ninon	es	wikisource	non in	2	5	nonin	3.583519
es	wikisource	no po	2	5	nopo	es	wikisource	opón	1	5	opon	3.583519
es	wikisource	no ved	2	5	noved	es	wikisource	devon	1	5	devon	3.583519
es	wikisource	non in	2	5	nonin	es	wikisource	ninon	1	5	ninon	3.583519
es	wikisource	o amor a	3	5	oamora	es	wikisource	aroma o	2	5	aromao	3.583519
es	wikisource	opón	1	5	opon	es	wikisource	no po	2	5	nopo	3.583519
es	wikisource	regil	1	5	regil	es	wikisource	liger	1	5	liger	3.583519
es	wikisource	revé	1	5	reve	es	wikisource	e ver	2	5	ever	3.583519
es	wikisource	ripas	1	5	ripas	es	wikisource	sapir	1	5	sapir	3.583519
es	wikisource	rêve	1	5	reve	es	wikisource	e ver	2	5	ever	3.583519
es	wikisource	salah	1	5	salah	es	wikisource	halas	1	5	halas	3.583519
es	wikisource	sapir	1	5	sapir	es	wikisource	ripas	1	5	ripas	3.583519
es	wikisource	se la van	3	5	selavan	es	wikisource	na vales	2	5	navales	3.583519
es	wikisource	se vá á	3	5	sevaa	es	wikisource	a aves	2	5	aaves	3.583519
es	wikisource	se vén	2	5	seven	es	wikisource	neves	1	5	neves	3.583519
es	wikisource	seer el	2	5	seerel	es	wikisource	leré es	2	5	lerees	3.583519
es	wikisource	ser años	2	5	seranos	es	wikisource	soñares	1	5	sonares	3.583519
es	wikisource	si eso me	3	5	siesome	es	wikisource	emos éis	2	5	emoseis	3.583519
es	wikisource	sibil	1	5	sibil	es	wikisource	libis	1	5	libis	3.583519
es	wikisource	sira	1	5	sira	es	wikisource	aris	1	5	aris	3.583519
es	wikisource	son o de	3	5	sonode	es	wikisource	edonos	1	5	edonos	3.583519
es	wikisource	soñares	1	5	sonares	es	wikisource	ser años	2	5	seranos	3.583519
es	wikisource	ta ra	2	5	tara	es	wikisource	arat	1	5	arat	3.583519
es	wikisource	tará	1	5	tara	es	wikisource	arat	1	5	arat	3.583519
es	wikisource	usa ya	2	5	usaya	es	wikisource	aya su	2	5	ayasu	3.583519
es	wikisource	y anega	2	5	yanega	es	wikisource	agena y	2	5	agenay	3.583519
es	wikisource	y mara	2	5	ymara	es	wikisource	aram y	2	5	aramy	3.583519
