source_lang	source_corpus	source_text	source_n	source_count	source_norm_key	target_lang	target_corpus	target_text	target_n	target_count	target_norm_key	pair_score
es	wikisource	como	1	295450	como	pt	wikisource	o moç	2	10	omoc	14.994154
es	wikisource	siam	1	25	siam	pt	wikisource	mais	1	69655	mais	14.409421
es	wikisource	otro	1	59205	otro	pt	wikisource	or to	2	7	orto	13.06822
es	wikisource	otro	1	59205	otro	pt	wikisource	orto	1	6	orto	12.934688
es	wikisource	no se	2	57928	nose	pt	wikisource	e son	2	17	eson	13.857345
es	wikisource	otra	1	53815	otra	pt	wikisource	art o	2	29	arto	14.294523
es	wikisource	otra	1	53815	otra	pt	wikisource	arto	1	9	arto	13.195911
es	wikisource	nada	1	44447	nada	pt	wikisource	adan	1	7	adan	12.781517
es	wikisource	se le	2	25141	sele	pt	wikisource	eles	1	18003	eles	19.930644
es	wikisource	menos	1	41055	menos	pt	wikisource	só nem	2	7	sonem	12.702134
es	wikisource	años	1	40450	anos	pt	wikisource	só na	2	185	sona	15.833593
es	wikisource	allí	1	35430	alli	pt	wikisource	illa	1	13	illa	13.1144
es	wikisource	días	1	35061	dias	pt	wikisource	said	1	111	said	15.183372
es	wikisource	será	1	31528	sera	pt	wikisource	ares	1	937	ares	17.202413
es	wikisource	su es	2	10	sues	pt	wikisource	seus	1	31772	seus	12.764267
es	wikisource	cómo	1	31636	como	pt	wikisource	o moç	2	10	omoc	12.759978
es	wikisource	será	1	31528	sera	pt	wikisource	a rês	2	12	ares	12.923612
es	wikisource	amor	1	29700	amor	pt	wikisource	roma	1	1287	roma	17.459782
es	wikisource	mano	1	30845	mano	pt	wikisource	o nam	2	44	onam	14.143425
es	wikisource	amor	1	29700	amor	pt	wikisource	romã	1	27	roma	13.631141
es	wikisource	otium	1	6	otium	pt	wikisource	muito	1	29206	muito	12.228074
es	wikisource	ante	1	26930	ante	pt	wikisource	etna	1	15	etna	12.973622
es	wikisource	modo	1	26597	modo	pt	wikisource	o dom	2	127	odom	15.040622
es	wikisource	se le	2	25141	sele	pt	wikisource	êles	1	49	eles	14.044318
es	wikisource	es el	2	25082	esel	pt	wikisource	lê se	2	32	lese	13.626453
es	wikisource	missa	1	76	missa	pt	wikisource	assim	1	23650	assim	14.414966
es	wikisource	es la	2	23397	esla	pt	wikisource	al se	2	12	alse	12.625355
es	wikisource	et se	2	44	etse	pt	wikisource	este	1	21678	este	13.790762
es	wikisource	roma	1	4449	roma	pt	wikisource	amor	1	16113	amor	18.088103
es	wikisource	sé le	2	24	sele	pt	wikisource	eles	1	18003	eles	13.017225
es	wikisource	sele	1	17	sele	pt	wikisource	eles	1	18003	eles	12.688721
es	wikisource	esos	1	16962	esos	pt	wikisource	só se	2	695	sose	16.284139
es	wikisource	agua	1	17404	agua	pt	wikisource	auga	1	5	auga	11.556272
es	wikisource	es un	2	17200	esun	pt	wikisource	nus e	2	46	nuse	13.60287
es	wikisource	esos	1	16962	esos	pt	wikisource	sós e	2	41	sose	13.476459
es	wikisource	sabe	1	15035	sabe	pt	wikisource	ebas	1	5	ebas	11.409962
es	wikisource	a dot	2	20	adot	pt	wikisource	toda	1	14790	toda	12.646297
es	wikisource	sería	1	13905	seria	pt	wikisource	aires	1	243	aires	15.037244
es	wikisource	esas	1	13554	esas	pt	wikisource	sãs e	2	5	sase	11.30627
es	wikisource	adán	1	917	adan	pt	wikisource	nada	1	11995	nada	16.214526
es	wikisource	si el	2	10122	siel	pt	wikisource	leis	1	2715	leis	17.129481
es	wikisource	said	1	104	said	pt	wikisource	dias	1	12443	dias	14.082954
es	wikisource	adan	1	30	adan	pt	wikisource	nada	1	11995	nada	12.826316
es	wikisource	a dan	2	5	adan	pt	wikisource	nada	1	11995	nada	11.184088
es	wikisource	aire	1	11866	aire	pt	wikisource	e ria	2	56	eria	13.424568
es	wikisource	sola	1	11442	sola	pt	wikisource	a los	2	14	alos	12.053184
es	wikisource	son a	2	300	sona	pt	wikisource	anos	1	11022	anos	15.01485
es	wikisource	aires	1	6325	aires	pt	wikisource	seria	1	4769	seria	17.222525
es	wikisource	sehl	1	5	sehl	pt	wikisource	lhes	1	11075	lhes	11.104295
es	wikisource	son á	2	30	sona	pt	wikisource	anos	1	11022	anos	12.741726
es	wikisource	ares	1	32	ares	pt	wikisource	será	1	11019	sera	12.803975
es	wikisource	sona	1	9	sona	pt	wikisource	anos	1	11022	anos	11.610324
es	wikisource	a res	2	9	ares	pt	wikisource	será	1	11019	sera	11.610052
es	wikisource	ajes	1	10	ajes	pt	wikisource	seja	1	10598	seja	11.66641
es	wikisource	edad	1	10423	edad	pt	wikisource	dade	1	103	dade	13.896257
es	wikisource	meses	1	10030	meses	pt	wikisource	se sem	2	315	sesem	14.969178
es	wikisource	no sé	2	9570	nose	pt	wikisource	e son	2	17	eson	12.056865
es	wikisource	os son	2	14	osson	pt	wikisource	nosso	1	9226	nosso	11.837939
es	wikisource	mesa	1	9142	mesa	pt	wikisource	a sem	2	70	asem	13.383424
es	wikisource	mesa	1	9142	mesa	pt	wikisource	á sem	2	12	asem	11.685693
es	wikisource	a ser	2	9079	aser	pt	wikisource	resá	1	5	resa	10.905589
es	wikisource	oído	1	8051	oido	pt	wikisource	ódio	1	1008	odio	15.910391
es	wikisource	daba	1	8963	daba	pt	wikisource	abad	1	6	abad	11.046882
es	wikisource	eres	1	8648	eres	pt	wikisource	ser e	2	136	sere	13.98518
es	wikisource	eres	1	8648	eres	pt	wikisource	ser é	2	28	sere	12.432495
es	wikisource	si es	2	5863	sies	pt	wikisource	seis	1	2780	seis	16.607153
es	wikisource	mare	1	92	mare	pt	wikisource	eram	1	8401	eram	13.568825
es	wikisource	mar e	2	28	mare	pt	wikisource	eram	1	8401	eram	12.403521
es	wikisource	si la	2	8371	sila	pt	wikisource	alis	1	7	alis	11.11209
es	wikisource	sale	1	4609	sale	pt	wikisource	elas	1	3718	elas	16.657193
es	wikisource	oído	1	8051	oido	pt	wikisource	odio	1	66	odio	13.198368
es	wikisource	habrá	1	8028	habra	pt	wikisource	arbah	1	9	arbah	11.2934
es	wikisource	alas	1	4106	alas	pt	wikisource	sala	1	3877	sala	16.583523
es	wikisource	moral	1	7582	moral	pt	wikisource	larom	1	16	larom	11.766878
es	wikisource	me la	2	1690	mela	pt	wikisource	além	1	5746	alem	16.089509
es	wikisource	el ed	2	5	eled	pt	wikisource	dele	1	7320	dele	10.690262
es	wikisource	mala	1	7296	mala	pt	wikisource	alam	1	6	alam	10.841129
es	wikisource	aires	1	6325	aires	pt	wikisource	séria	1	389	seria	14.71857
es	wikisource	sala	1	6405	sala	pt	wikisource	alas	1	98	alas	13.36011
es	wikisource	sala	1	6405	sala	pt	wikisource	a las	2	14	alas	11.473041
es	wikisource	hará	1	6403	hara	pt	wikisource	arah	1	12	arah	11.329627
es	wikisource	aires	1	6325	aires	pt	wikisource	se ria	2	37	seria	12.39001
es	wikisource	aires	1	6325	aires	pt	wikisource	sería	1	31	seria	12.218159
es	wikisource	son los	2	5886	sonlos	pt	wikisource	sol nos	2	23	solnos	11.858556
es	wikisource	mela	1	15	mela	pt	wikisource	além	1	5746	alem	11.429022
es	wikisource	medro	1	43	medro	pt	wikisource	ordem	1	5394	ordem	12.377418
es	wikisource	medró	1	10	medro	pt	wikisource	ordem	1	5394	ordem	10.991123
es	wikisource	vive	1	5131	vive	pt	wikisource	e viv	2	9	eviv	10.845836
es	wikisource	vive	1	5131	vive	pt	wikisource	é viv	2	6	eviv	10.489161
es	wikisource	león	1	5114	leon	pt	wikisource	noel	1	21	noel	11.630975
es	wikisource	león	1	5114	leon	pt	wikisource	no el	2	5	noel	10.331692
es	wikisource	repuso	1	4795	repuso	pt	wikisource	o super	2	17	osuper	11.365909
es	wikisource	miró	1	4683	miro	pt	wikisource	o rim	2	27	orim	11.784112
es	wikisource	sale	1	4609	sale	pt	wikisource	élas	1	5	elas	10.227743
es	wikisource	malo	1	4582	malo	pt	wikisource	olam	1	23	olam	11.608163
es	wikisource	azul	1	4408	azul	pt	wikisource	luz a	2	166	luza	13.509397
es	wikisource	roma	1	4449	roma	pt	wikisource	a mor	2	35	amor	11.984178
es	wikisource	roma	1	4449	roma	pt	wikisource	amôr	1	32	amor	11.897167
es	wikisource	azul	1	4408	azul	pt	wikisource	luz à	2	20	luza	11.435926
es	wikisource	ayer	1	4389	ayer	pt	wikisource	rey a	2	38	reya	12.050646
es	wikisource	azul	1	4408	azul	pt	wikisource	luza	1	5	luza	10.183163
es	wikisource	acom	1	10	acom	pt	wikisource	moça	1	4352	moca	10.776516
es	wikisource	a mis	2	4236	amis	pt	wikisource	sim a	2	112	sima	13.078999
es	wikisource	a mis	2	4236	amis	pt	wikisource	sima	1	11	sima	10.836517
es	wikisource	a mis	2	4236	amis	pt	wikisource	sim à	2	8	sima	10.548835
es	wikisource	a dar	2	4147	adar	pt	wikisource	rada	1	35	rada	11.913901
es	wikisource	debo	1	4143	debo	pt	wikisource	obed	1	32	obed	11.825924
es	wikisource	alas	1	4106	alas	pt	wikisource	salá	1	12	sala	10.885397
es	wikisource	alas	1	4106	alas	pt	wikisource	sal a	2	5	sala	10.112208
es	wikisource	miraba	1	4051	miraba	pt	wikisource	abarim	1	9	abarim	10.609551
es	wikisource	sacar	1	3680	sacar	pt	wikisource	raças	1	330	racas	14.013058
es	wikisource	si en	2	3999	sien	pt	wikisource	neis	1	6	neis	10.23996
es	wikisource	dama	1	3991	dama	pt	wikisource	amad	1	6	amad	10.237958
es	wikisource	no no	2	3878	nono	pt	wikisource	o non	2	103	onon	12.907724
es	wikisource	animal	1	3827	animal	pt	wikisource	lâmina	1	103	lamina	12.894489
es	wikisource	álas	1	9	alas	pt	wikisource	sala	1	3877	sala	10.56566
es	wikisource	yo le	2	3830	yole	pt	wikisource	eloy	1	37	eloy	11.888467
es	wikisource	animal	1	3827	animal	pt	wikisource	lamina	1	11	lamina	10.735004
es	wikisource	se va	2	2865	seva	pt	wikisource	aves	1	886	aves	14.748518
es	wikisource	se ve	2	3737	seve	pt	wikisource	e vês	2	8	eves	10.423531
es	wikisource	raza	1	3675	raza	pt	wikisource	azar	1	66	azar	12.414273
es	wikisource	a don	2	3676	adon	pt	wikisource	no da	2	56	noda	12.252904
es	wikisource	salé	1	14	sale	pt	wikisource	elas	1	3718	elas	10.92926
es	wikisource	si él	2	992	siel	pt	wikisource	leis	1	2715	leis	14.807646
es	wikisource	a don	2	3676	adon	pt	wikisource	nó da	2	9	noda	10.512438
es	wikisource	o ama	2	15	oama	pt	wikisource	a mão	2	3660	amao	10.97808
es	wikisource	ropa	1	3644	ropa	pt	wikisource	apor	1	9	apor	10.503697
es	wikisource	amica	1	7	amica	pt	wikisource	acima	1	3616	acima	10.272842
es	wikisource	halla	1	3596	halla	pt	wikisource	allah	1	12	allah	10.752805
es	wikisource	aleb	1	17	aleb	pt	wikisource	bela	1	3558	bela	11.067607
es	wikisource	órgano	1	3511	organo	pt	wikisource	onagro	1	31	onagro	11.629677
es	wikisource	si los	2	3528	silos	pt	wikisource	solis	1	9	solis	10.471355
es	wikisource	salón	1	3444	salon	pt	wikisource	no las	2	20	nolas	11.189202
es	wikisource	supo	1	3435	supo	pt	wikisource	opus	1	25	opus	11.40016
es	wikisource	sí el	2	744	siel	pt	wikisource	leis	1	2715	leis	14.5203
es	wikisource	supo	1	3435	supo	pt	wikisource	o pus	2	12	opus	10.707013
es	wikisource	a toda	2	3378	atoda	pt	wikisource	adota	1	47	adota	11.996536
es	wikisource	sopa	1	451	sopa	pt	wikisource	após	1	2957	apos	14.105951
es	wikisource	a toda	2	3378	atoda	pt	wikisource	adotá	1	6	adota	10.071245
es	wikisource	sí es	2	584	sies	pt	wikisource	seis	1	2780	seis	14.302178
es	wikisource	oeta	1	6	oeta	pt	wikisource	até o	2	3351	ateo	10.063223
es	wikisource	muaré	1	7	muare	pt	wikisource	era um	2	3342	eraum	10.194065
es	wikisource	ramo	1	1847	ramo	pt	wikisource	o mar	2	1501	omar	14.836412
es	wikisource	van a	2	3314	vana	pt	wikisource	a nav	2	11	anav	10.59112
es	wikisource	el uso	2	3281	eluso	pt	wikisource	o sul e	3	31	osule	11.561944
es	wikisource	sois	1	3210	sois	pt	wikisource	si os	2	101	sios	12.699311
es	wikisource	rama	1	1503	rama	pt	wikisource	amar	1	1799	amar	14.811425
es	wikisource	sessé	1	8	sesse	pt	wikisource	esses	1	3259	esses	10.286707
es	wikisource	sacó	1	3238	saco	pt	wikisource	ocas	1	25	ocas	11.341116
es	wikisource	así es	2	3227	asies	pt	wikisource	seis a	2	28	seisa	11.446914
es	wikisource	alah	1	3211	alah	pt	wikisource	há lá	2	39	hala	11.763529
es	wikisource	males	1	3232	males	pt	wikisource	selam	1	5	selam	9.872925
es	wikisource	si amo	2	10	siamo	pt	wikisource	o mais	2	3158	omais	10.455906
es	wikisource	siamo	1	6	siamo	pt	wikisource	o mais	2	3158	omais	10.003921
es	wikisource	no los	2	3125	nolos	pt	wikisource	solon	1	28	solon	11.414805
es	wikisource	no los	2	3125	nolos	pt	wikisource	sólon	1	18	solon	10.991948
es	wikisource	salen	1	2485	salen	pt	wikisource	nelas	1	615	nelas	14.241677
es	wikisource	ser el	2	3091	serel	pt	wikisource	leres	1	9	leres	10.339159
es	wikisource	nota	1	3089	nota	pt	wikisource	aton	1	7	aton	10.115368
es	wikisource	zona	1	3078	zona	pt	wikisource	a noz	2	5	anoz	9.82412
es	wikisource	acaba	1	3054	acaba	pt	wikisource	a baça	2	7	abaca	10.103976
es	wikisource	laicos	1	64	laicos	pt	wikisource	social	1	2993	social	12.178753
es	wikisource	año de	2	2974	anode	pt	wikisource	e dona	2	62	edona	12.141134
es	wikisource	lima	1	2958	lima	pt	wikisource	a mil	2	61	amil	12.119741
es	wikisource	risa	1	2997	risa	pt	wikisource	as ir	2	6	asir	9.951611
es	wikisource	no de	2	2978	node	pt	wikisource	e don	2	17	edon	10.889715
es	wikisource	año de	2	2974	anode	pt	wikisource	é dona	2	15	edona	10.770588
es	wikisource	a más	2	2967	amas	pt	wikisource	sama	1	13	sama	10.634701
es	wikisource	a más	2	2967	amas	pt	wikisource	samá	1	9	sama	10.298229
es	wikisource	la er	2	6	laer	pt	wikisource	real	1	2949	real	9.935471
es	wikisource	a sam	2	6	asam	pt	wikisource	mas a	2	2946	masa	9.934453
es	wikisource	arco	1	2935	arco	pt	wikisource	ocrã	1	5	ocra	9.776563
es	wikisource	y era	2	2930	yera	pt	wikisource	a rey	2	5	arey	9.774858
es	wikisource	levin	1	1753	levin	pt	wikisource	nível	1	1179	nivel	14.542924
es	wikisource	rías	1	127	rias	pt	wikisource	sair	1	2778	sair	12.781877
es	wikisource	se va	2	2865	seva	pt	wikisource	a vês	2	9	aves	10.263258
es	wikisource	oídos	1	2862	oidos	pt	wikisource	sódio	1	8	sodio	10.15685
es	wikisource	ramón	1	2173	ramon	pt	wikisource	no mar	2	679	nomar	14.206417
es	wikisource	al iv	2	6	aliv	pt	wikisource	vila	1	2830	vila	9.894295
es	wikisource	a ido	2	18	aido	pt	wikisource	o dia	2	2786	odia	10.87716
es	wikisource	rias	1	21	rias	pt	wikisource	sair	1	2778	sair	11.020889
es	wikisource	síes	1	13	sies	pt	wikisource	seis	1	2780	seis	10.569623
es	wikisource	sí él	2	57	siel	pt	wikisource	leis	1	2715	leis	11.967358
es	wikisource	la mar	2	2571	lamar	pt	wikisource	ramal	1	176	ramal	13.028589
es	wikisource	a dos	2	2639	ados	pt	wikisource	só da	2	86	soda	12.344442
es	wikisource	bases	1	2705	bases	pt	wikisource	se sab	2	9	sesab	10.205812
es	wikisource	mamá	1	2384	mama	pt	wikisource	amam	1	330	amam	13.579073
es	wikisource	ríos	1	2687	rios	pt	wikisource	soir	1	9	soir	10.199138
es	wikisource	si ama	2	14	siama	pt	wikisource	a mais	2	2666	amais	10.59676
es	wikisource	sí ama	2	5	siama	pt	wikisource	a mais	2	2666	amais	9.680469
es	wikisource	niñas	1	2645	ninas	pt	wikisource	sanin	1	20	sanin	10.925327
es	wikisource	a dos	2	2639	ados	pt	wikisource	só dá	2	16	soda	10.711748
es	wikisource	luz a	2	409	luza	pt	wikisource	azul	1	2244	azul	13.732618
es	wikisource	roma o	2	32	romao	pt	wikisource	o amor	2	2618	oamor	11.367055
es	wikisource	a dos	2	2639	ados	pt	wikisource	soda	1	7	soda	9.957976
es	wikisource	trae	1	2615	trae	pt	wikisource	e art	2	18	eart	10.813841
es	wikisource	a esa	2	2620	aesa	pt	wikisource	a seá	2	5	asea	9.663071
es	wikisource	atad	1	8	atad	pt	wikisource	data	1	2594	data	10.058566
es	wikisource	no os	2	2581	noos	pt	wikisource	soon	1	19	soon	10.852052
es	wikisource	misa	1	2567	misa	pt	wikisource	a sim	2	6	asim	9.796793
es	wikisource	et es	2	69	etes	pt	wikisource	sete	1	2474	sete	12.062491
es	wikisource	saut	1	6	saut	pt	wikisource	tuas	1	2530	tuas	9.78228
es	wikisource	etra	1	14	etra	pt	wikisource	arte	1	2508	arte	10.53569
es	wikisource	aura	1	1097	aura	pt	wikisource	a rua	2	1413	arua	14.255423
es	wikisource	viii	1	2477	viii	pt	wikisource	ii iv	2	10	iiiv	10.213102
es	wikisource	êtes	1	6	etes	pt	wikisource	sete	1	2474	sete	9.759906
es	wikisource	olas	1	2453	olas	pt	wikisource	sal o	2	11	salo	10.290381
es	wikisource	más a	2	2430	masa	pt	wikisource	a sam	2	6	asam	9.741968
es	wikisource	masa	1	2397	masa	pt	wikisource	a sam	2	6	asam	9.7283
es	wikisource	res a	2	11	resa	pt	wikisource	a ser	2	2372	aser	10.256817
es	wikisource	amar	1	2286	amar	pt	wikisource	rama	1	94	rama	12.288873
es	wikisource	era su	2	2359	erasu	pt	wikisource	usar e	2	8	usare	9.963641
es	wikisource	me sé	2	92	mese	pt	wikisource	e sem	2	2253	esem	12.253061
es	wikisource	amar	1	2286	amar	pt	wikisource	ramá	1	39	rama	11.423876
es	wikisource	aves	1	2266	aves	pt	wikisource	se vá	2	52	seva	11.696505
es	wikisource	sepa	1	2270	sepa	pt	wikisource	a pés	2	13	apes	10.367033
es	wikisource	me se	2	28	mese	pt	wikisource	e sem	2	2253	esem	11.087758
es	wikisource	aves	1	2266	aves	pt	wikisource	seva	1	11	seva	10.211119
es	wikisource	luz á	2	31	luza	pt	wikisource	azul	1	2244	azul	11.182197
es	wikisource	mese	1	11	mese	pt	wikisource	e sem	2	2253	esem	10.205368
es	wikisource	mes e	2	9	mese	pt	wikisource	e sem	2	2253	esem	10.023047
es	wikisource	alen	1	8	alen	pt	wikisource	nela	1	2250	nela	9.916354
es	wikisource	mima	1	33	mima	pt	wikisource	a mim	2	2221	amim	11.232523
es	wikisource	sea el	2	2206	seael	pt	wikisource	leaes	1	25	leaes	10.957486
es	wikisource	olor	1	2095	olor	pt	wikisource	rolo	1	134	rolo	12.553061
es	wikisource	roca	1	1890	roca	pt	wikisource	a cor	2	337	acor	13.367907
es	wikisource	mi ma	2	5	mima	pt	wikisource	a mim	2	2221	amim	9.497922
es	wikisource	ones	1	5	ones	pt	wikisource	se no	2	2208	seno	9.492055
es	wikisource	o como	2	1326	ocomo	pt	wikisource	o moço	2	883	omoco	13.975133
es	wikisource	tropa	1	2193	tropa	pt	wikisource	a port	2	6	aport	9.639392
es	wikisource	ues a	2	5	uesa	pt	wikisource	a seu	2	2194	aseu	9.485697
es	wikisource	aviv	1	12	aviv	pt	wikisource	viva	1	2180	viva	10.252488
es	wikisource	majes	1	7	majes	pt	wikisource	sejam	1	2182	sejam	9.767897
es	wikisource	mí me	2	2172	mime	pt	wikisource	e mim	2	15	emim	10.456453
es	wikisource	a sor	2	42	asor	pt	wikisource	rosa	1	2139	rosa	11.429761
es	wikisource	ramón	1	2173	ramon	pt	wikisource	nom ar	2	6	nomar	9.630234
es	wikisource	asor	1	10	asor	pt	wikisource	rosa	1	2139	rosa	10.066456
es	wikisource	rara	1	2051	rara	pt	wikisource	arar	1	18	arar	10.571009
es	wikisource	sota	1	123	sota	pt	wikisource	atos	1	1926	atos	12.384001
es	wikisource	miles	1	2009	miles	pt	wikisource	selim	1	28	selim	10.973186
es	wikisource	amri	1	24	amri	pt	wikisource	irmã	1	2009	irma	10.824766
es	wikisource	serían	1	2027	serian	pt	wikisource	naires	1	6	naires	9.560716
es	wikisource	amada	1	1837	amada	pt	wikisource	a dama	2	156	adama	12.572679
es	wikisource	mares	1	1954	mares	pt	wikisource	seram	1	7	seram	9.657587
es	wikisource	se lee	2	325	selee	pt	wikisource	e eles	2	1626	eeles	13.18139
es	wikisource	roca	1	1890	roca	pt	wikisource	açor	1	42	acor	11.306061
es	wikisource	a tal	2	1781	atal	pt	wikisource	lata	1	128	lata	12.345304
es	wikisource	roca	1	1890	roca	pt	wikisource	acor	1	12	acor	10.10981
es	wikisource	roca	1	1890	roca	pt	wikisource	a côr	2	11	acor	10.029768
es	wikisource	roca	1	1890	roca	pt	wikisource	à cor	2	10	acor	9.942756
es	wikisource	se sabe	2	1878	sesabe	pt	wikisource	e bases	2	21	ebases	10.629537
es	wikisource	o tío	2	5	otio	pt	wikisource	oito	1	1886	oito	9.334503
es	wikisource	elea	1	25	elea	pt	wikisource	a ele	2	1861	aele	10.787503
es	wikisource	agora	1	1874	agora	pt	wikisource	a roga	2	9	aroga	9.838949
es	wikisource	ramo	1	1847	ramo	pt	wikisource	omar	1	22	omar	10.657353
es	wikisource	el ea	2	6	elea	pt	wikisource	a ele	2	1861	aele	9.475317
es	wikisource	ramo	1	1847	ramo	pt	wikisource	ó mar	2	16	omar	10.355073
es	wikisource	seria	1	1617	seria	pt	wikisource	aires	1	243	aires	12.886114
es	wikisource	amada	1	1837	amada	pt	wikisource	à dama	2	19	adama	10.512166
es	wikisource	ah lo	2	12	ahlo	pt	wikisource	olha	1	1829	olha	10.077021
es	wikisource	raro	1	1582	raro	pt	wikisource	orar	1	254	orar	12.908341
es	wikisource	soñé	1	255	sone	pt	wikisource	e nos	2	1580	enos	12.91099
es	wikisource	nave	1	1818	nave	pt	wikisource	e van	2	10	evan	9.903937
es	wikisource	nave	1	1818	nave	pt	wikisource	evan	1	6	evan	9.451952
es	wikisource	ramos	1	1791	ramos	pt	wikisource	somar	1	29	somar	10.892285
es	wikisource	ramá	1	5	rama	pt	wikisource	amar	1	1799	amar	9.287301
es	wikisource	mire	1	1791	mire	pt	wikisource	e rim	2	5	erim	9.282847
es	wikisource	me la	2	1690	mela	pt	wikisource	alem	1	99	alem	12.038246
es	wikisource	amén	1	734	amen	pt	wikisource	nem a	2	1031	nema	13.539124
es	wikisource	levin	1	1753	levin	pt	wikisource	nivel	1	12	nivel	10.034604
es	wikisource	issa	1	30	issa	pt	wikisource	assi	1	1714	assi	10.881156
es	wikisource	sarta	1	121	sarta	pt	wikisource	atrás	1	1612	atras	12.189872
es	wikisource	o nos	2	154	onos	pt	wikisource	sono	1	1574	sono	12.405436
es	wikisource	aun en	2	1695	aunen	pt	wikisource	nen ũa	2	8	nenua	9.633252
es	wikisource	me la	2	1690	mela	pt	wikisource	àlem	1	7	alem	9.512517
es	wikisource	así la	2	1686	asila	pt	wikisource	alisa	1	9	alisa	9.733292
es	wikisource	se ven	2	1421	seven	pt	wikisource	neves	1	270	neves	12.861938
es	wikisource	ese le	2	19	esele	pt	wikisource	ele se	2	1668	elese	10.415712
es	wikisource	raúl	1	705	raul	pt	wikisource	luar	1	980	luar	13.448188
es	wikisource	ése le	2	12	esele	pt	wikisource	ele se	2	1668	elese	9.984929
es	wikisource	sano	1	1624	sano	pt	wikisource	o nas	2	53	onas	11.382247
es	wikisource	ir al	2	1661	iral	pt	wikisource	lari	1	15	lari	10.188366
es	wikisource	amor a	2	1353	amora	pt	wikisource	aroma	1	318	aroma	12.97601
es	wikisource	snob	1	22	snob	pt	wikisource	bons	1	1630	bons	10.532443
es	wikisource	así el	2	1627	asiel	pt	wikisource	leis a	2	20	leisa	10.43963
es	wikisource	moda	1	1574	moda	pt	wikisource	a dom	2	64	adom	11.536398
es	wikisource	leve	1	1628	leve	pt	wikisource	e vel	2	7	evel	9.475163
es	wikisource	mata	1	1603	mata	pt	wikisource	atam	1	14	atam	10.088306
es	wikisource	etna	1	82	etna	pt	wikisource	ante	1	1529	ante	11.751864
es	wikisource	mata	1	1603	mata	pt	wikisource	a tam	2	5	atam	9.172015
es	wikisource	caña	1	1547	cana	pt	wikisource	anac	1	58	anac	11.422256
es	wikisource	son e	2	12	sone	pt	wikisource	e nos	2	1580	enos	9.930762
es	wikisource	moda	1	1574	moda	pt	wikisource	adom	1	12	adom	9.92696
es	wikisource	si os	2	636	sios	pt	wikisource	sois	1	947	sois	13.311124
es	wikisource	toro	1	1576	toro	pt	wikisource	orot	1	6	orot	9.30919
es	wikisource	ó nos	2	5	onos	pt	wikisource	sono	1	1574	sono	9.15377
es	wikisource	mi fa	2	8	mifa	pt	wikisource	a fim	2	1567	afim	9.554781
es	wikisource	seas	1	1553	seas	pt	wikisource	saes	1	5	saes	9.140347
es	wikisource	emes	1	7	emes	pt	wikisource	se me	2	1533	seme	9.415076
es	wikisource	sí sí	2	1516	sisi	pt	wikisource	ísis	1	23	isis	10.502544
es	wikisource	sí sí	2	1516	sisi	pt	wikisource	isis	1	18	isis	10.268929
es	wikisource	auto	1	1523	auto	pt	wikisource	ó tu a	3	5	otua	9.120853
es	wikisource	seré	1	1515	sere	pt	wikisource	eres	1	6	eres	9.269741
es	wikisource	rama	1	1503	rama	pt	wikisource	a mar	2	15	amar	10.088472
es	wikisource	o ana	2	5	oana	pt	wikisource	a não	2	1505	anao	9.108972
es	wikisource	atraca	1	16	atraca	pt	wikisource	a carta	2	1489	acarta	10.139745
es	wikisource	mared	1	9	mared	pt	wikisource	deram	1	1495	deram	9.613135
es	wikisource	dias	1	1388	dias	pt	wikisource	said	1	111	said	11.954838
es	wikisource	saco	1	1474	saco	pt	wikisource	ocas	1	25	ocas	10.55451
es	wikisource	adama	1	14	adama	pt	wikisource	amada	1	1484	amada	10.01122
es	wikisource	aura	1	1097	aura	pt	wikisource	à rua	2	401	arua	12.997698
es	wikisource	adam a	2	9	adama	pt	wikisource	amada	1	1484	amada	9.605755
es	wikisource	a dama	2	6	adama	pt	wikisource	amada	1	1484	amada	9.24908
es	wikisource	amor a	2	1353	amora	pt	wikisource	a roma	2	132	aroma	12.101168
es	wikisource	uno a	2	1474	unoa	pt	wikisource	a onu	2	10	aonu	9.694309
es	wikisource	la mina	2	312	lamina	pt	wikisource	animal	1	1170	animal	12.811817
es	wikisource	al sol	2	1473	alsol	pt	wikisource	los lá	2	5	losla	9.087495
es	wikisource	saca	1	1467	saca	pt	wikisource	a cas	2	11	acas	9.776563
es	wikisource	ii iv	2	30	iiiv	pt	wikisource	viii	1	1447	viii	10.711926
es	wikisource	sede	1	1363	sede	pt	wikisource	e des	2	110	edes	11.927707
es	wikisource	si de	2	1468	side	pt	wikisource	edis	1	5	edis	9.084097
es	wikisource	oír o	2	19	oiro	pt	wikisource	o rio	2	1452	orio	10.277118
es	wikisource	era lo	2	1451	eralo	pt	wikisource	olaré	1	19	olare	10.276429
es	wikisource	a comer	2	1442	acomer	pt	wikisource	remoça	1	9	remoca	9.577065
es	wikisource	osa con	2	5	osacon	pt	wikisource	no caso	2	1442	nocaso	9.066239
es	wikisource	áura	1	26	aura	pt	wikisource	a rua	2	1413	arua	10.550015
es	wikisource	alle	1	8	alle	pt	wikisource	ella	1	1430	ella	9.463353
es	wikisource	soir	1	13	soir	pt	wikisource	rios	1	1424	rios	9.900984
es	wikisource	él es	2	1261	eles	pt	wikisource	se lê	2	159	sele	12.215627
es	wikisource	a suos	2	13	asuos	pt	wikisource	sousa	1	1406	sousa	9.888272
es	wikisource	área	1	1374	area	pt	wikisource	a era	2	44	aera	11.032871
es	wikisource	e doña	2	12	edona	pt	wikisource	ano de	2	1400	anode	9.809891
es	wikisource	leña	1	1006	lena	pt	wikisource	anel	1	405	anel	12.921084
es	wikisource	elena	1	1377	elena	pt	wikisource	anel e	2	26	anele	10.524225
es	wikisource	ella le	2	1387	ellale	pt	wikisource	ela lle	2	11	elalle	9.720526
es	wikisource	no el	2	1359	noel	pt	wikisource	leon	1	33	leon	10.741601
es	wikisource	ser a	2	448	sera	pt	wikisource	ares	1	937	ares	12.950773
es	wikisource	sede	1	1363	sede	pt	wikisource	edes	1	19	edes	10.213909
es	wikisource	área	1	1374	area	pt	wikisource	à era	2	6	aera	9.172119
es	wikisource	no el	2	1359	noel	pt	wikisource	león	1	17	leon	10.105612
es	wikisource	no el	2	1359	noel	pt	wikisource	léon	1	6	leon	9.16115
es	wikisource	metal	1	1299	metal	pt	wikisource	lá tem	2	40	latem	10.883692
es	wikisource	revés	1	1127	reves	pt	wikisource	se ver	2	212	sever	12.389494
es	wikisource	a mil	2	602	amil	pt	wikisource	lima	1	732	lima	12.999063
es	wikisource	lámina	1	163	lamina	pt	wikisource	animal	1	1170	animal	12.16548
es	wikisource	o como	2	1326	ocomo	pt	wikisource	o mocó	2	6	omoco	9.136586
es	wikisource	metió	1	1306	metio	pt	wikisource	o item	2	22	oitem	10.310984
es	wikisource	o a no	3	11	oano	pt	wikisource	o não	2	1315	onao	9.667259
es	wikisource	o año	2	10	oano	pt	wikisource	o não	2	1315	onao	9.580247
es	wikisource	muda	1	1307	muda	pt	wikisource	a dum	2	11	adum	9.661161
es	wikisource	metal	1	1299	metal	pt	wikisource	lá têm	2	8	latem	9.367344
es	wikisource	de mal	2	1282	demal	pt	wikisource	lamed	1	21	lamed	10.247999
es	wikisource	adad	1	39	adad	pt	wikisource	dada	1	1255	dada	10.824567
es	wikisource	la col	2	16	lacol	pt	wikisource	local	1	1271	local	9.981559
es	wikisource	á jah	2	10	ajah	pt	wikisource	haja	1	1273	haja	9.547812
es	wikisource	él es	2	1261	eles	pt	wikisource	se le	2	18	sele	10.084892
es	wikisource	amos	1	964	amos	pt	wikisource	soma	1	309	soma	12.6087
es	wikisource	o dama	2	6	odama	pt	wikisource	amado	1	1265	amado	9.089528
es	wikisource	a doña	2	1161	adona	pt	wikisource	ano da	2	105	anoda	11.721337
es	wikisource	él es	2	1261	eles	pt	wikisource	sele	1	5	sele	8.932213
es	wikisource	se van	2	1166	sevan	pt	wikisource	naves	1	70	naves	11.324872
es	wikisource	si era	2	1142	siera	pt	wikisource	a réis	2	93	areis	11.584706
es	wikisource	amen	1	201	amen	pt	wikisource	nem a	2	1031	nema	12.247522
es	wikisource	lana	1	1208	lana	pt	wikisource	anal	1	18	anal	10.041988
es	wikisource	si al	2	1210	sial	pt	wikisource	laís	1	15	lais	9.87179
es	wikisource	lamo	1	9	lamo	pt	wikisource	o mal	2	1215	omal	9.405907
es	wikisource	si al	2	1210	sial	pt	wikisource	lais	1	7	lais	9.178643
es	wikisource	supe	1	1180	supe	pt	wikisource	e pus	2	31	epus	10.539853
es	wikisource	aera	1	11	aera	pt	wikisource	área	1	1194	area	9.570808
es	wikisource	aroma	1	866	aroma	pt	wikisource	amor a	2	330	amora	12.567157
es	wikisource	vara	1	1188	vara	pt	wikisource	a rav	2	5	arav	8.872627
es	wikisource	oido	1	180	oido	pt	wikisource	ódio	1	1008	odio	12.115212
es	wikisource	sana	1	1140	sana	pt	wikisource	a nas	2	46	anas	10.889808
es	wikisource	mete	1	685	mete	pt	wikisource	e tem	2	484	etem	12.715027
es	wikisource	si era	2	1142	siera	pt	wikisource	a reis	2	25	areis	10.299508
es	wikisource	eh lo	2	5	ehlo	pt	wikisource	olhe	1	1160	olhe	8.848796
es	wikisource	lo son	2	1105	loson	pt	wikisource	no sol	2	58	nosol	11.086043
es	wikisource	es al	2	587	esal	pt	wikisource	lá se	2	575	lase	12.732835
es	wikisource	rada	1	335	rada	pt	wikisource	a dar	2	824	adar	12.532495
es	wikisource	redes	1	1120	redes	pt	wikisource	se der	2	39	seder	10.710856
es	wikisource	sana	1	1140	sana	pt	wikisource	anás	1	19	anas	10.035393
es	wikisource	mate	1	1095	mate	pt	wikisource	e tam	2	63	etam	11.158306
es	wikisource	redes	1	1120	redes	pt	wikisource	seder	1	30	seder	10.455964
es	wikisource	sana	1	1140	sana	pt	wikisource	á nas	2	8	anas	9.236885
es	wikisource	sana	1	1140	sana	pt	wikisource	anas	1	5	anas	8.83142
es	wikisource	circ	1	1132	circ	pt	wikisource	cric	1	7	cric	9.112066
es	wikisource	mudo	1	1130	mudo	pt	wikisource	o dum	2	8	odum	9.228082
es	wikisource	sera	1	201	sera	pt	wikisource	ares	1	937	ares	12.152018
es	wikisource	ánimo de	2	1124	animode	pt	wikisource	e domina	2	10	edomina	9.423434
es	wikisource	autos	1	1120	autos	pt	wikisource	só tua	2	12	sotua	9.586926
es	wikisource	meter	1	1073	meter	pt	wikisource	retém	1	59	retem	11.07349
es	wikisource	revés	1	1127	reves	pt	wikisource	se vêr	2	5	sever	8.819961
es	wikisource	avión	1	221	avion	pt	wikisource	noiva	1	905	noiva	12.211717
es	wikisource	a la san	3	6	alasan	pt	wikisource	na sala	2	1111	nasala	8.959826
es	wikisource	en no	2	1109	enno	pt	wikisource	on ne	2	7	onne	9.091557
es	wikisource	a roma	2	785	aroma	pt	wikisource	amor a	2	330	amora	12.469075
es	wikisource	solar	1	1103	solar	pt	wikisource	ralos	1	11	ralos	9.491602
es	wikisource	amet	1	6	amet	pt	wikisource	tem a	2	1106	tema	8.955319
es	wikisource	aura	1	1097	aura	pt	wikisource	á rua	2	7	arua	9.080687
es	wikisource	ores	1	11	ores	pt	wikisource	ser o	2	1092	sero	9.481588
es	wikisource	ador	1	7	ador	pt	wikisource	roda	1	1094	roda	9.077951
es	wikisource	en eso	2	1094	eneso	pt	wikisource	o sén e	3	7	osene	9.077951
es	wikisource	meter	1	1073	meter	pt	wikisource	retêm	1	19	retem	9.974878
es	wikisource	omes	1	187	omes	pt	wikisource	sem o	2	895	semo	12.034382
es	wikisource	teme	1	1069	teme	pt	wikisource	emet	1	6	emet	8.921324
es	wikisource	omen	1	22	omen	pt	wikisource	nem o	2	1042	nemo	10.085351
es	wikisource	alea	1	14	alea	pt	wikisource	a ela	2	1047	aela	9.662689
es	wikisource	son el	2	1048	sonel	pt	wikisource	lê nos	2	11	lenos	9.440499
es	wikisource	á lea	2	9	alea	pt	wikisource	a ela	2	1047	aela	9.257224
es	wikisource	a lea	2	8	alea	pt	wikisource	a ela	2	1047	aela	9.151863
es	wikisource	meta	1	948	meta	pt	wikisource	a tem	2	98	atem	11.450529
es	wikisource	sane	1	39	sane	pt	wikisource	e nas	2	1006	enas	10.60361
es	wikisource	amarga	1	995	amarga	pt	wikisource	a grama	2	37	agrama	10.541333
es	wikisource	severo	1	1020	severo	pt	wikisource	o revés	2	11	oreves	9.413444
es	wikisource	rival	1	1023	rival	pt	wikisource	lá vir	2	5	lavir	8.723231
es	wikisource	paco	1	1019	paco	pt	wikisource	o cap	2	5	ocap	8.719317
es	wikisource	a tan	2	973	atan	pt	wikisource	natã	1	48	nata	10.773232
es	wikisource	sané	1	10	sane	pt	wikisource	e nas	2	1006	enas	9.312626
es	wikisource	aula	1	274	aula	pt	wikisource	a lua	2	739	alua	12.223421
es	wikisource	a tan	2	973	atan	pt	wikisource	nata	1	38	nata	10.544973
es	wikisource	zapa	1	74	zapa	pt	wikisource	a paz	2	937	apaz	11.161238
es	wikisource	sones	1	199	sones	pt	wikisource	se nos	2	811	senos	11.997818
es	wikisource	su edad	2	1001	suedad	pt	wikisource	dá deus	2	7	dadeus	8.989195
es	wikisource	art el	2	5	artel	pt	wikisource	letra	1	1002	letra	8.70251
es	wikisource	aroma	1	866	aroma	pt	wikisource	amor à	2	139	amora	11.706681
es	wikisource	raul	1	25	raul	pt	wikisource	luar	1	980	luar	10.146669
es	wikisource	vase	1	938	vase	pt	wikisource	esav	1	64	esav	11.019203
es	wikisource	záparo	1	28	zaparo	pt	wikisource	o rapaz	2	972	orapaz	10.24768
es	wikisource	a tres	2	992	atres	pt	wikisource	sertã	1	5	serta	8.69249
es	wikisource	aún en	2	985	aunen	pt	wikisource	nen ũa	2	8	nenua	9.090881
es	wikisource	edad y	2	978	edady	pt	wikisource	ydade	1	15	ydade	9.65912
es	wikisource	ue se	2	12	uese	pt	wikisource	e seu	2	980	eseu	9.453522
es	wikisource	o cómo	2	102	ocomo	pt	wikisource	o moço	2	883	omoco	11.419186
es	wikisource	ésos	1	289	esos	pt	wikisource	só se	2	695	sose	12.215231
es	wikisource	sí os	2	33	sios	pt	wikisource	sois	1	947	sois	10.380715
es	wikisource	servil	1	345	servil	pt	wikisource	livres	1	634	livres	12.300064
es	wikisource	amos	1	964	amos	pt	wikisource	som a	2	12	soma	9.437077
es	wikisource	a san	2	951	asan	pt	wikisource	na sa	2	24	nasa	10.077441
es	wikisource	meta	1	948	meta	pt	wikisource	a têm	2	18	atem	9.799848
es	wikisource	sí la	2	956	sila	pt	wikisource	alis	1	7	alis	8.943245
es	wikisource	ser á	2	25	sera	pt	wikisource	ares	1	937	ares	10.101846
es	wikisource	maíz	1	954	maiz	pt	wikisource	ziam	1	6	ziam	8.807621
es	wikisource	serà	1	23	sera	pt	wikisource	ares	1	937	ares	10.021804
es	wikisource	a san	2	951	asan	pt	wikisource	nas a	2	8	nasa	9.05579
es	wikisource	aras	1	565	aras	pt	wikisource	sara	1	394	sara	12.31748
es	wikisource	liga	1	880	liga	pt	wikisource	ágil	1	78	agil	11.150505
es	wikisource	rota	1	783	rota	pt	wikisource	ator	1	175	ator	11.834893
es	wikisource	adán	1	917	adan	pt	wikisource	na da	2	40	nada	10.535769
es	wikisource	meta	1	948	meta	pt	wikisource	atem	1	5	atem	8.647168
es	wikisource	meta	1	948	meta	pt	wikisource	atém	1	5	atem	8.647168
es	wikisource	esa le	2	6	esale	pt	wikisource	ela se	2	944	elase	8.797095
es	wikisource	omar	1	483	omar	pt	wikisource	ramo	1	465	ramo	12.326271
es	wikisource	edem	1	13	edem	pt	wikisource	me de	2	931	mede	9.47639
es	wikisource	sér á	2	6	sera	pt	wikisource	ares	1	937	ares	8.78966
es	wikisource	ó como	2	53	ocomo	pt	wikisource	o moço	2	883	omoco	10.773441
es	wikisource	me es	2	920	mees	pt	wikisource	seem	1	7	seem	8.904902
es	wikisource	a roma	2	785	aroma	pt	wikisource	amor à	2	139	amora	11.608599
es	wikisource	e med	2	6	emed	pt	wikisource	de me	2	918	deme	8.769196
es	wikisource	oh lo	2	28	ohlo	pt	wikisource	olho	1	890	olho	10.15964
es	wikisource	eder	1	6	eder	pt	wikisource	rede	1	908	rede	8.758255
es	wikisource	vana	1	901	vana	pt	wikisource	a nav	2	11	anav	9.289521
es	wikisource	orar	1	287	orar	pt	wikisource	raro	1	615	raro	12.086207
es	wikisource	se vá	2	15	seva	pt	wikisource	aves	1	886	aves	9.560434
es	wikisource	seña	1	811	sena	pt	wikisource	anes	1	85	anes	11.153848
es	wikisource	seva	1	5	seva	pt	wikisource	aves	1	886	aves	8.579604
es	wikisource	abaca	1	26	abaca	pt	wikisource	acaba	1	861	acaba	10.055092
es	wikisource	liga	1	880	liga	pt	wikisource	agil	1	6	agil	8.726968
es	wikisource	a vos	2	854	avos	pt	wikisource	sova	1	31	sova	10.216837
es	wikisource	liga	1	880	liga	pt	wikisource	a gil	2	5	agil	8.572817
es	wikisource	edades	1	862	edades	pt	wikisource	seda de	2	21	sedade	9.851457
es	wikisource	aroma	1	866	aroma	pt	wikisource	amor á	2	14	amora	9.473089
es	wikisource	ágil	1	578	agil	pt	wikisource	liga	1	300	liga	12.068413
es	wikisource	aroma	1	866	aroma	pt	wikisource	amora	1	10	amora	9.162934
es	wikisource	aroma	1	866	aroma	pt	wikisource	a mora	2	8	amora	8.962264
es	wikisource	salta	1	828	salta	pt	wikisource	atlas	1	44	atlas	10.526883
es	wikisource	otoño	1	866	otono	pt	wikisource	o noto	2	5	onoto	8.556798
es	wikisource	atón	1	9	aton	pt	wikisource	nota	1	861	nota	9.06184
es	wikisource	miro	1	837	miro	pt	wikisource	o rim	2	27	orim	10.063223
es	wikisource	ames	1	94	ames	pt	wikisource	sem a	2	764	sema	11.193753
es	wikisource	raras	1	821	raras	pt	wikisource	sarar	1	37	sarar	10.349327
es	wikisource	adargas	1	25	adargas	pt	wikisource	sagrada	1	832	sagrada	9.98313
es	wikisource	usan	1	845	usan	pt	wikisource	na su	2	10	nasu	9.138415
es	wikisource	muelle	1	829	muelle	pt	wikisource	elle um	2	22	elleum	9.85692
es	wikisource	aman	1	839	aman	pt	wikisource	na má	2	11	nama	9.218309
es	wikisource	le es	2	780	lees	pt	wikisource	se el	2	64	seel	10.834962
es	wikisource	assí	1	834	assi	pt	wikisource	issa	1	6	issa	8.673342
es	wikisource	eras	1	829	eras	pt	wikisource	sare	1	7	sare	8.800867
es	wikisource	si os	2	636	sios	pt	wikisource	sóis	1	199	sois	11.755087
es	wikisource	son en	2	829	sonen	pt	wikisource	nen os	2	5	nenos	8.513185
es	wikisource	ánima	1	805	anima	pt	wikisource	a mina	2	28	amina	10.05938
es	wikisource	orbe	1	823	orbe	pt	wikisource	ebro	1	9	ebro	9.016756
es	wikisource	ni me	2	821	nime	pt	wikisource	e min	2	7	emin	8.791182
es	wikisource	ramon	1	149	ramon	pt	wikisource	no mar	2	679	nomar	11.532728
es	wikisource	son es	2	15	sones	pt	wikisource	se nos	2	811	senos	9.472089
es	wikisource	sé ni	2	113	seni	pt	wikisource	inês	1	708	ines	11.300054
es	wikisource	o dos	2	735	odos	pt	wikisource	só do	2	84	sodo	11.043881
es	wikisource	ares	1	32	ares	pt	wikisource	ser a	2	785	sera	10.163464
es	wikisource	lata	1	242	lata	pt	wikisource	a tal	2	575	atal	11.849169
es	wikisource	a días	2	147	adias	pt	wikisource	saída	1	666	saida	11.500002
es	wikisource	lina	1	298	lina	pt	wikisource	anil	1	512	anil	11.940719
es	wikisource	roda	1	56	roda	pt	wikisource	a dor	2	750	ador	10.664457
es	wikisource	se daba	2	797	sedaba	pt	wikisource	abades	1	9	abades	8.984694
es	wikisource	mete	1	685	mete	pt	wikisource	e têm	2	120	etem	11.326668
es	wikisource	giro	1	763	giro	pt	wikisource	orig	1	41	orig	10.376237
es	wikisource	alas a	2	104	alasa	pt	wikisource	a sala	2	697	asala	11.202179
es	wikisource	son a	2	300	sona	pt	wikisource	a nós	2	500	anos	11.923716
es	wikisource	a roma	2	785	aroma	pt	wikisource	amor á	2	14	amora	9.375007
es	wikisource	ramo de	2	761	ramode	pt	wikisource	e do mar	3	38	edomar	10.299508
es	wikisource	a roma	2	785	aroma	pt	wikisource	amora	1	10	amora	9.064852
es	wikisource	la tan	2	114	latan	pt	wikisource	natal	1	681	natal	11.269962
es	wikisource	a res	2	9	ares	pt	wikisource	ser a	2	785	sera	8.969542
es	wikisource	amén	1	734	amen	pt	wikisource	nem à	2	60	nema	10.710744
es	wikisource	a roma	2	785	aroma	pt	wikisource	a mora	2	8	amora	8.864181
es	wikisource	amas	1	779	amas	pt	wikisource	sama	1	13	sama	9.298351
es	wikisource	emir	1	779	emir	pt	wikisource	ri me	2	12	rime	9.224243
es	wikisource	oír es	2	18	oires	pt	wikisource	sério	1	773	serio	9.596011
es	wikisource	sonó	1	711	sono	pt	wikisource	o nos	2	80	onos	10.962527
es	wikisource	amas	1	779	amas	pt	wikisource	samá	1	9	sama	8.961879
es	wikisource	emir	1	779	emir	pt	wikisource	rim e	2	8	rime	8.856518
es	wikisource	amés	1	20	ames	pt	wikisource	sem a	2	764	sema	9.684398
es	wikisource	rebasa	1	52	rebasa	pt	wikisource	a saber	2	731	asaber	10.566072
es	wikisource	amad	1	62	amad	pt	wikisource	dama	1	719	dama	10.722386
es	wikisource	harás	1	741	haras	pt	wikisource	sarah	1	39	sarah	10.298229
es	wikisource	arias	1	531	arias	pt	wikisource	saíra	1	248	saira	11.794096
es	wikisource	así le	2	597	asile	pt	wikisource	elisa	1	182	elisa	11.603077
es	wikisource	el amo	2	708	elamo	pt	wikisource	o mal e	3	71	omale	10.840522
es	wikisource	eliab	1	25	eliab	pt	wikisource	baile	1	751	baile	9.880833
es	wikisource	mures	1	5	mures	pt	wikisource	ser um	2	771	serum	8.440744
es	wikisource	a mes	2	11	ames	pt	wikisource	sem a	2	764	sema	9.124782
es	wikisource	adora	1	593	adora	pt	wikisource	à roda	2	181	aroda	11.590886
es	wikisource	miré	1	768	mire	pt	wikisource	e rim	2	5	erim	8.43685
es	wikisource	manso	1	767	manso	pt	wikisource	os nam	2	5	osnam	8.435549
es	wikisource	eco de	2	606	ecode	pt	wikisource	e doce	2	164	edoce	11.514474
es	wikisource	suam	1	25	suam	pt	wikisource	maus	1	742	maus	9.868793
es	wikisource	á mil	2	27	amil	pt	wikisource	lima	1	732	lima	9.92935
es	wikisource	argos	1	506	argos	pt	wikisource	sogra	1	251	sogra	11.75794
es	wikisource	marías	1	54	marias	pt	wikisource	saíram	1	700	sairam	10.559841
es	wikisource	mixta	1	740	mixta	pt	wikisource	atxim	1	7	atxim	8.687442
es	wikisource	el amo	2	708	elamo	pt	wikisource	o mal é	3	38	omale	10.227417
es	wikisource	ratón	1	421	raton	pt	wikisource	notar	1	323	notar	11.825749
es	wikisource	adora	1	593	adora	pt	wikisource	a roda	2	148	aroda	11.390826
es	wikisource	ac es	2	10	aces	pt	wikisource	seca	1	730	seca	8.992309
es	wikisource	amén	1	734	amen	pt	wikisource	nem á	2	6	nema	8.545781
es	wikisource	irak	1	727	irak	pt	wikisource	kari	1	6	kari	8.536211
es	wikisource	la sed	2	669	lased	pt	wikisource	de sal	2	59	desal	10.601622
es	wikisource	aviar	1	10	aviar	pt	wikisource	raiva	1	713	raiva	8.968778
es	wikisource	su luz	2	703	suluz	pt	wikisource	zulus	1	20	zulus	9.601301
es	wikisource	sale de	2	669	salede	pt	wikisource	e delas	2	53	edelas	10.496262
es	wikisource	soñé	1	255	sone	pt	wikisource	e nós	2	467	enos	11.693646
es	wikisource	mulas	1	692	mulas	pt	wikisource	salum	1	28	salum	9.908326
es	wikisource	aued	1	27	aued	pt	wikisource	deu a	2	690	deua	9.870344
es	wikisource	sonó	1	711	sono	pt	wikisource	o nós	2	5	onos	8.359837
es	wikisource	se ni	2	5	seni	pt	wikisource	inês	1	708	ines	8.355615
es	wikisource	si ese	2	359	siese	pt	wikisource	e seis	2	353	eseis	11.755401
es	wikisource	selle	1	16	selle	pt	wikisource	elles	1	694	elles	9.377125
es	wikisource	marias	1	7	marias	pt	wikisource	saíram	1	700	sairam	8.631949
es	wikisource	alas á	2	6	alasa	pt	wikisource	a sala	2	697	asala	8.494129
es	wikisource	a missa	2	10	amissa	pt	wikisource	assim a	2	692	assima	8.938925
es	wikisource	ah es	2	47	ahes	pt	wikisource	se há	2	655	seha	10.357362
es	wikisource	es sea	2	5	essea	pt	wikisource	a esse	2	697	aesse	8.339979
es	wikisource	ieres	1	19	ieres	pt	wikisource	serei	1	683	serei	9.52369
es	wikisource	es os	2	5	esos	pt	wikisource	só se	2	695	sose	8.337109
es	wikisource	eco de	2	606	ecode	pt	wikisource	é doce	2	93	edoce	10.951824
es	wikisource	es al	2	587	esal	pt	wikisource	las e	2	110	lase	11.086257
es	wikisource	robas	1	24	robas	pt	wikisource	sabor	1	671	sabor	9.729134
es	wikisource	arad	1	9	arad	pt	wikisource	dar a	2	685	dara	8.833463
es	wikisource	mete	1	685	mete	pt	wikisource	é tem	2	7	etem	8.610319
es	wikisource	mí se	2	588	mise	pt	wikisource	e sim	2	103	esim	11.022817
es	wikisource	abías	1	23	abias	pt	wikisource	saiba	1	665	saiba	9.679344
es	wikisource	al son	2	673	alson	pt	wikisource	nós lá	2	13	nosla	9.152287
es	wikisource	atada	1	264	atada	pt	wikisource	a data	2	421	adata	11.624735
es	wikisource	al son	2	673	alson	pt	wikisource	nos lá	2	10	nosla	8.911125
es	wikisource	arias	1	531	arias	pt	wikisource	sairá	1	152	saira	11.307081
es	wikisource	arroz	1	678	arroz	pt	wikisource	zorra	1	5	zorra	8.312381
es	wikisource	se lea	2	49	selea	pt	wikisource	a eles	2	634	aeles	10.365648
es	wikisource	sal en	2	66	salen	pt	wikisource	nelas	1	615	nelas	10.62794
es	wikisource	ocaso	1	567	ocaso	pt	wikisource	o saco	2	113	osaco	11.07832
es	wikisource	reta	1	31	reta	pt	wikisource	a ter	2	644	ater	9.934986
es	wikisource	a oír	2	549	aoir	pt	wikisource	rio a	2	125	rioa	11.1462
es	wikisource	sale de	2	669	salede	pt	wikisource	é delas	2	5	edelas	8.299037
es	wikisource	o sin	2	652	osin	pt	wikisource	niso	1	21	niso	9.57262
es	wikisource	á dias	2	5	adias	pt	wikisource	saída	1	666	saida	8.29455
es	wikisource	sí o de	3	5	siode	pt	wikisource	e dois	2	662	edois	8.288534
es	wikisource	cesó	1	651	ceso	pt	wikisource	o séc	2	13	osec	9.119102
es	wikisource	sorda	1	650	sorda	pt	wikisource	adros	1	14	adros	9.18656
es	wikisource	soles	1	595	soles	pt	wikisource	selos	1	67	selos	10.609748
es	wikisource	la rama	2	472	larama	pt	wikisource	amaral	1	188	amaral	11.400842
es	wikisource	metes	1	59	metes	pt	wikisource	se tem	2	598	setem	10.489606
es	wikisource	aias	1	17	aias	pt	wikisource	saia	1	636	saia	9.347141
es	wikisource	tupac	1	76	tupac	pt	wikisource	caput	1	575	caput	10.699913
es	wikisource	a él le	3	575	aelle	pt	wikisource	elle a	2	75	ellea	10.686841
es	wikisource	sonia	1	635	sonia	pt	wikisource	aí nos	2	13	ainos	9.094256
es	wikisource	se os	2	621	seos	pt	wikisource	soes	1	26	soes	9.728777
es	wikisource	ser vil	2	13	servil	pt	wikisource	livres	1	634	livres	9.092682
es	wikisource	sosa	1	326	sosa	pt	wikisource	a sós	2	321	asos	11.564512
es	wikisource	mí se	2	588	mise	pt	wikisource	é sim	2	56	esim	10.421477
es	wikisource	a mal	2	328	amal	pt	wikisource	lama	1	312	lama	11.542261
es	wikisource	o trece	2	28	otrece	pt	wikisource	é certo	2	611	ecerto	9.784028
es	wikisource	eram	1	14	eram	pt	wikisource	mar e	2	624	mare	9.145802
es	wikisource	agrada	1	610	agrada	pt	wikisource	adarga	1	26	adarga	9.710934
es	wikisource	a des	2	23	ades	pt	wikisource	seda	1	611	seda	9.594786
es	wikisource	arad	1	9	arad	pt	wikisource	dará	1	624	dara	8.740337
es	wikisource	le dé	2	596	lede	pt	wikisource	e del	2	37	edel	10.029503
es	wikisource	se os	2	621	seos	pt	wikisource	sões	1	12	soes	8.997889
es	wikisource	a cara	2	453	acara	pt	wikisource	a raça	2	178	araca	11.305483
es	wikisource	ades	1	20	ades	pt	wikisource	seda	1	611	seda	9.461255
es	wikisource	roma e	2	7	romae	pt	wikisource	e amor	2	624	eamor	8.517193
es	wikisource	avaro	1	569	avaro	pt	wikisource	orava	1	60	orava	10.45651
es	wikisource	romae	1	5	romae	pt	wikisource	e amor	2	624	eamor	8.229511
es	wikisource	es al	2	587	esal	pt	wikisource	la se	2	41	lase	10.114397
es	wikisource	se os	2	621	seos	pt	wikisource	sóes	1	7	soes	8.512382
es	wikisource	me di	2	344	medi	pt	wikisource	idem	1	283	idem	11.492519
es	wikisource	se os	2	621	seos	pt	wikisource	só és	2	6	soes	8.37885
es	wikisource	aias	1	17	aias	pt	wikisource	saía	1	606	saia	9.298901
es	wikisource	saúl	1	543	saul	pt	wikisource	luas	1	80	luas	10.693398
es	wikisource	amo y	2	576	amoy	pt	wikisource	yoma	1	45	yoma	10.186484
es	wikisource	sí de	2	616	side	pt	wikisource	edis	1	5	edis	8.216628
es	wikisource	veré	1	588	vere	pt	wikisource	erev	1	33	erev	9.904787
es	wikisource	salén	1	5	salen	pt	wikisource	nelas	1	615	nelas	8.215006
es	wikisource	ad es	2	7	ades	pt	wikisource	seda	1	611	seda	8.496174
es	wikisource	así le	2	597	asile	pt	wikisource	e lisa	2	19	elisa	9.389323
es	wikisource	amor me	2	235	amorme	pt	wikisource	em roma	2	380	emroma	11.406631
es	wikisource	serte	1	71	serte	pt	wikisource	e três	2	544	etres	10.577452
es	wikisource	dote	1	571	dote	pt	wikisource	e tod	2	41	etod	10.086809
es	wikisource	mama	1	281	mama	pt	wikisource	amam	1	330	amam	11.444025
es	wikisource	ni es	2	604	nies	pt	wikisource	se in	2	5	sein	8.196988
es	wikisource	arar	1	103	arar	pt	wikisource	rara	1	504	rara	10.868949
es	wikisource	mera	1	576	mera	pt	wikisource	ar em	2	31	arem	9.823578
es	wikisource	zorra	1	327	zorra	pt	wikisource	arroz	1	279	arroz	11.427803
es	wikisource	a modo	2	600	amodo	pt	wikisource	o doma	2	5	odoma	8.190354
es	wikisource	metés	1	7	metes	pt	wikisource	se tem	2	598	setem	8.474703
es	wikisource	reto	1	415	reto	pt	wikisource	o ter	2	190	oter	11.282959
es	wikisource	adora	1	593	adora	pt	wikisource	á roda	2	11	aroda	8.871786
es	wikisource	al uso	2	599	aluso	pt	wikisource	o sul a	3	5	osula	8.188689
es	wikisource	túpac	1	29	tupac	pt	wikisource	caput	1	575	caput	9.757305
es	wikisource	lato	1	24	lato	pt	wikisource	o tal	2	579	otal	9.581904
es	wikisource	acabe	1	591	acabe	pt	wikisource	e baça	2	9	ebaca	8.686092
es	wikisource	es al	2	587	esal	pt	wikisource	las é	2	13	lase	9.015784
es	wikisource	me las	2	591	melas	pt	wikisource	sal em	2	9	salem	8.686092
es	wikisource	a oír	2	549	aoir	pt	wikisource	rio à	2	50	rioa	10.241744
es	wikisource	me las	2	591	melas	pt	wikisource	salém	1	8	salem	8.580731
es	wikisource	arias	1	531	arias	pt	wikisource	sair a	2	63	saira	10.435527
es	wikisource	leed	1	84	leed	pt	wikisource	de el	2	510	deel	10.679021
es	wikisource	ocio	1	542	ocio	pt	wikisource	oiço	1	51	oico	10.248353
es	wikisource	arias	1	531	arias	pt	wikisource	sair à	2	61	saira	10.403778
es	wikisource	ruda	1	576	ruda	pt	wikisource	adur	1	15	adur	9.130431
es	wikisource	ágil	1	578	agil	pt	wikisource	ligá	1	13	liga	9.00036
es	wikisource	odios	1	583	odios	pt	wikisource	soído	1	7	soido	8.449343
es	wikisource	sí en	2	584	sien	pt	wikisource	neis	1	6	neis	8.317522
es	wikisource	o suo	2	5	osuo	pt	wikisource	o uso	2	584	ouso	8.163371
es	wikisource	la ta	2	13	lata	pt	wikisource	a tal	2	575	atal	8.995165
es	wikisource	odios	1	583	odios	pt	wikisource	soido	1	5	soido	8.16166
es	wikisource	avaro	1	569	avaro	pt	wikisource	ora vá	2	17	orava	9.236008
es	wikisource	siamés	1	5	siames	pt	wikisource	se mais	2	581	semais	8.15823
es	wikisource	á obed	2	8	aobed	pt	wikisource	de boa	2	578	deboa	8.558527
es	wikisource	anam	1	24	anam	pt	wikisource	mana	1	561	mana	9.550378
es	wikisource	a él le	3	575	aelle	pt	wikisource	elle á	2	7	ellea	8.435549
es	wikisource	oyes	1	577	oyes	pt	wikisource	seyo	1	5	seyo	8.151333
es	wikisource	dote	1	571	dote	pt	wikisource	é tod	2	6	etod	8.295049
es	wikisource	ese le	2	19	esele	pt	wikisource	eles e	2	557	elese	9.320091
es	wikisource	mozas	1	527	mozas	pt	wikisource	sazom	1	46	sazom	10.119244
es	wikisource	aras	1	565	aras	pt	wikisource	sará	1	6	sara	8.284504
es	wikisource	ése le	2	12	esele	pt	wikisource	eles e	2	557	elese	8.889308
es	wikisource	a tula	2	10	atula	pt	wikisource	a luta	2	558	aluta	8.724045
es	wikisource	elim	1	8	elim	pt	wikisource	mil e	2	560	mile	8.526945
es	wikisource	me va	2	543	meva	pt	wikisource	avém	1	24	avem	9.517825
es	wikisource	si eres	2	357	sieres	pt	wikisource	sereis	1	209	sereis	11.227641
es	wikisource	olaf	1	8	olaf	pt	wikisource	falo	1	553	falo	8.514389
es	wikisource	ser te	2	15	serte	pt	wikisource	e três	2	544	etres	9.073375
es	wikisource	me los	2	489	melos	pt	wikisource	sol em	2	68	solem	10.428512
es	wikisource	anima	1	526	anima	pt	wikisource	a mina	2	28	amina	9.634496
es	wikisource	él os	2	115	elos	pt	wikisource	sol e	2	438	sole	10.83809
es	wikisource	sanos	1	519	sanos	pt	wikisource	só nas	2	33	sonas	9.780189
es	wikisource	o se le	3	110	osele	pt	wikisource	eles o	2	441	eleso	10.80084
es	wikisource	e si es	3	5	esies	pt	wikisource	sei se	2	545	seise	8.094378
es	wikisource	me va	2	543	meva	pt	wikisource	a vem	2	7	avem	8.378391
es	wikisource	mene	1	12	mene	pt	wikisource	e nem	2	533	enem	8.845345
es	wikisource	naval	1	513	naval	pt	wikisource	lavan	1	32	lavan	9.738731
es	wikisource	a sacar	2	537	asacar	pt	wikisource	raças a	2	5	racasa	8.079618
es	wikisource	abra	1	527	abra	pt	wikisource	arba	1	15	arba	9.041685
es	wikisource	lara	1	534	lara	pt	wikisource	aral	1	7	aral	8.361708
es	wikisource	saña	1	495	sana	pt	wikisource	a nas	2	46	anas	10.056724
es	wikisource	adela	1	531	adela	pt	wikisource	a leda	2	6	aleda	8.222554
es	wikisource	la era	2	434	laera	pt	wikisource	areal	1	103	areal	10.719737
es	wikisource	rimas	1	532	rimas	pt	wikisource	samir	1	5	samir	8.070281
es	wikisource	saeta	1	253	saeta	pt	wikisource	até as	2	283	ateas	11.186309
es	wikisource	mero	1	525	mero	pt	wikisource	orem	1	9	orem	8.567886
es	wikisource	moços	1	61	mocos	pt	wikisource	só com	2	470	socom	10.281992
es	wikisource	sanos	1	519	sanos	pt	wikisource	son as	2	12	sonas	8.818778
es	wikisource	son á	2	30	sona	pt	wikisource	a nós	2	500	anos	9.650593
es	wikisource	nemo	1	513	nemo	pt	wikisource	om en	2	16	omen	9.075437
es	wikisource	señá	1	443	sena	pt	wikisource	anes	1	85	anes	10.550172
es	wikisource	ue me	2	5	ueme	pt	wikisource	é meu	2	521	emeu	8.049427
es	wikisource	sales	1	513	sales	pt	wikisource	selas	1	12	selas	8.807173
es	wikisource	acude	1	500	acude	pt	wikisource	educa	1	24	educa	9.435482
es	wikisource	ir en	2	502	iren	pt	wikisource	neri	1	22	neri	9.356084
es	wikisource	metía	1	474	metia	pt	wikisource	aí tem	2	49	aitem	10.075338
es	wikisource	liña	1	10	lina	pt	wikisource	anil	1	512	anil	8.638171
es	wikisource	año se	2	510	anose	pt	wikisource	e só na	3	11	esona	8.721276
es	wikisource	es él	2	486	esel	pt	wikisource	lê se	2	32	lese	9.684772
es	wikisource	ir en	2	502	iren	pt	wikisource	néri	1	16	neri	9.053804
es	wikisource	mono	1	492	mono	pt	wikisource	o nom	2	24	onom	9.419385
es	wikisource	ocas	1	13	ocas	pt	wikisource	saco	1	501	saco	8.857657
es	wikisource	saña	1	495	sana	pt	wikisource	anás	1	19	anas	9.202308
es	wikisource	sila	1	507	sila	pt	wikisource	alis	1	7	alis	8.309923
es	wikisource	á ser	2	509	aser	pt	wikisource	resá	1	5	resa	8.02617
es	wikisource	acude	1	500	acude	pt	wikisource	educá	1	13	educa	8.855663
es	wikisource	muse	1	10	muse	pt	wikisource	és um	2	503	esum	8.620472
es	wikisource	son a	2	300	sona	pt	wikisource	a nos	2	212	anos	11.068402
es	wikisource	olot	1	26	olot	pt	wikisource	tolo	1	485	tolo	9.482045
es	wikisource	saeta	1	253	saeta	pt	wikisource	até às	2	256	ateas	11.08641
es	wikisource	sona	1	9	sona	pt	wikisource	a nós	2	500	anos	8.519191
es	wikisource	la era	2	434	laera	pt	wikisource	a real	2	71	areal	10.352012
es	wikisource	maña	1	489	mana	pt	wikisource	a nam	2	15	anam	8.966994
es	wikisource	sale a	2	280	salea	pt	wikisource	a elas	2	224	aelas	11.054455
es	wikisource	saña	1	495	sana	pt	wikisource	á nas	2	8	anas	8.403801
es	wikisource	mocos	1	32	mocos	pt	wikisource	só com	2	470	socom	9.651366
es	wikisource	sebo	1	497	sebo	pt	wikisource	obes	1	5	obes	8.00236
es	wikisource	moso	1	31	moso	pt	wikisource	o som	2	469	osom	9.618469
es	wikisource	saña	1	495	sana	pt	wikisource	anas	1	5	anas	7.998335
es	wikisource	me vi	2	466	mevi	pt	wikisource	iv em	2	33	ivem	9.67269
es	wikisource	éter	1	456	eter	pt	wikisource	retê	1	43	rete	9.908873
es	wikisource	a carga	2	5	acarga	pt	wikisource	a graça	2	492	agraca	7.992269
es	wikisource	rey a	2	480	reya	pt	wikisource	ayer	1	17	ayer	9.066239
es	wikisource	tal o	2	484	talo	pt	wikisource	olat	1	7	olat	8.26359
es	wikisource	me te	2	6	mete	pt	wikisource	e tem	2	484	etem	8.130059
es	wikisource	meté	1	5	mete	pt	wikisource	e tem	2	484	etem	7.975908
es	wikisource	mal a	2	482	mala	pt	wikisource	alam	1	6	alam	8.125927
es	wikisource	sopa	1	451	sopa	pt	wikisource	apos	1	37	apos	9.751268
es	wikisource	serias	1	464	serias	pt	wikisource	saíres	1	23	saires	9.320091
es	wikisource	metía	1	474	metia	pt	wikisource	aí têm	2	11	aitem	8.648221
es	wikisource	meas	1	16	meas	pt	wikisource	saem	1	468	saem	8.983816
es	wikisource	sonad	1	12	sonad	pt	wikisource	danos	1	472	danos	8.724045
es	wikisource	sanes	1	22	sanes	pt	wikisource	se nas	2	460	senas	9.268892
es	wikisource	a cara	2	453	acara	pt	wikisource	araçá	1	26	araca	9.413934
es	wikisource	son e	2	12	sone	pt	wikisource	e nós	2	467	enos	8.713418
es	wikisource	a cara	2	453	acara	pt	wikisource	à raça	2	24	araca	9.336973
es	wikisource	al mes	2	469	almes	pt	wikisource	sem lá	2	6	semla	8.098643
es	wikisource	o mar	2	10	omar	pt	wikisource	ramo	1	465	ramo	8.542081
es	wikisource	remo	1	460	remo	pt	wikisource	omer	1	15	omer	8.905987
es	wikisource	roce	1	413	roce	pt	wikisource	e cor	2	62	ecor	10.169001
es	wikisource	sopa	1	451	sopa	pt	wikisource	a pôs	2	24	apos	9.332558
es	wikisource	remo	1	460	remo	pt	wikisource	ômer	1	11	omer	8.618305
es	wikisource	ama a	2	311	amaa	pt	wikisource	a ama	2	158	aama	10.811907
es	wikisource	a ras	2	74	aras	pt	wikisource	sara	1	394	sara	10.296374
es	wikisource	a son	2	51	ason	pt	wikisource	nos a	2	409	nosa	9.967401
es	wikisource	no da	2	445	noda	pt	wikisource	a don	2	15	adon	8.872908
es	wikisource	ramo a	2	21	ramoa	pt	wikisource	ao mar	2	439	aomar	9.177817
es	wikisource	reso	1	16	reso	pt	wikisource	o ser	2	444	oser	8.931288
es	wikisource	ser a	2	448	sera	pt	wikisource	a rês	2	12	ares	8.671972
es	wikisource	ue me	2	5	ueme	pt	wikisource	e meu	2	455	emeu	7.914252
es	wikisource	ya ve	2	454	yave	pt	wikisource	e vay	2	5	evay	7.912057
es	wikisource	e si la	3	19	esila	pt	wikisource	ali se	2	437	alise	9.077951
es	wikisource	el os	2	15	elos	pt	wikisource	sol e	2	438	sole	8.857088
es	wikisource	arado	1	443	arado	pt	wikisource	o dar a	3	9	odara	8.39841
es	wikisource	amar a	2	423	amara	pt	wikisource	a rama	2	28	arama	9.417029
es	wikisource	non e	2	11	none	pt	wikisource	e non	2	440	enon	8.573952
es	wikisource	olla	1	445	olla	pt	wikisource	allo	1	6	allo	8.046229
es	wikisource	ítem	1	355	item	pt	wikisource	meti	1	96	meti	10.449642
es	wikisource	ó se le	3	9	osele	pt	wikisource	eles o	2	441	eleso	8.393895
es	wikisource	arado	1	443	arado	pt	wikisource	o dar à	3	6	odara	8.041735
es	wikisource	arado	1	443	arado	pt	wikisource	o dará	2	6	odara	8.041735
es	wikisource	et es	2	69	etes	pt	wikisource	se te	2	380	sete	10.191295
es	wikisource	la era	2	434	laera	pt	wikisource	à real	2	15	areal	8.847935
es	wikisource	non è	2	7	none	pt	wikisource	e non	2	440	enon	8.168486
es	wikisource	non é	2	7	none	pt	wikisource	e non	2	440	enon	8.168486
es	wikisource	la unam	2	14	launam	pt	wikisource	manual	1	430	manual	8.774158
es	wikisource	mí tal	2	26	mital	pt	wikisource	latim	1	418	latim	9.333708
es	wikisource	elos	1	5	elos	pt	wikisource	sol e	2	438	sole	7.876259
es	wikisource	item	1	346	item	pt	wikisource	meti	1	96	meti	10.424036
es	wikisource	lena	1	36	lena	pt	wikisource	anel	1	405	anel	9.617271
es	wikisource	acuña	1	387	acuna	pt	wikisource	a nuca	2	53	anuca	9.949989
es	wikisource	illa	1	140	illa	pt	wikisource	alli	1	299	alli	10.652542
es	wikisource	metí	1	239	meti	pt	wikisource	item	1	199	item	10.778956
es	wikisource	lame	1	78	lame	pt	wikisource	e mal	2	359	emal	10.255552
es	wikisource	roce	1	413	roce	pt	wikisource	é cor	2	22	ecor	9.16136
es	wikisource	lata	1	242	lata	pt	wikisource	atal	1	192	atal	10.755752
es	wikisource	ama de	2	428	amade	pt	wikisource	é dama	2	5	edama	7.853216
es	wikisource	amor á	2	115	amora	pt	wikisource	aroma	1	318	aroma	10.518781
es	wikisource	e non	2	263	enon	pt	wikisource	non é	2	170	none	10.717613
es	wikisource	el ave	2	419	elave	pt	wikisource	e vale	2	14	evale	8.748305
es	wikisource	amar a	2	423	amara	pt	wikisource	a ramá	2	8	arama	8.246958
es	wikisource	e dos	2	43	edos	pt	wikisource	só de	2	387	sode	9.745195
es	wikisource	late	1	211	late	pt	wikisource	e tal	2	219	etal	10.750214
es	wikisource	suegra	1	422	suegra	pt	wikisource	argeus	1	8	argeus	8.244597
es	wikisource	elam	1	25	elam	pt	wikisource	mal e	2	404	male	9.261984
es	wikisource	áura	1	26	aura	pt	wikisource	à rua	2	401	arua	9.292289
es	wikisource	o son	2	162	oson	pt	wikisource	nós o	2	263	noso	10.669699
es	wikisource	ciro	1	419	ciro	pt	wikisource	o ric	2	5	oric	7.832014
es	wikisource	sien	1	417	sien	pt	wikisource	neis	1	6	neis	7.981392
es	wikisource	riva	1	249	riva	pt	wikisource	a vir	2	173	avir	10.680516
es	wikisource	sí los	2	413	silos	pt	wikisource	solis	1	9	solis	8.328451
es	wikisource	mi fe	2	379	mife	pt	wikisource	e fim	2	40	efim	9.653743
es	wikisource	mole	1	412	mole	pt	wikisource	elom	1	7	elom	8.102889
es	wikisource	año a	2	410	anoa	pt	wikisource	ão na	2	8	aona	8.215818
es	wikisource	esos sí	2	20	esossi	pt	wikisource	isso se	2	398	issose	9.033484
es	wikisource	métele	1	6	metele	pt	wikisource	ele tem	2	412	eletem	7.969358
es	wikisource	si esa	2	220	siesa	pt	wikisource	a seis	2	197	aseis	10.68643
es	wikisource	o les	2	121	oles	pt	wikisource	selo	1	295	selo	10.49438
es	wikisource	nata	1	317	nata	pt	wikisource	atan	1	97	atan	10.347019
es	wikisource	en cara	2	396	encara	pt	wikisource	aracne	1	17	aracne	8.874308
es	wikisource	acusa	1	405	acusa	pt	wikisource	a sucá	2	6	asuca	7.952263
es	wikisource	el am	2	6	elam	pt	wikisource	mal e	2	404	male	7.949797
es	wikisource	amet	1	6	amet	pt	wikisource	tema	1	403	tema	7.947325
es	wikisource	ya ya	2	385	yaya	pt	wikisource	ay ay	2	24	ayay	9.174713
es	wikisource	atada	1	264	atada	pt	wikisource	à data	2	141	adata	10.535557
es	wikisource	emita	1	393	emita	pt	wikisource	a ti me	3	12	atime	8.5413
es	wikisource	oral	1	394	oral	pt	wikisource	lar o	2	11	laro	8.463792
es	wikisource	la turba	2	398	laturba	pt	wikisource	a brutal	2	6	abrutal	7.934872
es	wikisource	mesía	1	390	mesia	pt	wikisource	aí sem	2	14	aisem	8.676758
es	wikisource	su ama	2	399	suama	pt	wikisource	a maus	2	5	amaus	7.783224
es	wikisource	tíos	1	397	tios	pt	wikisource	soit	1	6	soit	7.932362
es	wikisource	assi	1	396	assi	pt	wikisource	issa	1	6	issa	7.929846
es	wikisource	acuña	1	387	acuna	pt	wikisource	à nuca	2	14	anuca	8.669056
es	wikisource	o días	2	25	odias	pt	wikisource	saído	1	376	saido	9.190342
es	wikisource	arte la	2	118	artela	pt	wikisource	a letra	2	282	aletra	10.42457
es	wikisource	oídas	1	323	oidas	pt	wikisource	sadio	1	77	sadio	10.137452
es	wikisource	odias	1	23	odias	pt	wikisource	saído	1	376	saido	9.110299
es	wikisource	o nos	2	154	onos	pt	wikisource	só no	2	243	sono	10.540593
es	wikisource	aporte	1	380	aporte	pt	wikisource	e tropa	2	16	etropa	8.776013
es	wikisource	açor	1	11	acor	pt	wikisource	roça	1	385	roca	8.440744
es	wikisource	lava	1	384	lava	pt	wikisource	aval	1	9	aval	8.255828
es	wikisource	mas a	2	387	masa	pt	wikisource	a sam	2	6	asam	7.906915
es	wikisource	ó días	2	17	odias	pt	wikisource	saído	1	376	saido	8.822617
es	wikisource	aporta	1	110	aporta	pt	wikisource	a tropa	2	282	atropa	10.354977
es	wikisource	mecer	1	44	mecer	pt	wikisource	recém	1	348	recem	9.661734
es	wikisource	á roma	2	62	aroma	pt	wikisource	amor a	2	330	amora	9.945253
es	wikisource	sara	1	338	sara	pt	wikisource	aras	1	52	aras	9.796292
es	wikisource	añil	1	112	anil	pt	wikisource	lina	1	276	lina	10.351405
es	wikisource	me ve	2	173	meve	pt	wikisource	e vem	2	215	evem	10.534334
es	wikisource	rabo	1	377	rabo	pt	wikisource	o bar	2	11	obar	8.419801
es	wikisource	êtes	1	6	etes	pt	wikisource	se te	2	380	sete	7.88871
es	wikisource	mala fe	2	367	malafe	pt	wikisource	e falam	2	18	efalam	8.852522
es	wikisource	mesón	1	285	meson	pt	wikisource	nos em	2	100	nosem	10.271112
es	wikisource	sí ese	2	31	siese	pt	wikisource	e seis	2	353	eseis	9.335033
es	wikisource	anales	1	378	anales	pt	wikisource	se lá na	3	5	selana	7.729296
es	wikisource	o demo	2	8	odemo	pt	wikisource	o medo	2	375	omedo	8.126814
es	wikisource	mar a	2	354	mara	pt	wikisource	aram	1	27	aram	9.204322
es	wikisource	óvalo	1	71	ovalo	pt	wikisource	olavo	1	310	olavo	10.016459
es	wikisource	aita	1	45	aita	pt	wikisource	a tia	2	335	atia	9.645753
es	wikisource	ebro	1	261	ebro	pt	wikisource	orbe	1	118	orbe	10.347468
es	wikisource	roba	1	374	roba	pt	wikisource	abor	1	5	abor	7.718685
es	wikisource	sama	1	31	sama	pt	wikisource	amas	1	348	amas	9.320808
es	wikisource	o son	2	162	oson	pt	wikisource	nos o	2	214	noso	10.464388
es	wikisource	zafé	1	5	zafe	pt	wikisource	e faz	2	370	efaz	7.707962
es	wikisource	á mis	2	262	amis	pt	wikisource	sim a	2	112	sima	10.299542
es	wikisource	ajes	1	10	ajes	pt	wikisource	se já	2	361	seja	8.289539
es	wikisource	la me	2	11	lame	pt	wikisource	e mal	2	359	emal	8.371011
es	wikisource	a ir a	3	313	aira	pt	wikisource	ária	1	55	aria	9.774745
es	wikisource	si ése	2	14	siese	pt	wikisource	e seis	2	353	eseis	8.577347
es	wikisource	se ría	2	123	seria	pt	wikisource	aires	1	243	aires	10.31745
es	wikisource	oír a	2	332	oira	pt	wikisource	a rio	2	32	ario	9.30465
es	wikisource	amós	1	54	amos	pt	wikisource	soma	1	309	soma	9.743905
es	wikisource	asomar	1	339	asomar	pt	wikisource	ramos a	2	24	ramosa	9.047821
es	wikisource	rela	1	11	rela	pt	wikisource	a ler	2	352	aler	8.351375
es	wikisource	orad	1	36	orad	pt	wikisource	dar o	2	326	daro	9.400878
es	wikisource	sara	1	338	sara	pt	wikisource	ar as	2	24	aras	9.044876
es	wikisource	si eres	2	357	sieres	pt	wikisource	se reis	2	5	sereis	7.672292
es	wikisource	él les	2	332	elles	pt	wikisource	se lle	2	30	selle	9.24213
es	wikisource	a iii	2	39	aiii	pt	wikisource	iii a	2	318	iiia	9.454071
es	wikisource	ra de	2	14	rade	pt	wikisource	e dar	2	343	edar	8.548692
es	wikisource	a la fe	3	267	alafe	pt	wikisource	e fala	2	88	efala	10.079623
es	wikisource	alas a	2	104	alasa	pt	wikisource	à sala	2	251	asala	10.183389
es	wikisource	sacar a	2	342	sacara	pt	wikisource	araçás	1	13	aracas	8.476788
es	wikisource	a gil	2	53	agil	pt	wikisource	liga	1	300	liga	9.696094
es	wikisource	mesón	1	285	meson	pt	wikisource	nós em	2	68	nosem	9.890098
es	wikisource	rada	1	335	rada	pt	wikisource	adar	1	18	adar	8.76155
es	wikisource	sabias	1	293	sabias	pt	wikisource	saibas	1	60	saibas	9.794454
es	wikisource	anita	1	340	anita	pt	wikisource	a tina	2	12	atina	8.396832
es	wikisource	a rohán	2	27	arohan	pt	wikisource	na hora	2	324	nahora	9.11603
es	wikisource	el oso	2	189	eloso	pt	wikisource	o sol e	3	162	osole	10.340774
es	wikisource	aula	1	274	aula	pt	wikisource	à lua	2	76	alua	9.960577
es	wikisource	losa	1	316	losa	pt	wikisource	a sol	2	34	asol	9.31425
es	wikisource	nela	1	341	nela	pt	wikisource	alen	1	9	alen	8.137396
es	wikisource	asomar	1	339	asomar	pt	wikisource	ramos à	2	10	ramosa	8.226841
es	wikisource	manes	1	268	manes	pt	wikisource	se nam	2	80	senam	9.989161
es	wikisource	manes	1	268	manes	pt	wikisource	senam	1	80	senam	9.989161
es	wikisource	o poco	2	215	opoco	pt	wikisource	o copo	2	133	ocopo	10.273118
es	wikisource	rohán	1	333	rohan	pt	wikisource	nahor	1	15	nahor	8.58373
es	wikisource	e si el	3	42	esiel	pt	wikisource	leis e	2	305	leise	9.484785
es	wikisource	anita	1	340	anita	pt	wikisource	atina	1	6	atina	7.777793
es	wikisource	anita	1	340	anita	pt	wikisource	a ti na	3	5	atina	7.623642
es	wikisource	et ne	2	8	etne	pt	wikisource	ente	1	336	ente	8.017308
es	wikisource	le vino	2	196	levino	pt	wikisource	o nível	2	148	onivel	10.28715
es	wikisource	ama a	2	311	amaa	pt	wikisource	a amá	2	32	aama	9.239511
es	wikisource	avré	1	15	avre	pt	wikisource	erva	1	328	erva	8.568646
es	wikisource	le voy	2	337	levoy	pt	wikisource	yovel	1	6	yovel	7.768956
es	wikisource	líder	1	332	lider	pt	wikisource	redil	1	11	redil	8.293049
es	wikisource	ratones	1	338	ratones	pt	wikisource	se notar	2	5	senotar	7.61776
es	wikisource	rodó	1	245	rodo	pt	wikisource	odor	1	98	odor	10.100451
es	wikisource	sara	1	338	sara	pt	wikisource	a rãs	2	5	aras	7.61776
es	wikisource	alli	1	329	alli	pt	wikisource	illa	1	13	illa	8.43815
es	wikisource	atlas	1	143	atlas	pt	wikisource	salta	1	198	salta	10.263118
es	wikisource	sión	1	336	sion	pt	wikisource	nóis	1	5	nois	7.611842
es	wikisource	mote	1	335	mote	pt	wikisource	e tom	2	5	etom	7.608871
es	wikisource	e son	2	27	eson	pt	wikisource	nós e	2	312	nose	9.078408
es	wikisource	mocedad	1	334	mocedad	pt	wikisource	dade com	2	5	dadecom	7.60589
es	wikisource	se lee	2	325	selee	pt	wikisource	é eles	2	14	eeles	8.494948
es	wikisource	nata	1	317	nata	pt	wikisource	atán	1	21	atan	8.853094
es	wikisource	son me	2	8	sonme	pt	wikisource	em nós	2	329	emnos	7.996317
es	wikisource	á mal	2	25	amal	pt	wikisource	lama	1	312	lama	9.0043
es	wikisource	a mora	2	18	amora	pt	wikisource	aroma	1	318	aroma	8.70963
es	wikisource	anos	1	151	anos	pt	wikisource	só na	2	185	sona	10.249627
es	wikisource	ma ma	2	5	mama	pt	wikisource	amam	1	330	amam	7.593878
es	wikisource	issa	1	30	issa	pt	wikisource	assí	1	304	assi	9.154299
es	wikisource	el es	2	174	eles	pt	wikisource	se lê	2	159	sele	10.23996
es	wikisource	mansa	1	326	mansa	pt	wikisource	as nam	2	7	asnam	7.869402
es	wikisource	mes es	2	18	meses	pt	wikisource	se sem	2	315	sesem	8.700181
es	wikisource	amal	1	20	amal	pt	wikisource	lama	1	312	lama	8.790726
es	wikisource	arcas	1	242	arcas	pt	wikisource	sacra	1	90	sacra	10.003921
es	wikisource	aííi	1	14	aiii	pt	wikisource	iii a	2	318	iiia	8.473241
es	wikisource	o ara	2	5	oara	pt	wikisource	arão	1	327	arao	7.584773
es	wikisource	mona	1	306	mona	pt	wikisource	a nom	2	25	anom	8.984944
es	wikisource	nata	1	317	nata	pt	wikisource	a tan	2	14	atan	8.470102
es	wikisource	ésas	1	326	esas	pt	wikisource	sãs e	2	5	sase	7.58172
es	wikisource	esón	1	18	eson	pt	wikisource	nós e	2	312	nose	8.690642
es	wikisource	ésos	1	289	esos	pt	wikisource	sós e	2	41	sose	9.407551
es	wikisource	maría se	2	251	mariase	pt	wikisource	e saíram	2	78	esairam	9.898877
es	wikisource	ni te	2	299	nite	pt	wikisource	et in	2	30	etin	9.13777
es	wikisource	á toda	2	281	atoda	pt	wikisource	adota	1	47	adota	9.513108
es	wikisource	anís	1	244	anis	pt	wikisource	sina	1	83	sina	9.932075
es	wikisource	muele	1	38	muele	pt	wikisource	ele um	2	287	eleum	9.326522
es	wikisource	ser al	2	136	seral	pt	wikisource	lares	1	189	lares	10.167005
es	wikisource	ama a	2	311	amaa	pt	wikisource	à ama	2	13	aama	8.382061
es	wikisource	ágiles	1	290	agiles	pt	wikisource	se liga	2	34	seliga	9.228671
es	wikisource	sol a	2	308	sola	pt	wikisource	a los	2	14	alos	8.441391
es	wikisource	sena	1	236	sena	pt	wikisource	anes	1	85	anes	9.922407
es	wikisource	lema	1	314	lema	pt	wikisource	amel	1	6	amel	7.698483
es	wikisource	son a	2	300	sona	pt	wikisource	ãnos	1	20	anos	8.751633
es	wikisource	soñó	1	240	sono	pt	wikisource	o nos	2	80	onos	9.879246
es	wikisource	atar	1	305	atar	pt	wikisource	rata	1	14	rata	8.431635
es	wikisource	zeus	1	266	zeus	pt	wikisource	suez	1	53	suez	9.576233
es	wikisource	a ir a	3	313	aira	pt	wikisource	aria	1	5	aria	7.541152
es	wikisource	oír a las	3	14	oiralas	pt	wikisource	salário	1	304	salario	8.428362
es	wikisource	ue se	2	12	uese	pt	wikisource	é seu	2	306	eseu	8.291797
es	wikisource	aulas	1	309	aulas	pt	wikisource	salua	1	7	salua	7.816014
es	wikisource	suer	1	11	suer	pt	wikisource	réus	1	305	reus	8.208492
es	wikisource	oro con	2	283	orocon	pt	wikisource	no coro	2	32	nocoro	9.145482
es	wikisource	soñé	1	255	sone	pt	wikisource	é nos	2	59	enos	9.639522
es	wikisource	o doce	2	295	odoce	pt	wikisource	eco do	2	18	ecodo	8.634798
es	wikisource	reses	1	281	reses	pt	wikisource	se ser	2	32	seser	9.138415
es	wikisource	a la vela	3	299	alavela	pt	wikisource	a levá la	3	13	alevala	8.34284
es	wikisource	edesa	1	14	edesa	pt	wikisource	a sede	2	298	asede	8.408494
es	wikisource	o no se	3	286	onose	pt	wikisource	e só no	3	26	esono	8.955319
es	wikisource	son a	2	300	sona	pt	wikisource	an os	2	12	anos	8.27206
es	wikisource	anac	1	8	anac	pt	wikisource	cana	1	303	cana	7.914252
es	wikisource	late	1	211	late	pt	wikisource	é tal	2	100	etal	9.971707
es	wikisource	oírme	1	291	oirme	pt	wikisource	em rio	2	20	emrio	8.721276
es	wikisource	ahí la	2	286	ahila	pt	wikisource	ali há	2	24	aliha	8.878358
es	wikisource	o ama	2	15	oama	pt	wikisource	à mão	2	295	amao	8.462948
es	wikisource	o iii	2	74	oiii	pt	wikisource	iii o	2	236	iiio	9.785548
es	wikisource	oí la	2	73	oila	pt	wikisource	ali o	2	237	alio	9.776336
es	wikisource	ataca	1	245	ataca	pt	wikisource	à cata	2	63	acata	9.664215
es	wikisource	son a	2	300	sona	pt	wikisource	á nos	2	8	anos	7.904335
es	wikisource	a la luna	3	302	alaluna	pt	wikisource	anulá la	2	5	anulala	7.505492
es	wikisource	son a	2	300	sona	pt	wikisource	à nós	2	6	anos	7.65302
es	wikisource	asuma	1	173	asuma	pt	wikisource	a musa	2	132	amusa	10.049404
es	wikisource	seven	1	35	seven	pt	wikisource	neves	1	270	neves	9.185638
es	wikisource	son a	2	300	sona	pt	wikisource	años	1	5	anos	7.49887
es	wikisource	nones	1	150	nones	pt	wikisource	se non	2	154	senon	10.060705
es	wikisource	a nos	2	118	anos	pt	wikisource	só na	2	185	sona	10.00487
es	wikisource	a poca	2	257	apoca	pt	wikisource	a copa	2	46	acopa	9.403107
es	wikisource	laúd	1	296	laud	pt	wikisource	dual	1	7	dual	7.773174
es	wikisource	atroces	1	281	atroces	pt	wikisource	se corta	2	21	secorta	8.73295
es	wikisource	amo de	2	296	amode	pt	wikisource	edom a	2	5	edoma	7.485492
es	wikisource	o se le	3	110	osele	pt	wikisource	ele só	2	191	eleso	9.967026
es	wikisource	olés	1	6	oles	pt	wikisource	selo	1	295	selo	7.63627
es	wikisource	siam	1	25	siam	pt	wikisource	máis	1	276	mais	8.882114
es	wikisource	ó les	2	5	oles	pt	wikisource	selo	1	295	selo	7.482119
es	wikisource	adoran	1	247	adoran	pt	wikisource	na roda	2	52	naroda	9.483721
es	wikisource	neto	1	294	neto	pt	wikisource	o ten	2	5	oten	7.478735
es	wikisource	ranas	1	272	ranas	pt	wikisource	sanar	1	27	sanar	8.941676
es	wikisource	si ana	2	12	siana	pt	wikisource	anais	1	287	anais	8.22791
es	wikisource	ser ya	2	171	serya	pt	wikisource	ayres	1	127	ayres	9.999525
es	wikisource	o no se	3	286	onose	pt	wikisource	e sono	2	11	esono	8.144389
es	wikisource	oirá	1	265	oira	pt	wikisource	a rio	2	32	ario	9.080004
es	wikisource	a lam	2	6	alam	pt	wikisource	mal a	2	290	mala	7.619233
es	wikisource	avión a	2	6	aviona	pt	wikisource	a noiva	2	290	anoiva	7.619233
es	wikisource	medí	1	13	medi	pt	wikisource	idem	1	283	idem	8.288032
es	wikisource	soñé	1	255	sone	pt	wikisource	enos	1	41	enos	9.282847
es	wikisource	anaiv	1	24	anaiv	pt	wikisource	viana	1	271	viana	8.824678
es	wikisource	mesón	1	285	meson	pt	wikisource	no sem	2	10	nosem	8.053887
es	wikisource	meto	1	183	meto	pt	wikisource	o tem	2	112	otem	9.942324
es	wikisource	non es	2	141	nones	pt	wikisource	se non	2	154	senon	9.999252
es	wikisource	son mis	2	289	sonmis	pt	wikisource	sim nos	2	6	simnos	7.615791
es	wikisource	moto	1	115	moto	pt	wikisource	o tom	2	179	otom	9.946547
es	wikisource	son mis	2	289	sonmis	pt	wikisource	sim nós	2	5	simnos	7.46164
es	wikisource	onís	1	11	onis	pt	wikisource	sino	1	282	sino	8.130354
es	wikisource	sacra	1	242	sacra	pt	wikisource	arcas	1	51	arcas	9.444305
es	wikisource	airada	1	287	airada	pt	wikisource	a daria	2	5	adaria	7.45472
es	wikisource	o no se	3	286	onose	pt	wikisource	é sono	2	6	esono	7.605392
es	wikisource	él te	2	282	elte	pt	wikisource	et le	2	10	etle	8.043342
es	wikisource	o no se	3	286	onose	pt	wikisource	é só no	3	5	esono	7.451242
es	wikisource	redil	1	106	redil	pt	wikisource	líder	1	185	lider	9.898576
es	wikisource	aleta	1	49	aleta	pt	wikisource	até lá	2	240	atela	9.39682
es	wikisource	medi	1	6	medi	pt	wikisource	idem	1	283	idem	7.594884
es	wikisource	a ana	2	268	aana	pt	wikisource	ana a	2	20	anaa	8.639234
es	wikisource	a mí se	3	280	amise	pt	wikisource	e sim a	3	8	esima	7.835579
es	wikisource	me dí	2	5	medi	pt	wikisource	idem	1	283	idem	7.440734
es	wikisource	a rita	2	51	arita	pt	wikisource	atira	1	236	atira	9.419304
es	wikisource	me sé	2	92	mese	pt	wikisource	é sem	2	195	esem	9.810714
es	wikisource	o les	2	121	oles	pt	wikisource	sê lo	2	166	selo	9.922015
es	wikisource	á toda	2	281	atoda	pt	wikisource	adotá	1	6	adota	7.587817
es	wikisource	solís	1	276	solis	pt	wikisource	silos	1	9	silos	7.926603
es	wikisource	aula	1	274	aula	pt	wikisource	aluá	1	10	alua	8.014666
es	wikisource	es a la	3	274	esala	pt	wikisource	alas e	2	10	alase	8.014666
es	wikisource	luso	1	12	luso	pt	wikisource	o sul	2	272	osul	8.174421
es	wikisource	saude	1	6	saude	pt	wikisource	e duas	2	278	eduas	7.577122
es	wikisource	o tal	2	277	otal	pt	wikisource	lato	1	6	lato	7.573531
es	wikisource	somete	1	252	somete	pt	wikisource	e temos	2	31	etemos	8.999125
es	wikisource	idem	1	259	idem	pt	wikisource	medi	1	23	medi	8.738735
es	wikisource	repuse	1	276	repuse	pt	wikisource	e super	2	5	esuper	7.415777
es	wikisource	ti el	2	268	tiel	pt	wikisource	leit	1	13	leit	8.233769
es	wikisource	a sol	2	137	asol	pt	wikisource	los a	2	143	losa	9.897067
es	wikisource	a son	2	51	ason	pt	wikisource	nós a	2	229	nosa	9.389323
es	wikisource	a corta	2	197	acorta	pt	wikisource	a troca	2	82	atroca	9.707108
es	wikisource	adarga	1	106	adarga	pt	wikisource	agrada	1	173	agrada	9.831884
es	wikisource	a ana	2	268	aana	pt	wikisource	ana à	2	10	anaa	7.992607
es	wikisource	anal	1	6	anal	pt	wikisource	lá na	2	272	lana	7.555382
es	wikisource	aire se	2	173	airese	pt	wikisource	e seria	2	104	eseria	9.813016
es	wikisource	lamed	1	6	lamed	pt	wikisource	de mal	2	270	demal	7.548029
es	wikisource	mareo	1	236	mareo	pt	wikisource	o eram	2	40	oeram	9.181632
es	wikisource	saeta	1	253	saeta	pt	wikisource	até ás	2	23	ateas	8.715388
es	wikisource	sones	1	199	sones	pt	wikisource	se nós	2	77	senos	9.655026
es	wikisource	ó son	2	13	oson	pt	wikisource	nós o	2	263	noso	8.215006
es	wikisource	aria	1	88	aria	pt	wikisource	a ira	2	187	aira	9.725078
es	wikisource	se vén	2	5	seven	pt	wikisource	neves	1	270	neves	7.393878
es	wikisource	afro	1	25	afro	pt	wikisource	órfã	1	249	orfa	8.779557
es	wikisource	oído o	2	23	oidoo	pt	wikisource	o ódio	2	250	oodio	8.703507
es	wikisource	rapa	1	30	rapa	pt	wikisource	a par	2	243	apar	8.931155
es	wikisource	reviva	1	11	reviva	pt	wikisource	a viver	2	262	aviver	8.057061
es	wikisource	ríes	1	149	ries	pt	wikisource	se ir	2	124	seir	9.838949
es	wikisource	á mis	2	262	amis	pt	wikisource	sima	1	11	sima	8.057061
es	wikisource	él si	2	262	elsi	pt	wikisource	isle	1	11	isle	8.057061
es	wikisource	odio de	2	261	odiode	pt	wikisource	é doido	2	11	edoido	8.053251
es	wikisource	a adán	2	54	aadan	pt	wikisource	nada a	2	217	nadaa	9.391828
es	wikisource	me temo	2	265	metemo	pt	wikisource	o metem	2	6	ometem	7.529406
es	wikisource	eso los	2	254	esolos	pt	wikisource	solo se	2	16	solose	8.374477
es	wikisource	mar el	2	208	marel	pt	wikisource	leram	1	62	leram	9.485469
es	wikisource	á mis	2	262	amis	pt	wikisource	sim à	2	8	sima	7.769379
es	wikisource	anís	1	244	anis	pt	wikisource	si na	2	24	sina	8.720134
es	wikisource	e non	2	263	enon	pt	wikisource	none	1	5	none	7.367709
es	wikisource	alos	1	50	alos	pt	wikisource	sol a	2	217	sola	9.316321
es	wikisource	es et	2	10	eset	pt	wikisource	tese	1	257	tese	7.950855
es	wikisource	maté	1	204	mate	pt	wikisource	e tam	2	63	etam	9.481893
es	wikisource	a poca	2	257	apoca	pt	wikisource	à copa	2	9	acopa	7.855545
es	wikisource	aval	1	63	aval	pt	wikisource	lava	1	203	lava	9.477003
es	wikisource	riva	1	249	riva	pt	wikisource	avir	1	17	avir	8.411833
es	wikisource	arre	1	109	arre	pt	wikisource	erra	1	156	erra	9.756726
es	wikisource	et la	2	256	etla	pt	wikisource	alte	1	9	alte	7.851661
es	wikisource	merto	1	73	merto	pt	wikisource	o trem	2	192	otrem	9.566755
es	wikisource	edad no	2	169	edadno	pt	wikisource	onda de	2	95	ondade	9.700147
es	wikisource	el té	2	254	elte	pt	wikisource	et le	2	10	etle	7.939159
es	wikisource	odiel	1	5	odiel	pt	wikisource	lei do	2	259	leido	7.352441
es	wikisource	roban	1	246	roban	pt	wikisource	nabor	1	18	nabor	8.453827
es	wikisource	alaba	1	200	alaba	pt	wikisource	a bala	2	63	abala	9.462188
es	wikisource	asnos	1	231	asnos	pt	wikisource	sonsa	1	32	sonsa	8.943245
es	wikisource	e don	2	29	edon	pt	wikisource	no de	2	234	node	8.860783
es	wikisource	o río	2	16	orio	pt	wikisource	oiro	1	247	oiro	8.346642
es	wikisource	soñé	1	255	sone	pt	wikisource	é nós	2	8	enos	7.742402
es	wikisource	alaba	1	200	alaba	pt	wikisource	abala	1	62	abala	9.44644
es	wikisource	et la	2	256	etla	pt	wikisource	alt e	2	6	alte	7.494986
es	wikisource	agis	1	106	agis	pt	wikisource	siga	1	155	siga	9.722685
es	wikisource	amen	1	201	amen	pt	wikisource	nem à	2	60	nema	9.419142
es	wikisource	eso los	2	254	esolos	pt	wikisource	solos e	2	7	solose	7.620705
es	wikisource	odia	1	234	odia	pt	wikisource	ai do	2	27	aido	8.79179
es	wikisource	riga	1	13	riga	pt	wikisource	agir	1	247	agir	8.152486
es	wikisource	orio	1	12	orio	pt	wikisource	oiro	1	247	oiro	8.078378
es	wikisource	rima	1	211	rima	pt	wikisource	amir	1	48	amir	9.248407
es	wikisource	allá va	2	253	allava	pt	wikisource	a valla	2	5	avalla	7.329094
es	wikisource	lata	1	242	lata	pt	wikisource	à tal	2	16	atal	8.326275
es	wikisource	ne de	2	5	nede	pt	wikisource	éden	1	253	eden	7.329094
es	wikisource	receta	1	247	receta	pt	wikisource	a tecer	2	11	atecer	7.998335
es	wikisource	sí era	2	165	siera	pt	wikisource	a réis	2	93	areis	9.655283
es	wikisource	a levin	2	244	alevin	pt	wikisource	nível a	2	13	nivela	8.140316
es	wikisource	alas á	2	6	alasa	pt	wikisource	à sala	2	251	asala	7.475339
es	wikisource	ataca	1	245	ataca	pt	wikisource	acata	1	12	acata	8.070281
es	wikisource	no no es	3	249	nonoes	pt	wikisource	se o non	3	8	seonon	7.718685
es	wikisource	somete	1	252	somete	pt	wikisource	e tem os	3	5	etemos	7.325149
es	wikisource	a días	2	147	adias	pt	wikisource	sai da	2	108	saida	9.68856
es	wikisource	a levin	2	244	alevin	pt	wikisource	nivela	1	11	nivela	7.986165
es	wikisource	emos	1	22	emos	pt	wikisource	só me	2	233	some	8.590815
es	wikisource	meos	1	10	meos	pt	wikisource	só em	2	245	soem	7.903227
es	wikisource	organo	1	224	organo	pt	wikisource	onagro	1	31	onagro	8.881836
es	wikisource	o años	2	47	oanos	pt	wikisource	só não	2	207	sonao	9.208739
es	wikisource	zarpa	1	139	zarpa	pt	wikisource	apraz	1	115	apraz	9.695233
es	wikisource	médula	1	228	medula	pt	wikisource	aludem	1	25	aludem	8.691819
es	wikisource	ivan	1	247	ivan	pt	wikisource	na vi	2	5	navi	7.305188
es	wikisource	rodó	1	245	rodo	pt	wikisource	ó dor	2	7	odor	7.584773
es	wikisource	atún	1	245	atun	pt	wikisource	nuta	1	6	nuta	7.451242
es	wikisource	es oír	2	20	esoir	pt	wikisource	rios e	2	230	riose	8.48694
es	wikisource	solo día	2	245	solodia	pt	wikisource	a ídolos	2	5	aidolos	7.297091
es	wikisource	amet	1	6	amet	pt	wikisource	têm a	2	243	tema	7.443078
es	wikisource	le ve	2	242	leve	pt	wikisource	e vel	2	7	evel	7.572503
es	wikisource	sale á	2	25	salea	pt	wikisource	a elas	2	224	aelas	8.674197
es	wikisource	aída	1	19	aida	pt	wikisource	a dia	2	229	adia	8.433812
es	wikisource	lata	1	242	lata	pt	wikisource	á tal	2	6	atal	7.438972
es	wikisource	rebasó	1	16	rebaso	pt	wikisource	o saber	2	232	osaber	8.284252
es	wikisource	ó nos	2	5	onos	pt	wikisource	só no	2	243	sono	7.288928
es	wikisource	amor á	2	115	amora	pt	wikisource	a roma	2	132	aroma	9.643939
es	wikisource	arsa	1	11	arsa	pt	wikisource	a sra	2	236	asra	7.952967
es	wikisource	asís	1	236	asis	pt	wikisource	sisa	1	11	sisa	7.952967
es	wikisource	me son	2	147	meson	pt	wikisource	nos em	2	100	nosem	9.612333
es	wikisource	a verte	2	238	averte	pt	wikisource	e treva	2	8	etreva	7.673688
es	wikisource	es los	2	125	eslos	pt	wikisource	sol se	2	121	solse	9.640303
es	wikisource	moño	1	222	mono	pt	wikisource	o nom	2	24	onom	8.626048
es	wikisource	oido	1	180	oido	pt	wikisource	odio	1	66	odio	9.40319
es	wikisource	ropajes	1	107	ropajes	pt	wikisource	seja por	2	139	sejapor	9.623774
es	wikisource	soñó	1	240	sono	pt	wikisource	o nós	2	5	onos	7.276556
es	wikisource	a doce	2	214	adoce	pt	wikisource	eco da	2	30	ecoda	8.804625
es	wikisource	el oso	2	189	eloso	pt	wikisource	o sol é	3	55	osole	9.272376
es	wikisource	es aún	2	227	esaun	pt	wikisource	nuas e	2	17	nuase	8.319717
es	wikisource	zape	1	18	zape	pt	wikisource	e paz	2	226	epaz	8.369389
es	wikisource	adem	1	6	adem	pt	wikisource	me dá	2	237	meda	7.418181
es	wikisource	aida	1	14	aida	pt	wikisource	a dia	2	229	adia	8.14613
es	wikisource	ama la	2	169	amala	pt	wikisource	a lama	2	74	alama	9.453287
es	wikisource	el aroma	2	230	elaroma	pt	wikisource	a moral e	3	13	amorale	8.081475
es	wikisource	me vía	2	13	mevia	pt	wikisource	aí vem	2	230	aivem	8.081475
es	wikisource	a val	2	39	aval	pt	wikisource	lava	1	203	lava	9.006999
es	wikisource	meca	1	185	meca	pt	wikisource	a cem	2	57	acem	9.28619
es	wikisource	son á	2	30	sona	pt	wikisource	a nos	2	212	anos	8.795279
es	wikisource	á dar	2	207	adar	pt	wikisource	rada	1	35	rada	8.921057
es	wikisource	a ida	2	12	aida	pt	wikisource	a dia	2	229	adia	8.003029
es	wikisource	arita	1	5	arita	pt	wikisource	atira	1	236	atira	7.25982
es	wikisource	atem	1	6	atem	pt	wikisource	meta	1	235	meta	7.409742
es	wikisource	evita	1	228	evita	pt	wikisource	a tive	2	13	ative	8.072779
es	wikisource	me vi a	3	11	mevia	pt	wikisource	aí vem	2	230	aivem	7.927324
es	wikisource	edad ni a	3	6	edadnia	pt	wikisource	ainda de	2	234	aindade	7.405496
es	wikisource	edón	1	6	edon	pt	wikisource	no de	2	234	node	7.405496
es	wikisource	odia	1	234	odia	pt	wikisource	aí do	2	6	aido	7.405496
es	wikisource	olía	1	234	olia	pt	wikisource	ai ló	2	6	ailo	7.405496
es	wikisource	date	1	230	date	pt	wikisource	et ad	2	9	etad	7.745003
es	wikisource	giró	1	198	giro	pt	wikisource	orig	1	41	orig	9.030974
es	wikisource	nones	1	150	nones	pt	wikisource	senón	1	89	senon	9.51709
es	wikisource	iv el	2	112	ivel	pt	wikisource	levi	1	126	levi	9.571575
es	wikisource	me ves	2	174	meves	pt	wikisource	se vem	2	64	sevem	9.339173
es	wikisource	métale	1	5	metale	pt	wikisource	ela tem	2	233	elatem	7.247081
es	wikisource	á dos	2	152	ados	pt	wikisource	só da	2	86	soda	9.496346
es	wikisource	me río	2	227	merio	pt	wikisource	o irem	2	10	oirem	7.827241
es	wikisource	retos	1	230	retos	pt	wikisource	só ter	2	7	soter	7.521859
es	wikisource	el aroma	2	230	elaroma	pt	wikisource	a moral é	3	6	amorale	7.388328
es	wikisource	nanón	1	215	nanon	pt	wikisource	non an	2	21	nonan	8.466321
es	wikisource	o don	2	44	odon	pt	wikisource	no do	2	192	nodo	9.069353
es	wikisource	o si se	3	230	osise	pt	wikisource	e siso	2	6	esiso	7.388328
es	wikisource	a lot	2	20	alot	pt	wikisource	tola	1	215	tola	8.419801
es	wikisource	a ned	2	29	aned	pt	wikisource	de na	2	206	dena	8.733916
es	wikisource	me via	2	5	mevia	pt	wikisource	aí vem	2	230	aivem	7.234177
es	wikisource	mo de	2	84	mode	pt	wikisource	edom	1	151	edom	9.466532
es	wikisource	samet	1	5	samet	pt	wikisource	temas	1	230	temas	7.234177
es	wikisource	siega	1	186	siega	pt	wikisource	ágeis	1	49	ageis	9.143132
es	wikisource	solón	1	213	solon	pt	wikisource	no los	2	22	nolos	8.50147
es	wikisource	e alas	2	15	ealas	pt	wikisource	sala e	2	219	salae	8.166216
es	wikisource	mudó	1	226	mudo	pt	wikisource	o dum	2	8	odum	7.622175
es	wikisource	rata	1	185	rata	pt	wikisource	atar	1	49	atar	9.13777
es	wikisource	mes a	2	163	mesa	pt	wikisource	a sem	2	70	asem	9.362546
es	wikisource	allen	1	112	allen	pt	wikisource	nella	1	120	nella	9.523178
es	wikisource	o dan	2	9	odan	pt	wikisource	nado	1	223	nado	7.714231
es	wikisource	sí os	2	33	sios	pt	wikisource	sóis	1	199	sois	8.824678
es	wikisource	óbolo	1	77	obolo	pt	wikisource	o lobo	2	155	olobo	9.406565
es	wikisource	al amo	2	186	alamo	pt	wikisource	o mal à	3	45	omala	9.05975
es	wikisource	la ve	2	190	lave	pt	wikisource	e val	2	41	eval	8.989943
es	wikisource	ávido	1	205	avido	pt	wikisource	o divã	2	26	odiva	8.623713
es	wikisource	ó años	2	24	oanos	pt	wikisource	só não	2	207	sonao	8.556414
es	wikisource	non es	2	141	nones	pt	wikisource	senón	1	89	senon	9.455637
es	wikisource	a mí la	3	214	amila	pt	wikisource	a lima	2	15	alima	8.143227
es	wikisource	apam	1	10	apam	pt	wikisource	mapa	1	219	mapa	7.791523
es	wikisource	arad	1	9	arad	pt	wikisource	dar à	2	220	dara	7.700748
es	wikisource	así e	2	7	asie	pt	wikisource	eis a	2	222	eisa	7.486613
es	wikisource	cana	1	170	cana	pt	wikisource	anac	1	58	anac	9.219201
es	wikisource	saces	1	5	saces	pt	wikisource	secas	1	223	secas	7.203406
es	wikisource	satán	1	221	satan	pt	wikisource	natas	1	7	natas	7.482119
es	wikisource	a les	2	27	ales	pt	wikisource	sela	1	200	sela	8.635509
es	wikisource	erit	1	48	erit	pt	wikisource	tire	1	179	tire	9.084777
es	wikisource	la te	2	8	late	pt	wikisource	e tal	2	219	etal	7.590852
es	wikisource	leon	1	206	leon	pt	wikisource	noel	1	21	noel	8.423761
es	wikisource	me iré	2	218	meire	pt	wikisource	e riem	2	9	eriem	7.691657
es	wikisource	á lot	2	12	alot	pt	wikisource	tola	1	215	tola	7.940228
es	wikisource	ó son	2	13	oson	pt	wikisource	nos o	2	214	noso	8.009695
es	wikisource	aued	1	27	aued	pt	wikisource	deu à	2	199	deua	8.630522
es	wikisource	ropaje	1	215	ropaje	pt	wikisource	e já por	3	11	ejapor	7.860185
es	wikisource	aisa	1	8	aisa	pt	wikisource	ásia	1	217	asia	7.58172
es	wikisource	ater	1	7	ater	pt	wikisource	reta	1	218	reta	7.468513
es	wikisource	nones	1	150	nones	pt	wikisource	senon	1	75	senon	9.348013
es	wikisource	oidores	1	220	oidores	pt	wikisource	serôdio	1	5	serodio	7.189922
es	wikisource	osaré	1	26	osare	pt	wikisource	era só	2	199	eraso	8.594154
es	wikisource	auge	1	152	auge	pt	wikisource	égua	1	72	egua	9.320897
es	wikisource	rete	1	14	rete	pt	wikisource	e ter	2	210	eter	8.059908
es	wikisource	salle	1	5	salle	pt	wikisource	ellas	1	219	ellas	7.185387
es	wikisource	amaré	1	111	amare	pt	wikisource	eram a	2	112	erama	9.445887
es	wikisource	e dia	2	26	edia	pt	wikisource	ai de	2	197	aide	8.584104
es	wikisource	me se	2	28	mese	pt	wikisource	é sem	2	195	esem	8.64541
es	wikisource	samos	1	123	samos	pt	wikisource	somas	1	100	somas	9.435402
es	wikisource	so su	2	7	sosu	pt	wikisource	usos	1	216	usos	7.459339
es	wikisource	sopas	1	157	sopas	pt	wikisource	sapos	1	66	sapos	9.267288
es	wikisource	á tal	2	95	atal	pt	wikisource	lata	1	128	lata	9.424161
es	wikisource	al os	2	5	alos	pt	wikisource	sol a	2	217	sola	7.176255
es	wikisource	esos son	2	167	esosson	pt	wikisource	nossos e	2	55	nossose	9.149316
es	wikisource	se irá	2	208	seira	pt	wikisource	áries	1	14	aries	8.050384
es	wikisource	se le dé	3	160	selede	pt	wikisource	e deles	2	62	edeles	9.224539
es	wikisource	se paga	2	216	sepaga	pt	wikisource	ágapes	1	6	agapes	7.325808
es	wikisource	á adán	2	5	aadan	pt	wikisource	nada a	2	217	nadaa	7.176255
es	wikisource	álos	1	5	alos	pt	wikisource	sol a	2	217	sola	7.176255
es	wikisource	adam	1	213	adam	pt	wikisource	mada	1	8	mada	7.563201
es	wikisource	misia	1	215	misia	pt	wikisource	aí sim	2	6	aisim	7.321189
es	wikisource	os la	2	207	osla	pt	wikisource	also	1	14	also	8.045588
es	wikisource	si a una	3	20	siauna	pt	wikisource	anuais	1	201	anuais	8.35279
es	wikisource	sona	1	9	sona	pt	wikisource	a nos	2	212	anos	7.663877
es	wikisource	me ama	2	212	meama	pt	wikisource	ama em	2	8	amaem	7.558517
es	wikisource	misia	1	215	misia	pt	wikisource	ai sim	2	5	aisim	7.167038
es	wikisource	retó	1	30	reto	pt	wikisource	o ter	2	190	oter	8.686261
es	wikisource	si es a	3	23	siesa	pt	wikisource	a seis	2	197	aseis	8.466321
es	wikisource	el sí	2	208	elsi	pt	wikisource	isle	1	11	isle	7.827241
es	wikisource	la mina o	3	8	laminao	pt	wikisource	o animal	2	211	oanimal	7.553811
es	wikisource	rios	1	210	rios	pt	wikisource	soir	1	9	soir	7.654443
es	wikisource	a día	2	177	adia	pt	wikisource	a ida	2	41	aida	8.919453
es	wikisource	a meter	2	212	ameter	pt	wikisource	retém a	2	6	retema	7.307202
es	wikisource	adam	1	213	adam	pt	wikisource	mãda	1	5	mada	7.157735
es	wikisource	masiva	1	213	masiva	pt	wikisource	avisam	1	5	avisam	7.157735
es	wikisource	reves	1	6	reves	pt	wikisource	se ver	2	212	sever	7.307202
es	wikisource	sacará	1	205	sacara	pt	wikisource	araçás	1	13	aracas	7.966933
es	wikisource	sí esa	2	21	siesa	pt	wikisource	a seis	2	197	aseis	8.379309
es	wikisource	meto	1	183	meto	pt	wikisource	o têm	2	34	otem	8.770284
es	wikisource	a par	2	197	apar	pt	wikisource	rapa	1	19	rapa	8.283999
es	wikisource	de es	2	210	dees	pt	wikisource	seed	1	6	seed	7.297768
es	wikisource	et non	2	205	etnon	pt	wikisource	non te	2	11	nonte	7.812783
es	wikisource	lavó	1	174	lavo	pt	wikisource	oval	1	42	oval	8.925986
es	wikisource	mesías	1	208	mesias	pt	wikisource	sai sem	2	8	saisem	7.539559
es	wikisource	non es	2	141	nones	pt	wikisource	senon	1	75	senon	9.28656
es	wikisource	alaba	1	200	alaba	pt	wikisource	à bala	2	15	abala	8.075894
es	wikisource	ea pues	2	80	eapues	pt	wikisource	seu pae	2	135	seupae	9.307104
es	wikisource	me son	2	147	meson	pt	wikisource	nós em	2	68	nosem	9.231319
es	wikisource	ménos	1	208	menos	pt	wikisource	só nem	2	7	sonem	7.421776
es	wikisource	oí el	2	61	oiel	pt	wikisource	lei o	2	154	leio	9.17056
es	wikisource	su no	2	94	suno	pt	wikisource	ônus	1	121	onus	9.357898
es	wikisource	él os	2	115	elos	pt	wikisource	sol é	2	100	sole	9.368711
es	wikisource	es amor	2	202	esamor	pt	wikisource	roma se	2	12	romase	7.878155
es	wikisource	sapo	1	175	sapo	pt	wikisource	opas	1	39	opas	8.859363
es	wikisource	sí eres	2	5	sieres	pt	wikisource	sereis	1	209	sereis	7.138867
es	wikisource	a corta	2	197	acorta	pt	wikisource	a troça	2	16	atroca	8.12148
es	wikisource	et son	2	22	etson	pt	wikisource	nós te	2	191	noste	8.39299
es	wikisource	o a comer	3	5	oacomer	pt	wikisource	remoção	1	208	remocao	7.134094
es	wikisource	ramera	1	206	ramera	pt	wikisource	a remar	2	7	aremar	7.41216
es	wikisource	sera	1	201	sera	pt	wikisource	a rês	2	12	ares	7.873217
es	wikisource	sol el	2	191	solel	pt	wikisource	lê los	2	22	lelos	8.39299
es	wikisource	te me	2	207	teme	pt	wikisource	emet	1	6	emet	7.283448
es	wikisource	ni tú	2	207	nitu	pt	wikisource	ut in	2	5	utin	7.129298
es	wikisource	leon	1	206	leon	pt	wikisource	no el	2	5	noel	7.124478
es	wikisource	mesón a	2	14	mesona	pt	wikisource	anos em	2	197	anosem	7.996317
es	wikisource	serías	1	188	serias	pt	wikisource	saíres	1	23	saires	8.419801
es	wikisource	sí a una	3	10	siauna	pt	wikisource	anuais	1	201	anuais	7.706163
es	wikisource	loro	1	188	loro	pt	wikisource	o rol	2	22	orol	8.377241
es	wikisource	ajos	1	132	ajos	pt	wikisource	soja	1	77	soja	9.247058
es	wikisource	al es	2	9	ales	pt	wikisource	sela	1	200	sela	7.60589
es	wikisource	a sol	2	137	asol	pt	wikisource	los à	2	71	losa	9.20392
es	wikisource	ales	1	8	ales	pt	wikisource	sela	1	200	sela	7.500529
es	wikisource	moras	1	202	moras	pt	wikisource	sarom	1	6	sarom	7.259116
es	wikisource	adel	1	71	adel	pt	wikisource	leda	1	136	leda	9.196647
es	wikisource	amen	1	201	amen	pt	wikisource	nem á	2	6	nema	7.254178
es	wikisource	la roma	2	82	laroma	pt	wikisource	a moral	2	125	amoral	9.255123
es	wikisource	osare	1	8	osare	pt	wikisource	era só	2	199	eraso	7.495542
es	wikisource	á david	2	200	adavid	pt	wikisource	divã da	2	7	divada	7.382746
es	wikisource	a corta	2	197	acorta	pt	wikisource	à troca	2	9	atroca	7.590852
es	wikisource	ahí a	2	166	ahia	pt	wikisource	aí há	2	40	aiha	8.831566
es	wikisource	al amo	2	186	alamo	pt	wikisource	o mal a	3	20	omala	8.275631
es	wikisource	mal es	2	201	males	pt	wikisource	selam	1	5	selam	7.100027
es	wikisource	mese	1	11	mese	pt	wikisource	é sem	2	195	esem	7.763021
es	wikisource	a su edad	3	150	asuedad	pt	wikisource	da deusa	2	55	dadeusa	9.042632
es	wikisource	e son	2	27	eson	pt	wikisource	nos e	2	178	nose	8.51959
es	wikisource	la ta	2	13	lata	pt	wikisource	atal	1	192	atal	7.901748
es	wikisource	e día	2	7	edia	pt	wikisource	ai de	2	197	aide	7.367709
es	wikisource	eber	1	10	eber	pt	wikisource	rebe	1	194	rebe	7.670895
es	wikisource	mes e	2	9	mese	pt	wikisource	é sem	2	195	esem	7.5807
es	wikisource	meseta	1	180	meseta	pt	wikisource	até sem	2	24	atesem	8.417373
es	wikisource	odón	1	12	odon	pt	wikisource	no do	2	192	nodo	7.82764
es	wikisource	sí ésa	2	7	siesa	pt	wikisource	a seis	2	197	aseis	7.367709
es	wikisource	adem	1	6	adem	pt	wikisource	me da	2	197	meda	7.234177
es	wikisource	la mora	2	197	lamora	pt	wikisource	aromal	1	6	aromal	7.234177
es	wikisource	lavan	1	90	lavan	pt	wikisource	naval	1	113	naval	9.247058
es	wikisource	o seca	2	5	oseca	pt	wikisource	aceso	1	198	aceso	7.085064
es	wikisource	me ve	2	173	meve	pt	wikisource	e vêm	2	29	evem	8.560253
es	wikisource	ríes	1	149	ries	pt	wikisource	seir	1	53	seir	8.999619
es	wikisource	me será	2	190	mesera	pt	wikisource	ares em	2	11	aresem	7.73718
es	wikisource	omes	1	187	omes	pt	wikisource	se mo	2	14	semo	7.944492
es	wikisource	osar	1	114	osar	pt	wikisource	raso	1	87	raso	9.222269
es	wikisource	someta	1	187	someta	pt	wikisource	a temos	2	14	atemos	7.944492
es	wikisource	á cara	2	23	acara	pt	wikisource	a raça	2	178	araca	8.36544
es	wikisource	á roma	2	62	aroma	pt	wikisource	amor à	2	139	amora	9.084777
es	wikisource	a día	2	177	adia	pt	wikisource	ai da	2	23	aida	8.359837
es	wikisource	a lam	2	6	alam	pt	wikisource	mala	1	194	mala	7.21891
es	wikisource	ates	1	5	ates	pt	wikisource	seta	1	195	seta	7.069874
es	wikisource	se le da	3	183	seleda	pt	wikisource	a deles	2	17	adeles	8.105308
es	wikisource	si a él	3	48	siael	pt	wikisource	leais	1	152	leais	8.922258
es	wikisource	ó se le	3	9	osele	pt	wikisource	ele só	2	191	eleso	7.56008
es	wikisource	a día	2	177	adia	pt	wikisource	aída	1	22	aida	8.317278
es	wikisource	o nula	2	6	onula	pt	wikisource	aluno	1	193	aluno	7.213768
es	wikisource	osos	1	181	osos	pt	wikisource	só só	2	18	soso	8.148446
es	wikisource	oí el	2	61	oiel	pt	wikisource	leio	1	138	leio	9.061608
es	wikisource	te los	2	192	telos	pt	wikisource	solet	1	7	solet	7.342132
es	wikisource	á nos	2	14	anos	pt	wikisource	só na	2	185	sona	7.933797
es	wikisource	a dora	2	17	adora	pt	wikisource	à roda	2	181	aroda	8.094378
es	wikisource	e les	2	39	eles	pt	wikisource	se lê	2	159	sele	8.764053
es	wikisource	oter	1	10	oter	pt	wikisource	reto	1	187	reto	7.634337
es	wikisource	aire se	2	173	airese	pt	wikisource	e séria	2	23	eseria	8.337109
es	wikisource	esón	1	18	eson	pt	wikisource	nos e	2	178	nose	8.131825
es	wikisource	mena	1	188	mena	pt	wikisource	a nem	2	8	anem	7.438972
es	wikisource	o pide	2	5	opide	pt	wikisource	édipo	1	191	edipo	7.049255
es	wikisource	sabías	1	136	sabias	pt	wikisource	saibas	1	60	saibas	9.030855
es	wikisource	olet	1	6	olet	pt	wikisource	tê lo	2	189	telo	7.192934
es	wikisource	osos	1	181	osos	pt	wikisource	sós o	2	14	soso	7.912057
es	wikisource	si tus	2	85	situs	pt	wikisource	sutis	1	110	sutis	9.163877
es	wikisource	a mina	2	9	amina	pt	wikisource	anima	1	185	anima	7.528332
es	wikisource	la sacó	2	112	lasaco	pt	wikisource	o casal	2	82	ocasal	9.146228
es	wikisource	o doña	2	11	odona	pt	wikisource	ano do	2	183	anodo	7.699842
es	wikisource	omito	1	89	omito	pt	wikisource	ótimo	1	105	otimo	9.163249
es	wikisource	adonis	1	153	adonis	pt	wikisource	sino da	2	40	sinoda	8.750525
es	wikisource	eram	1	14	eram	pt	wikisource	maré	1	179	mare	7.901007
es	wikisource	le vino a	3	59	levinoa	pt	wikisource	ao nível	2	134	aonivel	8.999619
es	wikisource	mar o	2	180	maro	pt	wikisource	oram	1	13	oram	7.837554
es	wikisource	o loco	2	23	oloco	pt	wikisource	o colo	2	170	ocolo	8.319717
es	wikisource	el es	2	174	eles	pt	wikisource	se le	2	18	sele	8.109225
es	wikisource	me ves	2	174	meves	pt	wikisource	se vêm	2	18	sevem	8.109225
es	wikisource	son o	2	112	sono	pt	wikisource	o nos	2	80	onos	9.121837
es	wikisource	evite	1	131	evite	pt	wikisource	e tive	2	60	etive	8.993676
es	wikisource	nos dé	2	180	nosde	pt	wikisource	edson	1	11	edson	7.683404
es	wikisource	uana	1	15	uana	pt	wikisource	a nau	2	176	anau	7.948738
es	wikisource	á mina	2	6	amina	pt	wikisource	anima	1	185	anima	7.171657
es	wikisource	a les	2	27	ales	pt	wikisource	se lá	2	163	sela	8.432071
es	wikisource	a sí le	3	8	asile	pt	wikisource	elisa	1	182	elisa	7.406711
es	wikisource	lamar	1	14	lamar	pt	wikisource	ramal	1	176	ramal	7.8842
es	wikisource	sí era	2	165	siera	pt	wikisource	a reis	2	25	areis	8.370084
es	wikisource	lees	1	125	lees	pt	wikisource	se el	2	64	seel	9.010669
es	wikisource	o ser	2	181	oser	pt	wikisource	reso	1	8	reso	7.401231
es	wikisource	salam	1	10	salam	pt	wikisource	malas	1	179	malas	7.590852
es	wikisource	siena	1	51	siena	pt	wikisource	anéis	1	138	aneis	8.885718
es	wikisource	sol es	2	122	soles	pt	wikisource	selos	1	67	selos	9.031692
es	wikisource	árido	1	178	arido	pt	wikisource	o dirá	2	11	odira	7.672292
es	wikisource	óyeme	1	180	oyeme	pt	wikisource	e meyo	2	9	emeyo	7.501082
es	wikisource	asi le	2	6	asile	pt	wikisource	elisa	1	182	elisa	7.155396
es	wikisource	iese	1	29	iese	pt	wikisource	e sei	2	159	esei	8.476371
es	wikisource	o mala	2	164	omala	pt	wikisource	álamo	1	24	alamo	8.324821
es	wikisource	roce de	2	169	rocede	pt	wikisource	e de cor	3	19	edecor	8.131531
es	wikisource	al ama	2	93	alama	pt	wikisource	amá la	2	93	amala	9.08659
es	wikisource	mana	1	171	mana	pt	wikisource	a nam	2	15	anam	7.920083
es	wikisource	oh la	2	129	ohla	pt	wikisource	alho	1	57	alho	8.927977
es	wikisource	ser o	2	179	sero	pt	wikisource	ores	1	7	ores	7.272398
es	wikisource	et los	2	144	etlos	pt	wikisource	solte	1	41	solte	8.714403
es	wikisource	eíla	1	34	eila	pt	wikisource	ali e	2	151	alie	8.579229
es	wikisource	ai de	2	8	aide	pt	wikisource	e dia	2	176	edia	7.373374
es	wikisource	aire se	2	173	airese	pt	wikisource	é séria	2	11	eseria	7.643962
es	wikisource	émulo	1	89	emulo	pt	wikisource	o lume	2	95	olume	9.064158
es	wikisource	a día	2	177	adia	pt	wikisource	à ida	2	6	aida	7.127694
es	wikisource	aide	1	7	aide	pt	wikisource	e dia	2	176	edia	7.255591
es	wikisource	latón	1	160	laton	pt	wikisource	no tal	2	23	notal	8.259458
es	wikisource	mi fa	2	8	mifa	pt	wikisource	afim	1	175	afim	7.367709
es	wikisource	o no a	3	169	onoa	pt	wikisource	ão no	2	14	aono	7.843849
es	wikisource	auer	1	171	auer	pt	wikisource	réu a	2	11	reua	7.632401
es	wikisource	ii la	2	176	iila	pt	wikisource	alii	1	6	alii	7.12206
es	wikisource	nene	1	175	nene	pt	wikisource	e nen	2	7	enen	7.249926
es	wikisource	rías	1	127	rias	pt	wikisource	saír	1	55	sair	8.877382
es	wikisource	uan a	2	6	uana	pt	wikisource	a nau	2	176	anau	7.12206
es	wikisource	eso nos	2	168	esonos	pt	wikisource	sono se	2	13	sonose	7.768956
es	wikisource	óleo	1	160	oleo	pt	wikisource	o elo	2	21	oelo	8.172447
es	wikisource	apos	1	8	apos	pt	wikisource	sopa	1	172	sopa	7.350516
es	wikisource	asuma	1	173	asuma	pt	wikisource	à musa	2	7	amusa	7.238497
es	wikisource	mes o	2	59	meso	pt	wikisource	o sem	2	121	osem	8.898366
es	wikisource	mí las	2	174	milas	pt	wikisource	salim	1	6	salim	7.110696
es	wikisource	o no de	3	165	onode	pt	wikisource	é dono	2	15	edono	7.884577
es	wikisource	odres	1	92	odres	pt	wikisource	ser do	2	88	serdo	9.021236
es	wikisource	otón	1	114	oton	pt	wikisource	noto	1	66	noto	8.949625
es	wikisource	roce de	2	169	rocede	pt	wikisource	é de cor	3	11	edecor	7.620705
es	wikisource	el es	2	174	eles	pt	wikisource	sele	1	5	sele	6.956545
es	wikisource	era o	2	125	erao	pt	wikisource	o ar e	3	54	oare	8.843615
es	wikisource	fe la	2	168	fela	pt	wikisource	alef	1	11	alef	7.614805
es	wikisource	maruf	1	174	maruf	pt	wikisource	furam	1	5	furam	6.956545
es	wikisource	sí al	2	164	sial	pt	wikisource	laís	1	15	lais	7.878534
es	wikisource	uno á	2	169	unoa	pt	wikisource	a onu	2	10	aonu	7.533694
es	wikisource	ama á	2	20	amaa	pt	wikisource	a ama	2	158	aama	8.113427
es	wikisource	años si	2	123	anossi	pt	wikisource	isso na	2	55	issona	8.845633
es	wikisource	es él en	3	10	eselen	pt	wikisource	nele se	2	168	nelese	7.527794
es	wikisource	mataré	1	169	matare	pt	wikisource	era tam	2	9	eratam	7.438384
es	wikisource	sosón	1	5	soson	pt	wikisource	nós os	2	173	nosos	6.950815
es	wikisource	arba	1	16	arba	pt	wikisource	abra	1	161	abra	7.92081
es	wikisource	atas	1	9	atas	pt	wikisource	satã	1	168	sata	7.432484
es	wikisource	metes	1	59	metes	pt	wikisource	se têm	2	118	setem	8.873468
es	wikisource	azúl	1	10	azul	pt	wikisource	luz a	2	166	luza	7.515889
es	wikisource	leña o	2	12	lenao	pt	wikisource	o anel	2	164	oanel	7.670895
es	wikisource	mégara	1	54	megara	pt	wikisource	aragem	1	122	aragem	8.819518
es	wikisource	zafó	1	11	zafo	pt	wikisource	o faz	2	165	ofaz	7.596894
es	wikisource	a días	2	147	adias	pt	wikisource	saí da	2	28	saida	8.364508
es	wikisource	mes a	2	163	mesa	pt	wikisource	á sem	2	12	asem	7.664816
es	wikisource	o carbón	2	8	ocarbon	pt	wikisource	no braço	2	167	nobraco	7.321189
es	wikisource	otro me	2	117	otrome	pt	wikisource	é morto	2	58	emorto	8.848222
es	wikisource	sapos	1	153	sapos	pt	wikisource	sopas	1	22	sopas	8.172447
es	wikisource	álava	1	146	alava	pt	wikisource	a vala	2	29	avala	8.39163
es	wikisource	a tona	2	12	atona	pt	wikisource	a nota	2	162	anota	7.6587
es	wikisource	ama la	2	169	amala	pt	wikisource	à lama	2	5	alama	6.927558
es	wikisource	la zorra	2	167	lazorra	pt	wikisource	arrozal	1	7	arrozal	7.203406
es	wikisource	se le dé	3	160	selede	pt	wikisource	é deles	2	14	edeles	7.789455
es	wikisource	si va	2	137	siva	pt	wikisource	avis	1	37	avis	8.56484
es	wikisource	arañas	1	165	aranas	pt	wikisource	sanar a	2	8	sanara	7.309212
es	wikisource	mara	1	146	mara	pt	wikisource	aram	1	27	aram	8.322637
es	wikisource	me sería	2	167	meseria	pt	wikisource	aires em	2	6	airesem	7.069874
es	wikisource	o no de	3	165	onode	pt	wikisource	e dono	2	8	edono	7.309212
es	wikisource	o son	2	162	oson	pt	wikisource	noso	1	11	noso	7.578657
es	wikisource	otro me	2	117	otrome	pt	wikisource	e morto	2	56	emorto	8.813736
es	wikisource	ropón	1	131	ropon	pt	wikisource	no por	2	42	nopor	8.644002
es	wikisource	al es	2	9	ales	pt	wikisource	se lá	2	163	sela	7.402452
es	wikisource	e med	2	6	emed	pt	wikisource	dê me	2	166	deme	7.063904
es	wikisource	la van	2	59	lavan	pt	wikisource	naval	1	113	naval	8.830543
es	wikisource	nono	1	69	nono	pt	wikisource	o non	2	103	onon	8.892886
es	wikisource	olés	1	6	oles	pt	wikisource	sê lo	2	166	selo	7.063904
es	wikisource	revo	1	7	revo	pt	wikisource	o ver	2	165	over	7.191429
es	wikisource	tiré	1	143	tire	pt	wikisource	erit	1	29	erit	8.371011
es	wikisource	ávida	1	164	avida	pt	wikisource	a diva	2	8	adiva	7.30317
es	wikisource	agota	1	153	agota	pt	wikisource	a toga	2	18	atoga	7.981392
es	wikisource	ales	1	8	ales	pt	wikisource	se lá	2	163	sela	7.297091
es	wikisource	apoc	1	31	apoc	pt	wikisource	copa	1	140	copa	8.414496
es	wikisource	orig	1	5	orig	pt	wikisource	giro	1	166	giro	6.909753
es	wikisource	retes	1	11	retes	pt	wikisource	se ter	2	160	seter	7.566311
es	wikisource	sacras	1	152	sacras	pt	wikisource	sarças	1	19	sarcas	8.02617
es	wikisource	sí al	2	164	sial	pt	wikisource	lais	1	7	lais	7.185387
es	wikisource	ó les	2	5	oles	pt	wikisource	sê lo	2	166	selo	6.909753
es	wikisource	a palos	2	162	apalos	pt	wikisource	solapa	1	8	solapa	7.290975
es	wikisource	es ir	2	93	esir	pt	wikisource	ri se	2	77	rise	8.900004
es	wikisource	menos si	2	134	menossi	pt	wikisource	isso nem	2	36	issonem	8.516193
es	wikisource	a sol	2	137	asol	pt	wikisource	los á	2	32	losa	8.423761
es	wikisource	amad a	2	13	amada	pt	wikisource	a dama	2	156	adama	7.695303
es	wikisource	eles	1	10	eles	pt	wikisource	se lê	2	159	sele	7.473069
es	wikisource	o non	2	36	onon	pt	wikisource	nono	1	133	nono	8.508758
es	wikisource	aleve	1	156	aleve	pt	wikisource	e vê la	3	12	evela	7.621195
es	wikisource	atan	1	120	atan	pt	wikisource	natã	1	48	nata	8.687611
es	wikisource	o son	2	162	oson	pt	wikisource	nos ó	2	6	noso	7.03966
es	wikisource	sarta	1	121	sarta	pt	wikisource	atras	1	47	atras	8.675222
es	wikisource	si va	2	137	siva	pt	wikisource	à vis	2	31	avis	8.39299
es	wikisource	á dos	2	152	ados	pt	wikisource	só dá	2	16	soda	7.863651
es	wikisource	asar	1	79	asar	pt	wikisource	rasa	1	88	rasa	8.870663
es	wikisource	o mis	2	40	omis	pt	wikisource	sim o	2	127	simo	8.565602
es	wikisource	acabé	1	157	acabe	pt	wikisource	e baça	2	9	ebaca	7.36518
es	wikisource	al ama	2	93	alama	pt	wikisource	a mala	2	73	amala	8.84736
es	wikisource	a dora	2	17	adora	pt	wikisource	a roda	2	148	aroda	7.894318
es	wikisource	et esso	2	9	etesso	pt	wikisource	os sete	2	156	ossete	7.358831
es	wikisource	ra ra	2	147	rara	pt	wikisource	arar	1	18	arar	7.941651
es	wikisource	reló	1	150	relo	pt	wikisource	o ler	2	15	oler	7.789869
es	wikisource	álamo	1	120	alamo	pt	wikisource	o mal à	3	45	omala	8.624432
es	wikisource	aten	1	35	aten	pt	wikisource	neta	1	129	neta	8.451053
es	wikisource	oates	1	5	oates	pt	wikisource	se tão	2	159	setao	6.866933
es	wikisource	suez	1	120	suez	pt	wikisource	zeus	1	44	zeus	8.602453
es	wikisource	agapa	1	5	agapa	pt	wikisource	apaga	1	158	apaga	6.860664
es	wikisource	amad á	2	7	amada	pt	wikisource	a dama	2	156	adama	7.135687
es	wikisource	avien	1	24	avien	pt	wikisource	neiva	1	139	neiva	8.160518
es	wikisource	ellen	1	23	ellen	pt	wikisource	nelle	1	140	nelle	8.126814
es	wikisource	mas á	2	157	masa	pt	wikisource	a sam	2	6	asam	7.008505
es	wikisource	matón	1	104	maton	pt	wikisource	notam	1	59	notam	8.748305
es	wikisource	sodoma	1	145	sodoma	pt	wikisource	a modos	2	18	amodos	7.928046
es	wikisource	suos	1	156	suos	pt	wikisource	sous	1	7	sous	7.135687
es	wikisource	van á	2	152	vana	pt	wikisource	a nav	2	11	anav	7.515345
es	wikisource	aleve	1	156	aleve	pt	wikisource	e vela	2	6	evela	7.002156
es	wikisource	mece	1	121	mece	pt	wikisource	e cem	2	41	ecem	8.541691
es	wikisource	o caso	2	49	ocaso	pt	wikisource	o saco	2	113	osaco	8.648221
es	wikisource	étnica	1	142	etnica	pt	wikisource	acinte	1	20	acinte	8.007367
es	wikisource	aleve	1	156	aleve	pt	wikisource	e vê lá	3	5	evela	6.848005
es	wikisource	alua	1	17	alua	pt	wikisource	aula	1	144	aula	7.867106
es	wikisource	non le	2	118	nonle	pt	wikisource	el non	2	43	elnon	8.563313
es	wikisource	opas	1	5	opas	pt	wikisource	sapo	1	156	sapo	6.848005
es	wikisource	ropa le	2	13	ropale	pt	wikisource	ela por	2	148	elapor	7.643004
es	wikisource	son al	2	99	sonal	pt	wikisource	lá nos	2	62	lanos	8.748305
es	wikisource	á oir	2	36	aoir	pt	wikisource	rio a	2	125	rioa	8.4472
es	wikisource	atal	1	32	atal	pt	wikisource	lata	1	128	lata	8.35632
es	wikisource	elle a	2	5	ellea	pt	wikisource	a elle	2	155	aelle	6.841615
es	wikisource	mí sé	2	57	mise	pt	wikisource	e sim	2	103	esim	8.704834
es	wikisource	o lo son	3	6	oloson	pt	wikisource	no solo	2	154	nosolo	6.989335
es	wikisource	oíase	1	149	oiase	pt	wikisource	e saio	2	11	esaio	7.495542
es	wikisource	raído	1	109	raido	pt	wikisource	odiar	1	51	odiar	8.651724
es	wikisource	samet	1	5	samet	pt	wikisource	tem as	2	155	temas	6.841615
es	wikisource	ó poco	2	27	opoco	pt	wikisource	o copo	2	133	ocopo	8.230044
es	wikisource	romo	1	142	romo	pt	wikisource	o mor	2	17	omor	7.853216
es	wikisource	á dos	2	152	ados	pt	wikisource	soda	1	7	soda	7.109879
es	wikisource	atan	1	120	atan	pt	wikisource	nata	1	38	nata	8.459352
es	wikisource	evitó	1	141	evito	pt	wikisource	o tive	2	17	otive	7.846199
es	wikisource	maree	1	5	maree	pt	wikisource	e eram	2	153	eeram	6.828712
es	wikisource	ni da	2	27	nida	pt	wikisource	adin	1	131	adin	8.215006
es	wikisource	oías	1	9	oias	pt	wikisource	saio	1	149	saio	7.31322
es	wikisource	sacara	1	145	sacara	pt	wikisource	araçás	1	13	aracas	7.622664
es	wikisource	a días	2	147	adias	pt	wikisource	said a	2	10	saida	7.395108
es	wikisource	et los	2	144	etlos	pt	wikisource	sol te	2	13	solte	7.615791
es	wikisource	me meto	2	125	memeto	pt	wikisource	o temem	2	32	otemem	8.332789
es	wikisource	me son	2	147	meson	pt	wikisource	no sem	2	10	nosem	7.395108
es	wikisource	mó de	2	6	mode	pt	wikisource	edom	1	151	edom	6.969791
es	wikisource	ola de	2	152	olade	pt	wikisource	e dá lo	3	5	edalo	6.822197
es	wikisource	rama a	2	21	ramaa	pt	wikisource	a amar	2	136	aamar	8.011023
es	wikisource	á don	2	101	adon	pt	wikisource	no da	2	56	noda	8.668024
es	wikisource	ame la	2	15	amela	pt	wikisource	alemã	1	141	alema	7.728416
es	wikisource	area	1	112	area	pt	wikisource	a era	2	44	aera	8.53405
es	wikisource	areo	1	18	areo	pt	wikisource	o era	2	138	oera	7.878913
es	wikisource	atracan	1	8	atracan	pt	wikisource	na carta	2	148	nacarta	7.201171
es	wikisource	el avo	2	9	elavo	pt	wikisource	o vale	2	147	ovale	7.299797
es	wikisource	esas son	2	146	esasson	pt	wikisource	nossas e	2	10	nossase	7.388328
es	wikisource	mode	1	5	mode	pt	wikisource	edom	1	151	edom	6.81564
es	wikisource	sopo	1	50	sopo	pt	wikisource	opôs	1	106	opos	8.604654
es	wikisource	traed	1	101	traed	pt	wikisource	de art	2	55	deart	8.650325
es	wikisource	zeda	1	6	zeda	pt	wikisource	a dez	2	150	adez	6.96319
es	wikisource	e mis	2	15	emis	pt	wikisource	sim e	2	140	sime	7.721349
es	wikisource	mane	1	33	mane	pt	wikisource	e nam	2	122	enam	8.338545
es	wikisource	ramon	1	149	ramon	pt	wikisource	nom ar	2	6	nomar	6.956545
es	wikisource	sacaré	1	141	sacare	pt	wikisource	e raças	2	14	eracas	7.663877
es	wikisource	amare	1	42	amare	pt	wikisource	eram a	2	112	erama	8.488588
es	wikisource	animan	1	146	animan	pt	wikisource	na mina	2	8	namina	7.187657
es	wikisource	revé	1	5	reve	pt	wikisource	e ver	2	149	ever	6.802395
es	wikisource	rêve	1	5	reve	pt	wikisource	e ver	2	149	ever	6.802395
es	wikisource	río a	2	142	rioa	pt	wikisource	ao ir	2	12	aoir	7.527794
es	wikisource	soporta	1	149	soporta	pt	wikisource	átropos	1	5	atropos	6.802395
es	wikisource	aram	1	45	aram	pt	wikisource	mar a	2	108	mara	8.519989
es	wikisource	le vi no	3	5	levino	pt	wikisource	o nível	2	148	onivel	6.795706
es	wikisource	levino	1	5	levino	pt	wikisource	o nível	2	148	onivel	6.795706
es	wikisource	raída	1	90	raida	pt	wikisource	adiar	1	63	adiar	8.669743
es	wikisource	a días	2	147	adias	pt	wikisource	saida	1	5	saida	6.788972
es	wikisource	edom	1	107	edom	pt	wikisource	mó de	2	45	mode	8.510773
es	wikisource	esas son	2	146	esasson	pt	wikisource	nossa se	2	6	nossase	6.936343
es	wikisource	esas son	2	146	esasson	pt	wikisource	nossa sé	2	6	nossase	6.936343
es	wikisource	maná	1	137	mana	pt	wikisource	a nam	2	15	anam	7.699842
es	wikisource	meier	1	16	meier	pt	wikisource	rei em	2	136	reiem	7.753194
es	wikisource	o ave	2	7	oave	pt	wikisource	e vão	2	145	evao	7.063048
es	wikisource	oda de	2	22	odade	pt	wikisource	é dado	2	130	edado	8.010692
es	wikisource	saba	1	45	saba	pt	wikisource	abas	1	107	abas	8.510773
es	wikisource	ya pues	2	71	yapues	pt	wikisource	seu pay	2	81	seupay	8.683385
es	wikisource	álava	1	146	alava	pt	wikisource	à vala	2	6	avala	6.936343
es	wikisource	roma a	2	136	romaa	pt	wikisource	a amor	2	15	aamor	7.69257
es	wikisource	selim	1	107	selim	pt	wikisource	mil és	2	44	miles	8.488794
es	wikisource	ser él	2	142	serel	pt	wikisource	leres	1	9	leres	7.26543
es	wikisource	ó dos	2	67	odos	pt	wikisource	só do	2	84	sodo	8.662159
es	wikisource	a mora	2	18	amora	pt	wikisource	a roma	2	132	aroma	7.834788
es	wikisource	acata	1	62	acata	pt	wikisource	ataca	1	88	ataca	8.631771
es	wikisource	adán a	2	17	adana	pt	wikisource	a nada	2	133	anada	7.788212
es	wikisource	asín	1	140	asin	pt	wikisource	nisa	1	10	nisa	7.346655
es	wikisource	e si a	3	11	esia	pt	wikisource	aí se	2	139	aise	7.426549
es	wikisource	ser y a	3	23	serya	pt	wikisource	ayres	1	127	ayres	8.030084
es	wikisource	sodoma	1	145	sodoma	pt	wikisource	amo dos	2	5	amodos	6.775366
es	wikisource	a dare	2	5	adare	pt	wikisource	era da	2	144	erada	6.768493
es	wikisource	amé la	2	8	amela	pt	wikisource	alemã	1	141	alema	7.153052
es	wikisource	me sale	2	88	mesale	pt	wikisource	ela sem	2	61	elasem	8.615771
es	wikisource	alos	1	50	alos	pt	wikisource	sola	1	98	sola	8.526945
es	wikisource	et se	2	44	etse	pt	wikisource	éste	1	104	este	8.460623
es	wikisource	matarte	1	143	matarte	pt	wikisource	e tratam	2	5	etratam	6.761573
es	wikisource	oculos	1	10	oculos	pt	wikisource	soluço	1	138	soluco	7.332369
es	wikisource	samos	1	123	samos	pt	wikisource	só mas	2	25	somas	8.078378
es	wikisource	se vé	2	140	seve	pt	wikisource	e vês	2	8	eves	7.145984
es	wikisource	sien a	2	10	siena	pt	wikisource	anéis	1	138	aneis	7.332369
es	wikisource	aláh	1	108	alah	pt	wikisource	há lá	2	39	hala	8.380227
es	wikisource	el ara	2	135	elara	pt	wikisource	a ralé	2	12	arale	7.477604
es	wikisource	era toda	2	137	eratoda	pt	wikisource	adotar e	2	10	adotare	7.325149
es	wikisource	eso del	2	142	esodel	pt	wikisource	ledos e	2	5	ledose	6.754604
es	wikisource	la tan	2	114	latan	pt	wikisource	na tal	2	33	natal	8.271293
es	wikisource	mal o	2	124	malo	pt	wikisource	olam	1	23	olam	8.006368
es	wikisource	mulos	1	124	mulos	pt	wikisource	sol um	2	23	solum	8.006368
es	wikisource	subo	1	142	subo	pt	wikisource	obus	1	5	obus	6.754604
es	wikisource	eleos	1	17	eleos	pt	wikisource	só ele	2	129	soele	7.757906
es	wikisource	olin	1	10	olin	pt	wikisource	nilo	1	136	nilo	7.317876
es	wikisource	sansón	1	129	sanson	pt	wikisource	nos nas	2	17	nosnas	7.757906
es	wikisource	ídem	1	123	idem	pt	wikisource	medi	1	23	medi	7.998335
es	wikisource	a oir	2	20	aoir	pt	wikisource	rio a	2	125	rioa	7.880804
es	wikisource	asomos	1	115	asomos	pt	wikisource	somos a	2	30	somosa	8.187577
es	wikisource	mo de	2	84	mode	pt	wikisource	e dom	2	61	edom	8.569786
es	wikisource	oiré	1	76	oire	pt	wikisource	e rio	2	69	erio	8.592301
es	wikisource	oriol	1	10	oriol	pt	wikisource	loiro	1	135	loiro	7.31055
es	wikisource	retaba	1	14	retaba	pt	wikisource	a bater	2	131	abater	7.590852
es	wikisource	samir	1	8	samir	pt	wikisource	rimas	1	137	rimas	7.124478
es	wikisource	si va	2	137	siva	pt	wikisource	a vis	2	8	avis	7.124478
es	wikisource	son son	2	5	sonson	pt	wikisource	nós nos	2	140	nosnos	6.740519
es	wikisource	a café	2	13	acafe	pt	wikisource	e faça	2	131	efaca	7.521859
es	wikisource	a son	2	51	ason	pt	wikisource	nos à	2	93	nosa	8.494539
es	wikisource	eaces	1	9	eaces	pt	wikisource	seca e	2	135	secae	7.21524
es	wikisource	era o	2	125	erao	pt	wikisource	o ar é	3	19	oare	7.832014
es	wikisource	es ia	2	5	esia	pt	wikisource	aí se	2	139	aise	6.733402
es	wikisource	no dé	2	127	node	pt	wikisource	e don	2	17	edon	7.742402
es	wikisource	a iris	2	8	airis	pt	wikisource	síria	1	135	siria	7.109879
es	wikisource	edem	1	13	edem	pt	wikisource	me dê	2	130	mede	7.514255
es	wikisource	o asá	2	5	oasa	pt	wikisource	a são	2	138	asao	6.726233
es	wikisource	arte la	2	118	artela	pt	wikisource	à letra	2	24	aletra	7.997999
es	wikisource	megara	1	20	megara	pt	wikisource	aragem	1	122	aragem	7.856707
es	wikisource	oros	1	135	oros	pt	wikisource	soro	1	7	soro	6.992096
es	wikisource	ralos	1	30	ralos	pt	wikisource	solar	1	112	solar	8.161375
es	wikisource	ajos	1	132	ajos	pt	wikisource	só já	2	9	soja	7.192934
es	wikisource	aziz	1	135	aziz	pt	wikisource	ziza	1	6	ziza	6.858565
es	wikisource	educa	1	100	educa	pt	wikisource	açude	1	41	acude	8.35279
es	wikisource	irán a	2	135	irana	pt	wikisource	anari	1	6	anari	6.858565
es	wikisource	rete	1	14	rete	pt	wikisource	é ter	2	127	eter	7.56008
es	wikisource	a cebar	2	8	acebar	pt	wikisource	rabeca	1	132	rabeca	7.087574
es	wikisource	ana le	2	64	anale	pt	wikisource	ela na	2	76	elana	8.518193
es	wikisource	mesó	1	19	meso	pt	wikisource	o sem	2	121	osem	7.799753
es	wikisource	or el	2	5	orel	pt	wikisource	ler o	2	135	lero	6.704414
es	wikisource	álamo	1	120	alamo	pt	wikisource	o mal a	3	20	omala	7.840313
es	wikisource	a cina	2	6	acina	pt	wikisource	anica	1	133	anica	6.84375
es	wikisource	amis	1	27	amis	pt	wikisource	sim a	2	112	sima	8.059592
es	wikisource	ariel	1	126	ariel	pt	wikisource	leira	1	13	leira	7.483244
es	wikisource	auías	1	10	auias	pt	wikisource	saiu a	2	129	saiua	7.26543
es	wikisource	edom	1	107	edom	pt	wikisource	mode	1	32	mode	8.178639
es	wikisource	le vino á	3	5	levinoa	pt	wikisource	ao nível	2	134	aonivel	6.697034
es	wikisource	a tom	2	77	atom	pt	wikisource	mota	1	61	mota	8.483843
es	wikisource	acata	1	62	acata	pt	wikisource	a taça	2	76	ataca	8.48694
es	wikisource	amago	1	104	amago	pt	wikisource	o gama	2	34	ogama	8.209308
es	wikisource	eduos	1	9	eduos	pt	wikisource	sou de	2	129	soude	7.17012
es	wikisource	lates	1	6	lates	pt	wikisource	se tal	2	132	setal	6.836259
es	wikisource	odas	1	130	odas	pt	wikisource	sado	1	8	sado	7.072422
es	wikisource	a suma	2	5	asuma	pt	wikisource	a musa	2	132	amusa	6.682109
es	wikisource	ah es	2	47	ahes	pt	wikisource	se ha	2	90	seha	8.382061
es	wikisource	e mis	2	15	emis	pt	wikisource	sim é	2	122	sime	7.584773
es	wikisource	mo do	2	10	modo	pt	wikisource	o dom	2	127	odom	7.249926
es	wikisource	saue	1	15	saue	pt	wikisource	eu as	2	122	euas	7.584773
es	wikisource	zapa	1	74	zapa	pt	wikisource	à paz	2	63	apaz	8.476371
es	wikisource	á doña	2	32	adona	pt	wikisource	ano da	2	105	anoda	8.159947
es	wikisource	aron	1	6	aron	pt	wikisource	nora	1	130	nora	6.821107
es	wikisource	a mar	2	41	amar	pt	wikisource	rama	1	94	rama	8.291547
es	wikisource	amarme	1	116	amarme	pt	wikisource	em ramá	2	19	emrama	7.757906
es	wikisource	e son	2	27	eson	pt	wikisource	nos é	2	108	nose	8.023552
es	wikisource	et se	2	44	etse	pt	wikisource	êste	1	91	este	8.328451
es	wikisource	menú	1	47	menu	pt	wikisource	unem	1	88	unem	8.359837
es	wikisource	revele	1	122	revele	pt	wikisource	ele ver	2	13	elever	7.451242
es	wikisource	aporta	1	110	aporta	pt	wikisource	à tropa	2	24	atropa	7.928406
es	wikisource	es señal	2	120	essenal	pt	wikisource	lá nesse	2	14	lanesse	7.503841
es	wikisource	os es	2	65	oses	pt	wikisource	se só	2	69	seso	8.43815
es	wikisource	sansón	1	129	sanson	pt	wikisource	nós nas	2	5	nosnas	6.659294
es	wikisource	son al	2	99	sonal	pt	wikisource	la nos	2	35	lanos	8.188689
es	wikisource	á oír	2	9	aoir	pt	wikisource	rio a	2	125	rioa	7.138867
es	wikisource	eolos	1	5	eolos	pt	wikisource	solo e	2	128	soloe	6.651572
es	wikisource	á rama	2	8	arama	pt	wikisource	amar a	2	125	amara	7.033506
es	wikisource	amir	1	31	amir	pt	wikisource	rima	1	101	rima	8.090709
es	wikisource	amos a	2	33	amosa	pt	wikisource	a soma	2	99	asoma	8.131531
es	wikisource	así os	2	100	asios	pt	wikisource	sois a	2	32	soisa	8.111628
es	wikisource	egaña	1	120	egana	pt	wikisource	anagé	1	12	anage	7.36074
es	wikisource	lame	1	78	lame	pt	wikisource	é mal	2	54	emal	8.376781
es	wikisource	rey á	2	115	reya	pt	wikisource	ayer	1	17	ayer	7.643962
es	wikisource	soma	1	25	soma	pt	wikisource	amos	1	107	amos	7.940228
es	wikisource	tire	1	103	tire	pt	wikisource	erit	1	29	erit	8.045588
es	wikisource	adra	1	58	adra	pt	wikisource	ar da	2	73	arda	8.381603
es	wikisource	canaán	1	126	canaan	pt	wikisource	na anac	2	5	naanac	6.635947
es	wikisource	lama	1	50	lama	pt	wikisource	a mal	2	81	amal	8.338545
es	wikisource	o era	2	118	oera	pt	wikisource	ar e o	3	13	areo	7.418181
es	wikisource	sabet	1	21	sabet	pt	wikisource	tebas	1	110	tebas	7.800573
es	wikisource	sal a	2	33	sala	pt	wikisource	alas	1	98	alas	8.12148
es	wikisource	a temer	2	120	atemer	pt	wikisource	remeta	1	10	remeta	7.193686
es	wikisource	medo	1	59	medo	pt	wikisource	o dem	2	71	odem	8.371011
es	wikisource	non los	2	35	nonlos	pt	wikisource	sol non	2	95	solnon	8.147867
es	wikisource	rebase	1	39	rebase	pt	wikisource	e saber	2	91	esaber	8.210668
es	wikisource	sarta	1	121	sarta	pt	wikisource	a tras	2	9	atras	7.106606
es	wikisource	zafra	1	125	zafra	pt	wikisource	ar faz	2	5	arfaz	6.628041
es	wikisource	mes ó	2	8	meso	pt	wikisource	o sem	2	121	osem	7.001246
es	wikisource	o les	2	121	oles	pt	wikisource	sel o	2	8	selo	7.001246
es	wikisource	acerba	1	105	acerba	pt	wikisource	a breca	2	23	abreca	7.841493
es	wikisource	amaré	1	111	amare	pt	wikisource	era má	2	17	erama	7.608871
es	wikisource	aria	1	88	aria	pt	wikisource	à ira	2	40	aira	8.202208
es	wikisource	e aun	2	79	eaun	pt	wikisource	nua e	2	49	nuae	8.29405
es	wikisource	mañé	1	6	mane	pt	wikisource	e nam	2	122	enam	6.758095
es	wikisource	mi se	2	25	mise	pt	wikisource	e sim	2	103	esim	7.902487
es	wikisource	o no son	3	21	onoson	pt	wikisource	no sono	2	107	nosono	7.773174
es	wikisource	o si la	3	99	osila	pt	wikisource	ali só	2	29	aliso	8.006368
es	wikisource	robur	1	7	robur	pt	wikisource	rubor	1	121	rubor	6.883463
es	wikisource	roca de	2	119	rocade	pt	wikisource	e da cor	3	9	edacor	7.090077
es	wikisource	y eres	2	122	yeres	pt	wikisource	serey	1	6	serey	6.758095
es	wikisource	á rama	2	8	arama	pt	wikisource	amara	1	120	amara	6.993015
es	wikisource	a paca	2	20	apaca	pt	wikisource	a capa	2	107	acapa	7.726654
es	wikisource	amara	1	99	amara	pt	wikisource	a rama	2	28	arama	7.972466
es	wikisource	elam	1	25	elam	pt	wikisource	mal é	2	102	male	7.892826
es	wikisource	eso su	2	72	esosu	pt	wikisource	usos e	2	55	usose	8.315811
es	wikisource	metá	1	29	meta	pt	wikisource	a tem	2	98	atem	7.996317
es	wikisource	neta	1	120	neta	pt	wikisource	aten	1	7	aten	6.875232
es	wikisource	o les	2	121	oles	pt	wikisource	sêlo	1	6	selo	6.749931
es	wikisource	a ti mi	3	48	atimi	pt	wikisource	imita	1	78	imita	8.261268
es	wikisource	esón	1	18	eson	pt	wikisource	nos é	2	108	nose	7.635787
es	wikisource	me te	2	6	mete	pt	wikisource	e têm	2	120	etem	6.741701
es	wikisource	meso	1	5	meso	pt	wikisource	o sem	2	121	osem	6.595781
es	wikisource	ni tu	2	121	nitu	pt	wikisource	ut in	2	5	utin	6.595781
es	wikisource	revive	1	48	revive	pt	wikisource	e viver	2	78	eviver	8.261268
es	wikisource	sabá	1	19	saba	pt	wikisource	abas	1	107	abas	7.677864
es	wikisource	amo con	2	116	amocon	pt	wikisource	no com a	3	9	nocoma	7.064759
es	wikisource	meté	1	5	mete	pt	wikisource	e têm	2	120	etem	6.58755
es	wikisource	metés	1	7	metes	pt	wikisource	se têm	2	118	setem	6.858565
es	wikisource	sol un	2	68	solun	pt	wikisource	nulos	1	57	nulos	8.29455
es	wikisource	a luz a	3	94	aluza	pt	wikisource	azul a	2	30	azula	7.987864
es	wikisource	alas a	2	104	alasa	pt	wikisource	á sala	2	20	asala	7.698483
es	wikisource	amarme	1	116	amarme	pt	wikisource	em rama	2	8	emrama	6.959399
es	wikisource	aportan	1	108	aportan	pt	wikisource	na tropa	2	16	natropa	7.524561
es	wikisource	e son	2	27	eson	pt	wikisource	nós é	2	97	nose	7.917172
es	wikisource	el ene	2	7	elene	pt	wikisource	e nele	2	117	enele	6.850126
es	wikisource	essa	1	118	essa	pt	wikisource	asse	1	6	asse	6.725034
es	wikisource	ni si	2	117	nisi	pt	wikisource	is in	2	7	isin	6.850126
es	wikisource	roca de	2	119	rocade	pt	wikisource	é da cor	3	5	edacor	6.579251
es	wikisource	se trae	2	80	setrae	pt	wikisource	e artes	2	44	eartes	8.201112
es	wikisource	él os	2	115	elos	pt	wikisource	sole	1	9	sole	7.056175
es	wikisource	acorta	1	41	acorta	pt	wikisource	a troca	2	82	atroca	8.15651
es	wikisource	laso	1	52	laso	pt	wikisource	o sal	2	71	osal	8.246958
es	wikisource	non la	2	56	nonla	pt	wikisource	al non	2	67	alnon	8.262559
es	wikisource	al oso	2	42	aloso	pt	wikisource	o sol a	3	80	osola	8.155649
es	wikisource	alef	1	12	alef	pt	wikisource	fê la	2	110	fela	7.27448
es	wikisource	ataba	1	114	ataba	pt	wikisource	abata	1	8	abata	6.942157
es	wikisource	esa era	2	101	esaera	pt	wikisource	áreas e	2	21	arease	7.716015
es	wikisource	o días	2	25	odias	pt	wikisource	sai do	2	97	saido	7.843064
es	wikisource	sanó	1	69	sano	pt	wikisource	o nas	2	53	onas	8.237479
es	wikisource	sidra	1	63	sidra	pt	wikisource	ardis	1	59	ardis	8.253228
es	wikisource	sí si	2	99	sisi	pt	wikisource	ísis	1	23	isis	7.783224
es	wikisource	adujo	1	101	adujo	pt	wikisource	o judá	2	20	ojuda	7.669495
es	wikisource	livres	1	9	livres	pt	wikisource	servil	1	112	servil	7.029973
es	wikisource	obes	1	19	obes	pt	wikisource	sebo	1	102	sebo	7.630461
es	wikisource	a suo	2	20	asuo	pt	wikisource	ousa	1	100	ousa	7.659643
es	wikisource	a ti es	3	27	aties	pt	wikisource	seita	1	93	seita	7.875499
es	wikisource	e todo	2	37	etodo	pt	wikisource	o dote	2	83	odote	8.068403
es	wikisource	eton	1	21	eton	pt	wikisource	note	1	99	note	7.696213
es	wikisource	isis	1	114	isis	pt	wikisource	si si	2	6	sisi	6.690842
es	wikisource	iv el	2	112	ivel	pt	wikisource	lévi	1	8	levi	6.924612
es	wikisource	le de	2	83	lede	pt	wikisource	e del	2	37	edel	8.068403
es	wikisource	menu	1	32	menu	pt	wikisource	unem	1	88	unem	7.985144
es	wikisource	nate	1	5	nate	pt	wikisource	e tan	2	115	etan	6.54535
es	wikisource	nona	1	65	nona	pt	wikisource	a non	2	55	anon	8.215006
es	wikisource	odias	1	23	odias	pt	wikisource	sai do	2	97	saido	7.763021
es	wikisource	roda	1	56	roda	pt	wikisource	à dor	2	64	ador	8.217439
es	wikisource	sais	1	35	sais	pt	wikisource	si as	2	85	sias	8.037866
es	wikisource	amaré	1	111	amare	pt	wikisource	eramá	1	8	erama	6.915723
es	wikisource	aries	1	101	aries	pt	wikisource	se irá	2	18	seira	7.569412
es	wikisource	asador	1	114	asador	pt	wikisource	rodas a	2	5	rodasa	6.536692
es	wikisource	aviesa	1	57	aviesa	pt	wikisource	a seiva	2	62	aseiva	8.203578
es	wikisource	nené	1	112	nene	pt	wikisource	e nen	2	7	enen	6.806829
es	wikisource	o tan	2	85	otan	pt	wikisource	nato	1	34	nato	8.009695
es	wikisource	revive	1	48	revive	pt	wikisource	é viver	2	71	eviver	8.168486
es	wikisource	adarga	1	106	adarga	pt	wikisource	agradá	1	12	agrada	7.237778
es	wikisource	area	1	112	area	pt	wikisource	à era	2	6	aera	6.673298
es	wikisource	iván	1	113	ivan	pt	wikisource	na vi	2	5	navi	6.527958
es	wikisource	ora de	2	113	orade	pt	wikisource	e dar o	3	5	edaro	6.527958
es	wikisource	otan	1	84	otan	pt	wikisource	nato	1	34	nato	7.997999
es	wikisource	otero	1	109	otero	pt	wikisource	o reto	2	9	oreto	7.003065
es	wikisource	otor	1	12	otor	pt	wikisource	roto	1	106	roto	7.237778
es	wikisource	su no	2	94	suno	pt	wikisource	ónus	1	24	onus	7.772753
es	wikisource	sé ni	2	113	seni	pt	wikisource	ines	1	5	ines	6.527958
es	wikisource	taba	1	112	taba	pt	wikisource	abat	1	6	abat	6.673298
es	wikisource	á tan	2	70	atan	pt	wikisource	natã	1	48	nata	8.1545
es	wikisource	anal	1	6	anal	pt	wikisource	la na	2	111	lana	6.664409
es	wikisource	muelen	1	32	muelen	pt	wikisource	nele um	2	85	neleum	7.950855
es	wikisource	said	1	104	said	pt	wikisource	días	1	13	dias	7.293018
es	wikisource	seco de	2	85	secode	pt	wikisource	e doces	2	32	edoces	7.950855
es	wikisource	son o	2	112	sono	pt	wikisource	o nós	2	5	onos	6.519147
es	wikisource	sí si	2	99	sisi	pt	wikisource	isis	1	18	isis	7.549609
es	wikisource	xi de	2	97	xide	pt	wikisource	e dix	2	20	edix	7.62949
es	wikisource	anota	1	40	anota	pt	wikisource	à tona	2	76	atona	8.057377
es	wikisource	años es	2	111	anoses	pt	wikisource	se só na	3	5	sesona	6.510258
es	wikisource	el ael	2	5	elael	pt	wikisource	leal e	2	111	leale	6.510258
es	wikisource	esa le	2	6	esale	pt	wikisource	elas e	2	110	elase	6.65544
es	wikisource	rete	1	14	rete	pt	wikisource	éter	1	102	eter	7.342779
es	wikisource	ñoño	1	13	nono	pt	wikisource	o non	2	103	onon	7.283448
es	wikisource	a gota	2	97	agota	pt	wikisource	a toga	2	18	atoga	7.529406
es	wikisource	a mala	2	41	amala	pt	wikisource	a lama	2	74	alama	8.055158
es	wikisource	e oído	2	6	eoido	pt	wikisource	ódio e	2	109	odioe	6.646391
es	wikisource	el os	2	15	elos	pt	wikisource	sol é	2	100	sole	7.387709
es	wikisource	esón	1	18	eson	pt	wikisource	nós é	2	97	nose	7.529406
es	wikisource	la ma	2	34	lama	pt	wikisource	a mal	2	81	amal	7.962067
es	wikisource	o no sé	3	89	onose	pt	wikisource	e só no	3	26	esono	7.795647
es	wikisource	oír esa	2	13	oiresa	pt	wikisource	a sério	2	102	aserio	7.273786
es	wikisource	sabat	1	65	sabat	pt	wikisource	tabas	1	50	tabas	8.12148
es	wikisource	serian	1	109	serian	pt	wikisource	naires	1	6	naires	6.646391
es	wikisource	ti ni	2	108	tini	pt	wikisource	in it	2	7	init	6.770789
es	wikisource	a mí et	3	6	amiet	pt	wikisource	teima	1	108	teima	6.637258
es	wikisource	mela	1	15	mela	pt	wikisource	alem	1	99	alem	7.377759
es	wikisource	serte	1	71	serte	pt	wikisource	e tres	2	43	etres	8.060856
es	wikisource	sores	1	9	sores	pt	wikisource	ser os	2	105	seros	6.966024
es	wikisource	ó días	2	17	odias	pt	wikisource	sai do	2	97	saido	7.475339
es	wikisource	a sam	2	6	asam	pt	wikisource	mas à	2	107	masa	6.628041
es	wikisource	amará	1	85	amara	pt	wikisource	a rama	2	28	arama	7.821643
es	wikisource	mise	1	10	mise	pt	wikisource	e sim	2	103	esim	7.042286
es	wikisource	mí sé	2	57	mise	pt	wikisource	é sim	2	56	esim	8.103494
es	wikisource	no él	2	80	noel	pt	wikisource	leon	1	33	leon	7.92081
es	wikisource	salon	1	93	salon	pt	wikisource	no las	2	20	nolas	7.587817
es	wikisource	ser tal	2	108	sertal	pt	wikisource	la três	2	5	latres	6.483107
es	wikisource	á dias	2	5	adias	pt	wikisource	sai da	2	108	saida	6.483107
es	wikisource	áreta	1	9	areta	pt	wikisource	a ter a	3	104	atera	6.956545
es	wikisource	azuzó	1	12	azuzo	pt	wikisource	o zuza	2	100	ozuza	7.18007
es	wikisource	mar es	2	105	mares	pt	wikisource	seram	1	7	seram	6.742881
es	wikisource	me sale	2	88	mesale	pt	wikisource	elas em	2	24	elasem	7.707512
es	wikisource	o suo	2	5	osuo	pt	wikisource	ouso	1	107	ouso	6.473891
es	wikisource	onra	1	92	onra	pt	wikisource	ar no	2	20	arno	7.577122
es	wikisource	ralo	1	41	ralo	pt	wikisource	o lar	2	71	olar	8.014336
es	wikisource	sol lo	2	41	sollo	pt	wikisource	ollos	1	71	ollos	8.014336
es	wikisource	amad	1	62	amad	pt	wikisource	da má	2	49	dama	8.055158
es	wikisource	anotar	1	99	anotar	pt	wikisource	rato na	2	12	ratona	7.17012
es	wikisource	arar	1	103	arar	pt	wikisource	ra ra	2	8	rara	6.841615
es	wikisource	elba	1	105	elba	pt	wikisource	able	1	6	able	6.609349
es	wikisource	esa le	2	6	esale	pt	wikisource	e lá se	3	105	elase	6.609349
es	wikisource	ha ha	2	7	haha	pt	wikisource	ah ah	2	104	ahah	6.733402
es	wikisource	iv la	2	106	ivla	pt	wikisource	alvi	1	5	alvi	6.464588
es	wikisource	o ama	2	15	oama	pt	wikisource	ama o	2	96	amao	7.3473
es	wikisource	o trece	2	28	otrece	pt	wikisource	e certo	2	83	ecerto	7.798113
es	wikisource	opón	1	5	opon	pt	wikisource	no pó	2	106	nopo	6.464588
es	wikisource	aria	1	88	aria	pt	wikisource	a ir à	3	22	aira	7.624131
es	wikisource	así él	2	90	asiel	pt	wikisource	leis a	2	20	leisa	7.555382
es	wikisource	esas a	2	7	esasa	pt	wikisource	asas e	2	103	asase	6.723832
es	wikisource	ríase	1	50	riase	pt	wikisource	e sair	2	60	esair	8.042699
es	wikisource	sala se	2	98	salase	pt	wikisource	e salas	2	12	esalas	7.160069
es	wikisource	sias	1	47	sias	pt	wikisource	sais	1	63	sais	8.030084
es	wikisource	trop	1	24	trop	pt	wikisource	port	1	86	port	7.684784
es	wikisource	á don	2	101	adon	pt	wikisource	nó da	2	9	noda	6.927558
es	wikisource	á mas	2	97	amas	pt	wikisource	sama	1	13	sama	7.224025
es	wikisource	a les	2	27	ales	pt	wikisource	selá	1	82	sela	7.751045
es	wikisource	ames	1	94	ames	pt	wikisource	sema	1	15	sema	7.326466
es	wikisource	es son	2	6	esson	pt	wikisource	nós se	2	103	nosse	6.590301
es	wikisource	o corta	2	14	ocorta	pt	wikisource	a troco	2	95	atroco	7.272398
es	wikisource	oro nos	2	6	oronos	pt	wikisource	sonoro	1	103	sonoro	6.590301
es	wikisource	ríe de	2	101	riede	pt	wikisource	e de ir	3	8	edeir	6.822197
es	wikisource	sono	1	29	sono	pt	wikisource	o nos	2	80	onos	7.795647
es	wikisource	el am	2	6	elam	pt	wikisource	mal é	2	102	male	6.580639
es	wikisource	hatos	1	54	hatos	pt	wikisource	sotah	1	54	sotah	8.014666
es	wikisource	iii a	2	92	iiia	pt	wikisource	a iii	2	16	aiii	7.365813
es	wikisource	la te	2	8	late	pt	wikisource	é tal	2	100	etal	6.812345
es	wikisource	o cómo	2	102	ocomo	pt	wikisource	o mocó	2	6	omoco	6.580639
es	wikisource	omite	1	74	omite	pt	wikisource	étimo	1	34	etimo	7.872836
es	wikisource	roma se	2	94	romase	pt	wikisource	és amor	2	14	esamor	7.261927
es	wikisource	á la fe	3	20	alafe	pt	wikisource	e fala	2	88	efala	7.533159
es	wikisource	á tan	2	70	atan	pt	wikisource	nata	1	38	nata	7.926242
es	wikisource	adujo	1	101	adujo	pt	wikisource	ó judá	2	6	ojuda	6.570883
es	wikisource	amara	1	99	amara	pt	wikisource	a ramá	2	8	arama	6.802395
es	wikisource	assur	1	29	assur	pt	wikisource	russa	1	78	russa	7.770645
es	wikisource	e amor	2	6	eamor	pt	wikisource	roma e	2	101	romae	6.570883
es	wikisource	ser obra	2	102	serobra	pt	wikisource	arbores	1	5	arbores	6.426488
es	wikisource	someto	1	82	someto	pt	wikisource	o temos	2	25	otemos	7.676937
es	wikisource	avido	1	80	avido	pt	wikisource	o divã	2	26	odiva	7.690286
es	wikisource	e san	2	6	esan	pt	wikisource	na sé	2	100	nase	6.561031
es	wikisource	es a las	3	41	esalas	pt	wikisource	salas e	2	65	salase	7.927324
es	wikisource	maratón	1	59	maraton	pt	wikisource	notaram	1	47	notaram	7.965546
es	wikisource	o será	2	79	osera	pt	wikisource	ares o	2	27	areso	7.714231
es	wikisource	roma e	2	7	romae	pt	wikisource	é amor	2	99	eamor	6.684612
es	wikisource	roza	1	100	roza	pt	wikisource	azor	1	6	azor	6.561031
es	wikisource	sé ver	2	16	sever	pt	wikisource	revés	1	90	reves	7.344073
es	wikisource	á mas	2	97	amas	pt	wikisource	samá	1	9	sama	6.887553
es	wikisource	al art	2	88	alart	pt	wikisource	trá lá	2	17	trala	7.379008
es	wikisource	educa	1	100	educa	pt	wikisource	acude	1	5	acude	6.40688
es	wikisource	elos	1	5	elos	pt	wikisource	sol é	2	100	sole	6.40688
es	wikisource	leño el	2	5	lenoel	pt	wikisource	leonel	1	100	leonel	6.40688
es	wikisource	mada	1	5	mada	pt	wikisource	adam	1	100	adam	6.40688
es	wikisource	meson	1	5	meson	pt	wikisource	nos em	2	100	nosem	6.40688
es	wikisource	o aval	2	6	oaval	pt	wikisource	lá vão	2	99	lavao	6.55108
es	wikisource	o sale	2	13	osale	pt	wikisource	ela só	2	92	elaso	7.171657
es	wikisource	ñata	1	8	nata	pt	wikisource	atan	1	97	atan	6.782192
es	wikisource	agib	1	84	agib	pt	wikisource	biga	1	20	biga	7.487174
es	wikisource	alem	1	50	alem	pt	wikisource	me lá	2	54	mela	7.939159
es	wikisource	ama es	2	39	amaes	pt	wikisource	se ama	2	65	seama	7.878534
es	wikisource	aria	1	88	aria	pt	wikisource	a ir a	3	16	aira	7.32185
es	wikisource	arran	1	5	arran	pt	wikisource	narra	1	99	narra	6.39693
es	wikisource	gima	1	31	gima	pt	wikisource	amig	1	73	amig	7.769801
es	wikisource	lavo	1	62	lavo	pt	wikisource	oval	1	42	oval	7.904335
es	wikisource	magis	1	61	magis	pt	wikisource	sigam	1	43	sigam	7.911324
es	wikisource	mal si	2	95	malsi	pt	wikisource	islam	1	9	islam	6.866933
es	wikisource	romae	1	5	romae	pt	wikisource	é amor	2	99	eamor	6.39693
es	wikisource	samsa	1	42	samsa	pt	wikisource	as más	2	62	asmas	7.904335
es	wikisource	ésos son	2	49	esosson	pt	wikisource	nossos e	2	55	nossose	7.937375
es	wikisource	a elena	2	96	aelena	pt	wikisource	anel e a	3	7	anelea	6.654153
es	wikisource	a luna	2	42	aluna	pt	wikisource	anula	1	61	anula	7.888335
es	wikisource	a vida	2	95	avida	pt	wikisource	a diva	2	8	adiva	6.761573
es	wikisource	acata	1	62	acata	pt	wikisource	atacá	1	41	ataca	7.880804
es	wikisource	al os	2	5	alos	pt	wikisource	sola	1	98	sola	6.386879
es	wikisource	aleta	1	49	aleta	pt	wikisource	a tela	2	54	atela	7.919356
es	wikisource	ames	1	94	ames	pt	wikisource	se ma	2	9	sema	6.856462
es	wikisource	enim	1	87	enim	pt	wikisource	min e	2	16	mine	7.31055
es	wikisource	la roma	2	82	laroma	pt	wikisource	à moral	2	21	amoral	7.509883
es	wikisource	o lago	2	5	olago	pt	wikisource	o galo	2	98	ogalo	6.386879
es	wikisource	rodo	1	5	rodo	pt	wikisource	odor	1	98	odor	6.386879
es	wikisource	salá	1	5	sala	pt	wikisource	alas	1	98	alas	6.386879
es	wikisource	se la ve	3	40	selave	pt	wikisource	e vales	2	63	evales	7.872455
es	wikisource	tión	1	6	tion	pt	wikisource	noit	1	97	noit	6.530878
es	wikisource	á más	2	90	amas	pt	wikisource	sama	1	13	sama	7.149917
es	wikisource	álos	1	5	alos	pt	wikisource	sola	1	98	sola	6.386879
es	wikisource	a joan	2	20	ajoan	pt	wikisource	não já	2	82	naoja	7.463363
es	wikisource	a luz a	3	94	aluza	pt	wikisource	azula	1	8	azula	6.751101
es	wikisource	anula	1	92	anula	pt	wikisource	aluna	1	10	aluna	6.930495
es	wikisource	eíta	1	5	eita	pt	wikisource	a ti e	3	97	atie	6.376727
es	wikisource	oh niño	2	11	ohnino	pt	wikisource	o ninho	2	91	oninho	7.006695
es	wikisource	saul	1	22	saul	pt	wikisource	luas	1	80	luas	7.529943
es	wikisource	some	1	6	some	pt	wikisource	emos	1	96	emos	6.520621
es	wikisource	emos	1	22	emos	pt	wikisource	some	1	79	some	7.517521
es	wikisource	eso más	2	96	esomas	pt	wikisource	samos e	2	5	samose	6.36647
es	wikisource	eso va	2	70	esova	pt	wikisource	a vós e	3	31	avose	7.728416
es	wikisource	eva a	2	6	evaa	pt	wikisource	a ave	2	95	aave	6.510258
es	wikisource	mi media	2	8	mimedia	pt	wikisource	ai de mim	3	93	aidemim	6.740519
es	wikisource	nato	1	94	nato	pt	wikisource	otan	1	7	otan	6.633318
es	wikisource	oh cómo	2	90	ohcomo	pt	wikisource	o mocho	2	11	omocho	6.995766
es	wikisource	orda	1	14	orda	pt	wikisource	adro	1	87	adro	7.185387
es	wikisource	si él me	3	39	sielme	pt	wikisource	em leis	2	62	emleis	7.832014
es	wikisource	usad	1	11	usad	pt	wikisource	da su	2	90	dasu	6.995766
es	wikisource	á mar	2	7	amar	pt	wikisource	rama	1	94	rama	6.633318
es	wikisource	a luz a	3	94	aluza	pt	wikisource	azul à	2	6	azula	6.499787
es	wikisource	a ramón	2	87	aramon	pt	wikisource	no mar a	3	13	nomara	7.116394
es	wikisource	e va a	3	5	evaa	pt	wikisource	a ave	2	95	aave	6.356108
es	wikisource	emulo	1	5	emulo	pt	wikisource	o lume	2	95	olume	6.356108
es	wikisource	me sé	2	92	mese	pt	wikisource	és em	2	8	esem	6.729824
es	wikisource	o no sé	3	89	onose	pt	wikisource	e sono	2	11	esono	6.984716
es	wikisource	onra	1	92	onra	pt	wikisource	arno	1	8	arno	6.729824
es	wikisource	retaba	1	14	retaba	pt	wikisource	abater	1	86	abater	7.173958
es	wikisource	sed o	2	11	sedo	pt	wikisource	odes	1	89	odes	6.984716
es	wikisource	a ivan	2	20	aivan	pt	wikisource	na via	2	79	navia	7.426549
es	wikisource	a la ma	3	6	alama	pt	wikisource	amá la	2	93	amala	6.489205
es	wikisource	a son	2	51	ason	pt	wikisource	nos á	2	48	nosa	7.843064
es	wikisource	al art	2	88	alart	pt	wikisource	tra la	2	11	trala	6.973543
es	wikisource	alepo	1	29	alepo	pt	wikisource	o pela	2	70	opela	7.663877
es	wikisource	daca	1	91	daca	pt	wikisource	acad	1	8	acad	6.719013
es	wikisource	la saco	2	17	lasaco	pt	wikisource	o casal	2	82	ocasal	7.309212
es	wikisource	más á	2	93	masa	pt	wikisource	a sam	2	6	asam	6.489205
es	wikisource	se le de	3	37	selede	pt	wikisource	e deles	2	62	edeles	7.780721
es	wikisource	sous	1	87	sous	pt	wikisource	suos	1	12	suos	7.042286
es	wikisource	á más	2	90	amas	pt	wikisource	samá	1	9	sama	6.813445
es	wikisource	agib	1	84	agib	pt	wikisource	big a	2	14	biga	7.150701
es	wikisource	al ama	2	93	alama	pt	wikisource	ama la	2	5	amala	6.335054
es	wikisource	amore	1	84	amore	pt	wikisource	e roma	2	14	eroma	7.150701
es	wikisource	enim	1	87	enim	pt	wikisource	mine	1	11	mine	6.962243
es	wikisource	es ir	2	93	esir	pt	wikisource	rise	1	5	rise	6.335054
es	wikisource	esa la	2	88	esala	pt	wikisource	alas e	2	10	alase	6.886532
es	wikisource	o si el	3	85	osiel	pt	wikisource	lei só	2	13	leiso	7.093405
es	wikisource	revé	1	5	reve	pt	wikisource	é ver	2	93	ever	6.335054
es	wikisource	rêve	1	5	reve	pt	wikisource	é ver	2	93	ever	6.335054
es	wikisource	si ama	2	14	siama	pt	wikisource	à mais	2	84	amais	7.150701
es	wikisource	sonad	1	12	sonad	pt	wikisource	dá nos	2	86	danos	7.030857
es	wikisource	vero	1	87	vero	pt	wikisource	o rev	2	11	orev	6.962243
es	wikisource	ados	1	11	ados	pt	wikisource	só da	2	86	soda	6.950815
es	wikisource	aires es	2	60	aireses	pt	wikisource	se seria	2	37	seseria	7.74846
es	wikisource	anam	1	24	anam	pt	wikisource	maná	1	73	mana	7.522941
es	wikisource	aria	1	88	aria	pt	wikisource	aira	1	9	aira	6.791221
es	wikisource	edem	1	13	edem	pt	wikisource	mede	1	84	mede	7.081709
es	wikisource	eh la	2	9	ehla	pt	wikisource	a lhe	2	88	alhe	6.791221
es	wikisource	no él	2	80	noel	pt	wikisource	león	1	17	leon	7.284821
es	wikisource	o non	2	36	onon	pt	wikisource	non o	2	61	nono	7.738052
es	wikisource	o si el	3	85	osiel	pt	wikisource	leis o	2	12	leiso	7.019297
es	wikisource	se ver	2	7	sever	pt	wikisource	revés	1	90	reves	6.590301
es	wikisource	sopo	1	50	sopo	pt	wikisource	o pôs	2	47	opos	7.803027
es	wikisource	xxxix	1	87	xxxix	pt	wikisource	xix xx	2	10	xixxx	6.875232
es	wikisource	á la fé	3	9	alafe	pt	wikisource	e fala	2	88	efala	6.791221
es	wikisource	a leal	2	83	aleal	pt	wikisource	lá ela	2	13	laela	7.069874
es	wikisource	a mas	2	83	amas	pt	wikisource	sama	1	13	sama	7.069874
es	wikisource	aime	1	10	aime	pt	wikisource	e mia	2	86	emia	6.863803
es	wikisource	allí va	2	65	alliva	pt	wikisource	a villa	2	31	avilla	7.655391
es	wikisource	aram	1	45	aram	pt	wikisource	mara	1	51	mara	7.779885
es	wikisource	arete	1	11	arete	pt	wikisource	e terá	2	85	etera	6.939254
es	wikisource	autem	1	86	autem	pt	wikisource	me tua	2	10	metua	6.863803
es	wikisource	laico	1	91	laico	pt	wikisource	o cial	2	5	ocial	6.313548
es	wikisource	mes se	2	91	messe	pt	wikisource	és sem	2	5	essem	6.313548
es	wikisource	non a	2	41	nona	pt	wikisource	a non	2	55	anon	7.763021
es	wikisource	o si es	3	89	osies	pt	wikisource	sei só	2	7	seiso	6.579251
es	wikisource	o va a	3	13	ovaa	pt	wikisource	a avó	2	83	aavo	7.069874
es	wikisource	omer	1	12	omer	pt	wikisource	remo	1	84	remo	7.007601
es	wikisource	ana me	2	9	aname	pt	wikisource	emana	1	86	emana	6.768493
es	wikisource	e si el	3	42	esiel	pt	wikisource	lei se	2	53	leise	7.750184
es	wikisource	ese le	2	19	esele	pt	wikisource	eles é	2	76	elese	7.339538
es	wikisource	lamón	1	54	lamon	pt	wikisource	no mal	2	41	nomal	7.745003
es	wikisource	lave	1	54	lave	pt	wikisource	e val	2	41	eval	7.745003
es	wikisource	o no sé	3	89	onose	pt	wikisource	é sono	2	6	esono	6.44572
es	wikisource	o sale	2	13	osale	pt	wikisource	elas o	2	82	elaso	7.057898
es	wikisource	son ó	2	15	sono	pt	wikisource	o nos	2	80	onos	7.167038
es	wikisource	al art	2	88	alart	pt	wikisource	trá la	2	6	trala	6.434547
es	wikisource	avedes	1	72	avedes	pt	wikisource	se deva	2	22	sedeva	7.425954
es	wikisource	erra	1	17	erra	pt	wikisource	arre	1	77	arre	7.247081
es	wikisource	es há	2	46	esha	pt	wikisource	ah se	2	48	ahse	7.741968
es	wikisource	mude	1	75	mude	pt	wikisource	e dum	2	19	edum	7.326466
es	wikisource	o no sé	3	89	onose	pt	wikisource	é só no	3	5	esono	6.291569
es	wikisource	segur	1	89	segur	pt	wikisource	ruges	1	5	ruges	6.291569
es	wikisource	á él le	3	19	aelle	pt	wikisource	elle a	2	75	ellea	7.326466
es	wikisource	a leal	2	83	aleal	pt	wikisource	lá e lá	3	10	laela	6.828712
es	wikisource	amará	1	85	amara	pt	wikisource	a ramá	2	8	arama	6.651572
es	wikisource	ana a	2	67	anaa	pt	wikisource	a ana	2	26	aana	7.515345
es	wikisource	ansó	1	26	anso	pt	wikisource	os na	2	67	osna	7.515345
es	wikisource	el edo	2	63	eledo	pt	wikisource	o dele	2	30	odele	7.59287
es	wikisource	eso les	2	88	esoles	pt	wikisource	selos e	2	5	selose	6.280396
es	wikisource	lame	1	78	lame	pt	wikisource	em al	2	15	emal	7.142037
es	wikisource	o caja	2	9	ocaja	pt	wikisource	a jacó	2	84	ajaco	6.745236
es	wikisource	o dar	2	82	odar	pt	wikisource	rado	1	11	rado	6.903747
es	wikisource	rían	1	76	rian	pt	wikisource	nair	1	17	nair	7.234177
es	wikisource	a mas	2	83	amas	pt	wikisource	samá	1	9	sama	6.733402
es	wikisource	a tula	2	10	atula	pt	wikisource	à luta	2	82	aluta	6.816736
es	wikisource	ara de	2	65	arade	pt	wikisource	e dará	2	27	edara	7.521859
es	wikisource	e pues	2	35	epues	pt	wikisource	seu pé	2	57	seupe	7.643962
es	wikisource	la va	2	83	lava	pt	wikisource	aval	1	9	aval	6.733402
es	wikisource	mo de	2	84	mode	pt	wikisource	é dom	2	8	edom	6.639876
es	wikisource	no irá	2	76	noira	pt	wikisource	árion	1	16	arion	7.177019
es	wikisource	rapé	1	75	rape	pt	wikisource	e par	2	17	epar	7.221105
es	wikisource	son es	2	15	sones	pt	wikisource	se nós	2	77	senos	7.129298
es	wikisource	á corta	2	10	acorta	pt	wikisource	a troca	2	82	atroca	6.816736
es	wikisource	a marta	2	37	amarta	pt	wikisource	a trama	2	54	atrama	7.644919
es	wikisource	a melo	2	7	amelo	pt	wikisource	o lema	2	84	olema	6.522093
es	wikisource	a sila	2	82	asila	pt	wikisource	alisa	1	9	alisa	6.721426
es	wikisource	aimé	1	5	aime	pt	wikisource	e mia	2	86	emia	6.257668
es	wikisource	al es	2	9	ales	pt	wikisource	selá	1	82	sela	6.721426
es	wikisource	ano de	2	29	anode	pt	wikisource	e dona	2	62	edona	7.544332
es	wikisource	avive	1	13	avive	pt	wikisource	e viva	2	78	eviva	7.008505
es	wikisource	azul a	2	42	azula	pt	wikisource	à luz a	3	49	aluza	7.673223
es	wikisource	e dis	2	28	edis	pt	wikisource	si de	2	63	side	7.526179
es	wikisource	et si	2	84	etsi	pt	wikisource	iste	1	7	iste	6.522093
es	wikisource	mátame	1	83	matame	pt	wikisource	e matam	2	8	ematam	6.628041
es	wikisource	mí le	2	80	mile	pt	wikisource	elim	1	11	elim	6.879356
es	wikisource	obús	1	49	obus	pt	wikisource	subo	1	42	subo	7.673223
es	wikisource	rial	1	23	rial	pt	wikisource	lá ir	2	68	lair	7.41216
es	wikisource	sometía	1	78	sometia	pt	wikisource	aí temos	2	13	aitemos	7.008505
es	wikisource	sueco	1	65	sueco	pt	wikisource	ó céus	2	26	oceus	7.485492
es	wikisource	a fez	2	13	afez	pt	wikisource	zefa	1	77	zefa	6.995766
es	wikisource	a leal	2	83	aleal	pt	wikisource	la ela	2	7	laela	6.510258
es	wikisource	a raúl	2	68	araul	pt	wikisource	luar a	2	22	luara	7.369601
es	wikisource	a trece	2	50	atrece	pt	wikisource	e certa	2	40	ecerta	7.645398
es	wikisource	ah lo	2	12	ahlo	pt	wikisource	olhá	1	78	olha	6.934397
es	wikisource	ales	1	8	ales	pt	wikisource	selá	1	82	sela	6.616065
es	wikisource	ara de	2	65	arade	pt	wikisource	e dar a	3	25	edara	7.447751
es	wikisource	arrima	1	79	arrima	pt	wikisource	a mirra	2	11	amirra	6.866933
es	wikisource	el aro	2	74	elaro	pt	wikisource	oral e	2	16	orale	7.150701
es	wikisource	lane	1	71	lane	pt	wikisource	en al	2	19	enal	7.272398
es	wikisource	mare de	2	9	marede	pt	wikisource	e deram	2	81	ederam	6.709304
es	wikisource	meir	1	6	meir	pt	wikisource	riem	1	84	riem	6.388561
es	wikisource	mes al	2	29	mesal	pt	wikisource	las em	2	61	lasem	7.528332
es	wikisource	mes á	2	20	mesa	pt	wikisource	a sem	2	70	asem	7.307202
es	wikisource	rime	1	9	rime	pt	wikisource	em ir	2	81	emir	6.709304
es	wikisource	á san	2	66	asan	pt	wikisource	na sa	2	24	nasa	7.423568
es	wikisource	acá se	2	83	acase	pt	wikisource	e saca	2	6	esaca	6.376727
es	wikisource	así va	2	52	asiva	pt	wikisource	avisa	1	37	avisa	7.607878
es	wikisource	edad es	2	68	edades	pt	wikisource	seda de	2	21	sedade	7.325149
es	wikisource	et al	2	59	etal	pt	wikisource	lá te	2	30	late	7.528332
es	wikisource	medra	1	48	medra	pt	wikisource	ardem	1	41	ardem	7.62949
es	wikisource	mes al	2	29	mesal	pt	wikisource	la sem	2	60	lasem	7.512071
es	wikisource	mesa le	2	28	mesale	pt	wikisource	ela sem	2	61	elasem	7.49443
es	wikisource	nebo	1	17	nebo	pt	wikisource	o ben	2	72	oben	7.180831
es	wikisource	se base	2	31	sebase	pt	wikisource	e sabes	2	58	esabes	7.543273
es	wikisource	sí ama	2	5	siama	pt	wikisource	à mais	2	84	amais	6.234411
es	wikisource	a creta	2	33	acreta	pt	wikisource	a terça	2	55	aterca	7.551712
es	wikisource	anis	1	5	anis	pt	wikisource	sina	1	83	sina	6.222576
es	wikisource	arga	1	15	arga	pt	wikisource	a grã	2	73	agra	7.076654
es	wikisource	maior	1	82	maior	pt	wikisource	roíam	1	6	roiam	6.364751
es	wikisource	oidas	1	11	oidas	pt	wikisource	sadio	1	77	sadio	6.841615
es	wikisource	va se	2	24	vase	pt	wikisource	esav	1	64	esav	7.393263
es	wikisource	ése le	2	12	esele	pt	wikisource	eles é	2	76	elese	6.908755
es	wikisource	a mí lo	3	81	amilo	pt	wikisource	o lima	2	6	olima	6.352629
es	wikisource	alabe	1	77	alabe	pt	wikisource	e bala	2	10	ebala	6.754604
es	wikisource	amó y	2	42	amoy	pt	wikisource	yoma	1	45	yoma	7.589842
es	wikisource	ana le	2	64	anale	pt	wikisource	e lá na	3	23	elana	7.352441
es	wikisource	boses	1	12	boses	pt	wikisource	se sob	2	75	sesob	6.895683
es	wikisource	la san	2	37	lasan	pt	wikisource	nasal	1	50	nasal	7.569412
es	wikisource	mazer	1	7	mazer	pt	wikisource	rezam	1	80	rezam	6.473891
es	wikisource	meloso	1	63	meloso	pt	wikisource	o sol em	3	24	osolem	7.377759
es	wikisource	mi me	2	72	mime	pt	wikisource	e mim	2	15	emim	7.063048
es	wikisource	oí los	2	24	oilos	pt	wikisource	sólio	1	63	solio	7.377759
es	wikisource	a iván	2	7	aivan	pt	wikisource	na via	2	79	navia	6.461468
es	wikisource	adanes	1	18	adanes	pt	wikisource	se nada	2	68	senada	7.178545
es	wikisource	ama o	2	26	amao	pt	wikisource	o ama	2	60	oama	7.406711
es	wikisource	amo te	2	27	amote	pt	wikisource	e toma	2	59	etoma	7.426549
es	wikisource	e sin	2	36	esin	pt	wikisource	nise	1	50	nise	7.542744
es	wikisource	et se	2	44	etse	pt	wikisource	est é	2	42	este	7.567863
es	wikisource	eíla	1	34	eila	pt	wikisource	ali é	2	52	alie	7.52564
es	wikisource	ne se	2	5	nese	pt	wikisource	e sen	2	81	esen	6.198479
es	wikisource	no él	2	80	noel	pt	wikisource	léon	1	6	leon	6.340359
es	wikisource	soño	1	6	sono	pt	wikisource	o nos	2	80	onos	6.340359
es	wikisource	á oir	2	36	aoir	pt	wikisource	rio à	2	50	rioa	7.542744
es	wikisource	a ti mi	3	48	atimi	pt	wikisource	imitá	1	37	imita	7.529406
es	wikisource	agur	1	35	agur	pt	wikisource	ruga	1	50	ruga	7.515345
es	wikisource	animal a	2	38	animala	pt	wikisource	a lâmina	2	47	alamina	7.534763
es	wikisource	ares	1	32	ares	pt	wikisource	sera	1	53	sera	7.485492
es	wikisource	e leal	2	8	eleal	pt	wikisource	lá ele	2	77	laele	6.553933
es	wikisource	mi sed	2	72	mised	pt	wikisource	de sim	2	13	desim	6.929517
es	wikisource	obeso	1	70	obeso	pt	wikisource	o sebo	2	15	osebo	7.035269
es	wikisource	repare	1	80	repare	pt	wikisource	era per	2	5	eraper	6.186209
es	wikisource	room	1	20	room	pt	wikisource	moor	1	65	moor	7.234177
es	wikisource	sole	1	34	sole	pt	wikisource	elos	1	51	elos	7.506592
es	wikisource	á esa	2	80	aesa	pt	wikisource	a seá	2	5	asea	6.186209
es	wikisource	á ira	2	30	aira	pt	wikisource	ária	1	55	aria	7.459339
es	wikisource	á jacob	2	79	ajacob	pt	wikisource	boca já	2	6	bocaja	6.327937
es	wikisource	a soria	2	12	asoria	pt	wikisource	airosa	1	72	airosa	6.855409
es	wikisource	aués	1	52	aues	pt	wikisource	seu a	2	32	seua	7.466799
es	wikisource	eso va	2	70	esova	pt	wikisource	avós e	2	14	avose	6.97073
es	wikisource	halo	1	70	halo	pt	wikisource	olah	1	14	olah	6.97073
es	wikisource	limo	1	77	limo	pt	wikisource	o mil	2	7	omil	6.43615
es	wikisource	o no los	3	78	onolos	pt	wikisource	solo no	2	6	solono	6.315358
es	wikisource	olaf	1	8	olaf	pt	wikisource	fá lo	2	76	falo	6.54103
es	wikisource	ro de	2	17	rode	pt	wikisource	e dor	2	67	edor	7.109879
es	wikisource	roba lo	2	7	robalo	pt	wikisource	o labor	2	77	olabor	6.43615
es	wikisource	sollo	1	13	sollo	pt	wikisource	ollos	1	71	ollos	6.915723
es	wikisource	a el le	3	8	aelle	pt	wikisource	elle a	2	75	ellea	6.527958
es	wikisource	avivé	1	5	avive	pt	wikisource	e viva	2	78	eviva	6.161207
es	wikisource	ceso	1	70	ceso	pt	wikisource	o séc	2	13	osec	6.901737
es	wikisource	e deve	2	38	edeve	pt	wikisource	e vede	2	45	evede	7.492203
es	wikisource	lene	1	19	lene	pt	wikisource	en el	2	64	enel	7.17012
es	wikisource	matare	1	74	matare	pt	wikisource	era tam	2	9	eratam	6.620073
es	wikisource	missa	1	76	missa	pt	wikisource	as sim	2	7	assim	6.423247
es	wikisource	no irá	2	76	noira	pt	wikisource	arion	1	7	arion	6.423247
es	wikisource	o dar a	3	7	odara	pt	wikisource	arado	1	76	arado	6.423247
es	wikisource	o dará	2	7	odara	pt	wikisource	arado	1	76	arado	6.423247
es	wikisource	oh oh	2	66	ohoh	pt	wikisource	ho ho	2	17	hoho	7.095064
es	wikisource	os las	2	70	oslas	pt	wikisource	salso	1	13	salso	6.901737
es	wikisource	rebase	1	39	rebase	pt	wikisource	é saber	2	44	esaber	7.495542
es	wikisource	ueses	1	9	ueses	pt	wikisource	se seu	2	74	seseu	6.620073
es	wikisource	a lam	2	6	alam	pt	wikisource	mal à	2	76	mala	6.289716
es	wikisource	a trece	2	50	atrece	pt	wikisource	é certa	2	32	ecerta	7.428333
es	wikisource	adán o	2	6	adano	pt	wikisource	o nada	2	76	onada	6.289716
es	wikisource	ai de	2	8	aide	pt	wikisource	é dia	2	74	edia	6.514713
es	wikisource	aroman	1	14	aroman	pt	wikisource	namora	1	68	namora	6.942157
es	wikisource	avie	1	75	avie	pt	wikisource	e iv a	3	7	eiva	6.410175
es	wikisource	en er	2	52	ener	pt	wikisource	ren e	2	30	rene	7.404279
es	wikisource	mail	1	37	mail	pt	wikisource	liam	1	45	liam	7.466228
es	wikisource	mocita	1	73	mocita	pt	wikisource	a ti com	3	9	aticom	6.60665
es	wikisource	nasa	1	20	nasa	pt	wikisource	a san	2	62	asan	7.187657
es	wikisource	a non	2	10	anon	pt	wikisource	non á	2	71	nona	6.674561
es	wikisource	aide	1	7	aide	pt	wikisource	é dia	2	74	edia	6.39693
es	wikisource	aita	1	45	aita	pt	wikisource	a ti a	3	36	atia	7.439559
es	wikisource	aita	1	45	aita	pt	wikisource	à tia	2	36	atia	7.439559
es	wikisource	azul a	2	42	azula	pt	wikisource	a luz a	3	39	aluza	7.45008
es	wikisource	eso su	2	72	esosu	pt	wikisource	uso se	2	9	usose	6.593045
es	wikisource	labán	1	60	laban	pt	wikisource	nabal	1	21	nabal	7.201916
es	wikisource	mi se	2	25	mise	pt	wikisource	é sim	2	56	esim	7.301148
es	wikisource	oiré	1	76	oire	pt	wikisource	é rio	2	5	erio	6.135565
es	wikisource	ranita	1	6	ranita	pt	wikisource	atinar	1	75	atinar	6.276643
es	wikisource	se basó	2	35	sebaso	pt	wikisource	o sabes	2	46	osabes	7.433667
es	wikisource	a mar	2	41	amar	pt	wikisource	ramá	1	39	rama	7.426549
es	wikisource	a ras	2	74	aras	pt	wikisource	sará	1	6	sara	6.263398
es	wikisource	adán es	2	12	adanes	pt	wikisource	se nada	2	68	senada	6.799056
es	wikisource	amala	1	6	amala	pt	wikisource	a lama	2	74	alama	6.263398
es	wikisource	atraca	1	16	atraca	pt	wikisource	à carta	2	64	acarta	7.007601
es	wikisource	ayer le	2	47	ayerle	pt	wikisource	el rey a	3	33	elreya	7.397562
es	wikisource	edad ni	2	72	edadni	pt	wikisource	inda de	2	8	indade	6.487684
es	wikisource	el anís	2	15	elanis	pt	wikisource	sinal e	2	65	sinale	6.962243
es	wikisource	iaçe	1	9	iace	pt	wikisource	e cai	2	71	ecai	6.579251
es	wikisource	o paso	2	22	opaso	pt	wikisource	o sapo	2	58	osapo	7.213032
es	wikisource	rodé	1	13	rode	pt	wikisource	e dor	2	67	edor	6.858565
es	wikisource	roma me	2	19	romame	pt	wikisource	em amor	2	61	emamor	7.122867
es	wikisource	serte	1	71	serte	pt	wikisource	é três	2	9	etres	6.579251
es	wikisource	sol le	2	70	solle	pt	wikisource	ellos	1	10	ellos	6.660575
es	wikisource	ámala	1	6	amala	pt	wikisource	a lama	2	74	alama	6.263398
es	wikisource	a carta	2	49	acarta	pt	wikisource	a traça	2	30	atraca	7.34601
es	wikisource	a la ma	3	6	alama	pt	wikisource	a mala	2	73	amala	6.249975
es	wikisource	el aro	2	74	elaro	pt	wikisource	oral é	2	5	orale	6.109248
es	wikisource	es le	2	69	esle	pt	wikisource	el se	2	10	else	6.646391
es	wikisource	lavé	1	38	lave	pt	wikisource	e val	2	41	eval	7.401231
es	wikisource	levar	1	74	levar	pt	wikisource	rável	1	5	ravel	6.109248
es	wikisource	meted	1	10	meted	pt	wikisource	detém	1	69	detem	6.646391
es	wikisource	oda de	2	22	odade	pt	wikisource	e dado	2	57	edado	7.195937
es	wikisource	port	1	74	port	pt	wikisource	trop	1	5	trop	6.109248
es	wikisource	sita	1	73	sita	pt	wikisource	atis	1	6	atis	6.249975
es	wikisource	a lita	2	7	alita	pt	wikisource	átila	1	71	atila	6.356108
es	wikisource	a román	2	10	aroman	pt	wikisource	namora	1	68	namora	6.632002
es	wikisource	a valor	2	19	avalor	pt	wikisource	rolava	1	59	rolava	7.090077
es	wikisource	anime	1	62	anime	pt	wikisource	e mina	2	16	emina	6.976348
es	wikisource	atrapa	1	26	atrapa	pt	wikisource	aparta	1	52	aparta	7.266129
es	wikisource	ese ser	2	67	eseser	pt	wikisource	reses e	2	11	resese	6.704414
es	wikisource	hame	1	73	hame	pt	wikisource	é mah	2	5	emah	6.095825
es	wikisource	mamá es	2	21	mamaes	pt	wikisource	se amam	2	57	seamam	7.151485
es	wikisource	ojeda	1	66	ojeda	pt	wikisource	adejo	1	12	adejo	6.769642
es	wikisource	oval	1	57	oval	pt	wikisource	lavo	1	21	lavo	7.151485
es	wikisource	roda	1	56	roda	pt	wikisource	a dôr	2	22	ador	7.178545
es	wikisource	se lave	2	15	selave	pt	wikisource	e vales	2	63	evales	6.931472
es	wikisource	si a su	3	71	siasu	pt	wikisource	usais	1	7	usais	6.356108
es	wikisource	silos	1	69	silos	pt	wikisource	solis	1	9	solis	6.55108
es	wikisource	á comer	2	69	acomer	pt	wikisource	remoça	1	9	remoca	6.55108
es	wikisource	a amor	2	33	aamor	pt	wikisource	roma a	2	44	romaa	7.333023
es	wikisource	a non	2	10	anon	pt	wikisource	nona	1	67	nona	6.617403
es	wikisource	adra	1	58	adra	pt	wikisource	arda	1	19	arda	7.07327
es	wikisource	alava	1	48	alava	pt	wikisource	a vala	2	29	avala	7.293018
es	wikisource	amón	1	70	amon	pt	wikisource	nom a	2	7	noma	6.342121
es	wikisource	es a su	3	61	esasu	pt	wikisource	usa se	2	16	usase	6.960348
es	wikisource	meyer	1	16	meyer	pt	wikisource	rey em	2	61	reyem	6.960348
es	wikisource	nabal	1	26	nabal	pt	wikisource	laban	1	51	laban	7.247081
es	wikisource	no ir a	3	61	noira	pt	wikisource	árion	1	16	arion	6.960348
es	wikisource	o iré	2	8	oire	pt	wikisource	e rio	2	69	erio	6.44572
es	wikisource	sainte	1	40	sainte	pt	wikisource	etnias	1	37	etnias	7.351158
es	wikisource	sale es	2	8	salees	pt	wikisource	se elas	2	69	seelas	6.44572
es	wikisource	sola su	2	61	solasu	pt	wikisource	usá los	2	16	usalos	6.960348
es	wikisource	él amó	2	6	elamo	pt	wikisource	o mal e	3	71	omale	6.222576
es	wikisource	el te	2	66	elte	pt	wikisource	et le	2	10	etle	6.602588
es	wikisource	eorum	1	14	eorum	pt	wikisource	muro e	2	62	muroe	6.851185
es	wikisource	et las	2	58	etlas	pt	wikisource	salte	1	18	salte	7.021976
es	wikisource	la so	2	5	laso	pt	wikisource	o sal	2	71	osal	6.068426
es	wikisource	rias	1	21	rias	pt	wikisource	saír	1	55	sair	7.116394
es	wikisource	zafa	1	5	zafa	pt	wikisource	a faz	2	71	afaz	6.068426
es	wikisource	á roma	2	62	aroma	pt	wikisource	amor á	2	14	amora	6.851185
es	wikisource	a orar	2	64	aorar	pt	wikisource	raro a	2	11	raroa	6.659294
es	wikisource	amón	1	70	amon	pt	wikisource	no ma	2	5	noma	6.054439
es	wikisource	anai	1	34	anai	pt	wikisource	ia na	2	41	iana	7.293018
es	wikisource	argos a	2	15	argosa	pt	wikisource	a sogra	2	60	asogra	6.883463
es	wikisource	asi es	2	47	asies	pt	wikisource	seis a	2	28	seisa	7.238497
es	wikisource	es las	2	66	eslas	pt	wikisource	sal se	2	9	salse	6.507278
es	wikisource	ese va	2	6	eseva	pt	wikisource	aves e	2	69	avese	6.194405
es	wikisource	muía	1	6	muia	pt	wikisource	aí um	2	69	aium	6.194405
es	wikisource	o como a	3	11	ocomoa	pt	wikisource	ao moço	2	64	aomoco	6.659294
es	wikisource	so la	2	61	sola	pt	wikisource	a los	2	14	alos	6.835185
es	wikisource	a notar	2	62	anotar	pt	wikisource	rato na	2	12	ratona	6.708084
es	wikisource	adorad	1	13	adorad	pt	wikisource	da roda	2	61	daroda	6.766192
es	wikisource	amito	1	36	amito	pt	wikisource	ótima	1	38	otima	7.27448
es	wikisource	así va	2	52	asiva	pt	wikisource	avisá	1	22	avisa	7.105786
es	wikisource	atos	1	22	atos	pt	wikisource	sota	1	52	sota	7.105786
es	wikisource	aura de	2	63	aurade	pt	wikisource	e da rua	3	11	edarua	6.64379
es	wikisource	edit	1	41	edit	pt	wikisource	ti de	2	33	tide	7.26403
es	wikisource	el iv	2	17	eliv	pt	wikisource	vil e	2	57	vile	6.950815
es	wikisource	elevo mi	2	8	elevomi	pt	wikisource	imóvel e	2	66	imovele	6.401917
es	wikisource	iv et	2	8	ivet	pt	wikisource	te vi	2	66	tevi	6.401917
es	wikisource	leñe	1	10	lene	pt	wikisource	en el	2	64	enel	6.572283
es	wikisource	manu	1	61	manu	pt	wikisource	unam	1	13	unam	6.766192
es	wikisource	mui á	2	5	muia	pt	wikisource	aí um	2	69	aium	6.040255
es	wikisource	mérope	1	8	merope	pt	wikisource	é porém	2	66	eporem	6.401917
es	wikisource	nodo	1	69	nodo	pt	wikisource	o don	2	5	odon	6.040255
es	wikisource	o dan	2	9	odan	pt	wikisource	na do	2	65	nado	6.49224
es	wikisource	oidos	1	66	oidos	pt	wikisource	sódio	1	8	sodio	6.401917
es	wikisource	soit	1	22	soit	pt	wikisource	tios	1	52	tios	7.105786
es	wikisource	sosón	1	5	soson	pt	wikisource	nos os	2	69	nosos	6.040255
es	wikisource	á la vela	3	61	alavela	pt	wikisource	a levá la	3	13	alevala	6.766192
es	wikisource	á san	2	66	asan	pt	wikisource	nas a	2	8	nasa	6.401917
es	wikisource	a adán	2	54	aadan	pt	wikisource	nada à	2	19	nadaa	7.003065
es	wikisource	a no sé	3	62	anose	pt	wikisource	e só na	3	11	esona	6.628041
es	wikisource	a rita	2	51	arita	pt	wikisource	a tira	2	22	atira	7.086738
es	wikisource	a saco	2	40	asaco	pt	wikisource	ó casa	2	33	ocasa	7.239933
es	wikisource	aias	1	17	aias	pt	wikisource	sai a	2	56	saia	6.933423
es	wikisource	aires o	2	54	aireso	pt	wikisource	o seria	2	19	oseria	7.003065
es	wikisource	amaga	1	65	amaga	pt	wikisource	a gama	2	8	agama	6.386879
es	wikisource	aracne	1	17	aracne	pt	wikisource	encara	1	56	encara	6.933423
es	wikisource	arada	1	34	arada	pt	wikisource	a dar a	3	39	adara	7.244228
es	wikisource	aval	1	63	aval	pt	wikisource	lavá	1	10	lava	6.556778
es	wikisource	e más	2	58	emas	pt	wikisource	same	1	15	same	6.850126
es	wikisource	es ha	2	25	esha	pt	wikisource	ah se	2	48	ahse	7.149917
es	wikisource	es á las	3	8	esalas	pt	wikisource	salas e	2	65	salase	6.386879
es	wikisource	evité	1	13	evite	pt	wikisource	e tive	2	60	etive	6.749931
es	wikisource	la ue	2	54	laue	pt	wikisource	eu al	2	19	eual	7.003065
es	wikisource	levin a	2	27	levina	pt	wikisource	a nível	2	46	anivel	7.182352
es	wikisource	mene	1	12	mene	pt	wikisource	é nem	2	61	enem	6.692084
es	wikisource	meson	1	5	meson	pt	wikisource	nós em	2	68	nosem	6.025866
es	wikisource	muño	1	48	muno	pt	wikisource	o num	2	25	onum	7.149917
es	wikisource	ora va	2	6	orava	pt	wikisource	avaro	1	67	avaro	6.165418
es	wikisource	raza o	2	57	razao	pt	wikisource	o azar	2	16	oazar	6.893656
es	wikisource	sane	1	39	sane	pt	wikisource	enas	1	34	enas	7.244228
es	wikisource	se deve	2	43	sedeve	pt	wikisource	e vedes	2	30	evedes	7.218177
es	wikisource	soit	1	22	soit	pt	wikisource	ti os	2	51	tios	7.086738
es	wikisource	sé le	2	24	sele	pt	wikisource	êles	1	49	eles	7.130899
es	wikisource	ager	1	9	ager	pt	wikisource	rega	1	63	rega	6.461468
es	wikisource	alah lo	2	28	alahlo	pt	wikisource	olha lá	2	44	olhala	7.173958
es	wikisource	alos	1	50	alos	pt	wikisource	sol à	2	22	sola	7.06732
es	wikisource	argo	1	51	argo	pt	wikisource	o grã	2	21	ogra	7.042286
es	wikisource	açor	1	11	acor	pt	wikisource	roca	1	61	roca	6.612041
es	wikisource	can a	2	14	cana	pt	wikisource	anac	1	58	anac	6.785588
es	wikisource	elea	1	25	elea	pt	wikisource	à ele	2	47	aele	7.129298
es	wikisource	marías	1	54	marias	pt	wikisource	sairam	1	18	sairam	6.951772
es	wikisource	o vive	2	12	ovive	pt	wikisource	e vivo	2	60	evivo	6.675823
es	wikisource	oren	1	6	oren	pt	wikisource	nero	1	66	nero	6.150603
es	wikisource	si no da	3	13	sinoda	pt	wikisource	adônis	1	59	adonis	6.733402
es	wikisource	á roma	2	62	aroma	pt	wikisource	amora	1	10	amora	6.54103
es	wikisource	ajo la	2	6	ajola	pt	wikisource	a loja	2	65	aloja	6.135565
es	wikisource	ara de	2	65	arade	pt	wikisource	e dar à	3	6	edara	6.135565
es	wikisource	ara de	2	65	arade	pt	wikisource	é dar a	3	6	edara	6.135565
es	wikisource	aroma o	2	5	aromao	pt	wikisource	o amor a	3	66	oamora	5.996452
es	wikisource	el ag	2	16	elag	pt	wikisource	galé	1	55	gale	6.858565
es	wikisource	en es	2	49	enes	pt	wikisource	sén e	2	22	sene	7.047517
es	wikisource	laca	1	46	laca	pt	wikisource	a cal	2	25	acal	7.108244
es	wikisource	mi fé	2	31	mife	pt	wikisource	e fim	2	40	efim	7.179308
es	wikisource	son e	2	12	sone	pt	wikisource	é nos	2	59	enos	6.659294
es	wikisource	váse	1	7	vase	pt	wikisource	esav	1	64	esav	6.253829
es	wikisource	a argos	2	61	aargos	pt	wikisource	sogra a	2	9	sograa	6.429719
es	wikisource	a oir	2	20	aoir	pt	wikisource	rio à	2	50	rioa	6.976348
es	wikisource	adan	1	30	adan	pt	wikisource	na da	2	40	nada	7.147559
es	wikisource	anima la	2	23	animala	pt	wikisource	a lâmina	2	47	alamina	7.049255
es	wikisource	eolos	1	5	eolos	pt	wikisource	solo é	2	65	soloe	5.981414
es	wikisource	esa dama	2	63	esadama	pt	wikisource	amada se	2	7	amadase	6.238325
es	wikisource	et al	2	59	etal	pt	wikisource	late	1	11	late	6.579251
es	wikisource	iere	1	29	iere	pt	wikisource	e rei	2	41	erei	7.138867
es	wikisource	lose	1	5	lose	pt	wikisource	e sol	2	65	esol	5.981414
es	wikisource	meter a	2	62	metera	pt	wikisource	a retém	2	8	aretem	6.340359
es	wikisource	ra de	2	14	rade	pt	wikisource	é dar	2	56	edar	6.751101
es	wikisource	same	1	24	same	pt	wikisource	é mas	2	46	emas	7.069023
es	wikisource	samet	1	5	samet	pt	wikisource	têm as	2	65	temas	5.981414
es	wikisource	sane	1	39	sane	pt	wikisource	é nas	2	31	enas	7.154615
es	wikisource	siem	1	61	siem	pt	wikisource	meis	1	9	meis	6.429719
es	wikisource	sé ser	2	6	seser	pt	wikisource	reses	1	64	reses	6.120297
es	wikisource	á roma	2	62	aroma	pt	wikisource	a mora	2	8	amora	6.340359
es	wikisource	órgano o	2	62	organoo	pt	wikisource	o onagro	2	8	oonagro	6.340359
es	wikisource	a ira	2	14	aira	pt	wikisource	ária	1	55	aria	6.733402
es	wikisource	a rita	2	51	arita	pt	wikisource	atirá	1	18	atira	6.895683
es	wikisource	a vela	2	31	avela	pt	wikisource	a leva	2	38	aleva	7.129298
es	wikisource	amán	1	58	aman	pt	wikisource	na má	2	11	nama	6.562444
es	wikisource	asumo	1	54	asumo	pt	wikisource	ó musa	2	15	omusa	6.779922
es	wikisource	es esse	2	7	esesse	pt	wikisource	esse se	2	62	essese	6.222576
es	wikisource	meis	1	31	meis	pt	wikisource	si em	2	38	siem	7.129298
es	wikisource	menes	1	9	menes	pt	wikisource	se nem	2	60	senem	6.413459
es	wikisource	muit	1	8	muit	pt	wikisource	ti um	2	61	tium	6.324359
es	wikisource	o de don	3	7	odedon	pt	wikisource	no dedo	2	62	nodedo	6.222576
es	wikisource	o non	2	36	onon	pt	wikisource	no no	2	33	nono	7.137278
es	wikisource	o san	2	63	osan	pt	wikisource	naso	1	6	naso	6.104793
es	wikisource	á jah	2	10	ajah	pt	wikisource	há já	2	59	haja	6.49224
es	wikisource	ésa la	2	59	esala	pt	wikisource	alas e	2	10	alase	6.49224
es	wikisource	ésas son	2	59	esasson	pt	wikisource	nossas e	2	10	nossase	6.49224
es	wikisource	a son	2	51	ason	pt	wikisource	nós à	2	17	nosa	6.841615
es	wikisource	aires es	2	60	aireses	pt	wikisource	se séria	2	8	seseria	6.308098
es	wikisource	alah lo	2	28	alahlo	pt	wikisource	olhá la	2	40	olhala	7.080868
es	wikisource	atina	1	28	atina	pt	wikisource	anita	1	40	anita	7.080868
es	wikisource	aval	1	63	aval	pt	wikisource	lá vá	2	5	lava	5.950643
es	wikisource	edil	1	30	edil	pt	wikisource	lide	1	38	lide	7.097549
es	wikisource	en er	2	52	ener	pt	wikisource	rené	1	16	rene	6.803505
es	wikisource	esa dama	2	63	esadama	pt	wikisource	amadas e	2	5	amadase	5.950643
es	wikisource	la unama	2	45	launama	pt	wikisource	a manual	2	23	amanual	7.006695
es	wikisource	me vale	2	36	mevale	pt	wikisource	ela vem	2	32	elavem	7.107425
es	wikisource	muge	1	54	muge	pt	wikisource	egum	1	14	egum	6.715383
es	wikisource	no ir a	3	61	noira	pt	wikisource	arion	1	7	arion	6.206576
es	wikisource	sata	1	8	sata	pt	wikisource	atas	1	60	atas	6.308098
es	wikisource	sea él	2	43	seael	pt	wikisource	leaes	1	25	leaes	7.042286
es	wikisource	sedosa	1	57	sedosa	pt	wikisource	as odes	2	11	asodes	6.54535
es	wikisource	si ve	2	55	sive	pt	wikisource	e vis	2	13	evis	6.664409
es	wikisource	alió	1	55	alio	pt	wikisource	oila	1	12	oila	6.590301
es	wikisource	amad	1	62	amad	pt	wikisource	dá ma	2	5	dama	5.934894
es	wikisource	dabas	1	60	dabas	pt	wikisource	sabad	1	7	sabad	6.190315
es	wikisource	la ce	2	12	lace	pt	wikisource	e cal	2	55	ecal	6.590301
es	wikisource	marees	1	13	marees	pt	wikisource	se eram	2	54	seeram	6.646391
es	wikisource	mó de	2	6	mode	pt	wikisource	e dom	2	61	edom	6.073045
es	wikisource	o casa	2	62	ocasa	pt	wikisource	a saco	2	5	asaco	5.934894
es	wikisource	o dios	2	60	odios	pt	wikisource	soído	1	7	soido	6.190315
es	wikisource	o mil	2	28	omil	pt	wikisource	limo	1	39	limo	7.056175
es	wikisource	revue	1	47	revue	pt	wikisource	eu ver	2	20	euver	6.915723
es	wikisource	ropilla	1	62	ropilla	pt	wikisource	alli por	2	5	allipor	5.934894
es	wikisource	sano de	2	62	sanode	pt	wikisource	e donas	2	5	edonas	5.934894
es	wikisource	soter	1	5	soter	pt	wikisource	retos	1	62	retos	5.934894
es	wikisource	a gil	2	53	agil	pt	wikisource	ligá	1	13	liga	6.628041
es	wikisource	a varo	2	6	avaro	pt	wikisource	orava	1	60	orava	6.056784
es	wikisource	aire te	2	6	airete	pt	wikisource	e teria	2	60	eteria	6.056784
es	wikisource	aluna	1	5	aluna	pt	wikisource	anula	1	61	anula	5.918894
es	wikisource	amós	1	54	amos	pt	wikisource	som a	2	12	soma	6.572283
es	wikisource	arga	1	15	arga	pt	wikisource	agra	1	51	agra	6.723832
es	wikisource	mise	1	10	mise	pt	wikisource	é sim	2	56	esim	6.440947
es	wikisource	mode	1	5	mode	pt	wikisource	e dom	2	61	edom	5.918894
es	wikisource	opus	1	44	opus	pt	wikisource	supô	1	22	supo	6.942157
es	wikisource	oraré	1	6	orare	pt	wikisource	é raro	2	60	eraro	6.056784
es	wikisource	osan	1	60	osan	pt	wikisource	naso	1	6	naso	6.056784
es	wikisource	oías	1	9	oias	pt	wikisource	sai o	2	57	saio	6.363028
es	wikisource	sele	1	17	sele	pt	wikisource	êles	1	49	eles	6.802395
es	wikisource	solie	1	6	solie	pt	wikisource	ei los	2	60	eilos	6.056784
es	wikisource	sorel	1	15	sorel	pt	wikisource	ler os	2	51	leros	6.723832
es	wikisource	a real	2	43	areal	pt	wikisource	lá era	2	22	laera	6.919684
es	wikisource	agapa	1	5	agapa	pt	wikisource	a paga	2	60	apaga	5.902633
es	wikisource	apoca	1	19	apoca	pt	wikisource	a copa	2	46	acopa	6.84588
es	wikisource	caná	1	7	cana	pt	wikisource	anac	1	58	anac	6.156979
es	wikisource	el les	2	35	elles	pt	wikisource	se lle	2	30	selle	7.017506
es	wikisource	es oír	2	20	esoir	pt	wikisource	rio se	2	45	riose	6.873164
es	wikisource	la me	2	11	lame	pt	wikisource	é mal	2	54	emal	6.49224
es	wikisource	o ana	2	5	oana	pt	wikisource	anão	1	60	anao	5.902633
es	wikisource	o dios	2	60	odios	pt	wikisource	soido	1	5	soido	5.902633
es	wikisource	os ama	2	59	osama	pt	wikisource	amas o	2	6	amaso	6.040255
es	wikisource	osier	1	19	osier	pt	wikisource	réis o	2	46	reiso	6.84588
es	wikisource	salís	1	52	salis	pt	wikisource	silas	1	13	silas	6.609349
es	wikisource	xix xx	2	7	xixxx	pt	wikisource	xxxix	1	58	xxxix	6.156979
es	wikisource	ésas son	2	59	esasson	pt	wikisource	nossa se	2	6	nossase	6.040255
es	wikisource	ésas son	2	59	esasson	pt	wikisource	nossa sé	2	6	nossase	6.040255
es	wikisource	a missa	2	10	amissa	pt	wikisource	assim à	2	54	assima	6.405228
es	wikisource	a rita	2	51	arita	pt	wikisource	a tirá	2	13	atira	6.590301
es	wikisource	amar el	2	57	amarel	pt	wikisource	leram a	2	7	lerama	6.139885
es	wikisource	açora	1	6	acora	pt	wikisource	a roça	2	58	aroca	6.023448
es	wikisource	e ir a	3	59	eira	pt	wikisource	ari e	2	5	arie	5.886104
es	wikisource	e val	2	43	eval	pt	wikisource	lave	1	21	lave	6.875232
es	wikisource	en es	2	49	enes	pt	wikisource	sen e	2	15	sene	6.684612
es	wikisource	erial	1	58	erial	pt	wikisource	lá ir e	3	6	laire	6.023448
es	wikisource	es afán	2	6	esafan	pt	wikisource	na fase	2	58	nafase	6.023448
es	wikisource	et se	2	44	etse	pt	wikisource	est e	2	20	este	6.851185
es	wikisource	iere	1	29	iere	pt	wikisource	é rei	2	35	erei	6.984716
es	wikisource	metío	1	42	metio	pt	wikisource	o item	2	22	oitem	6.896694
es	wikisource	o amor	2	29	oamor	pt	wikisource	roma o	2	35	romao	6.984716
es	wikisource	o amor	2	29	oamor	pt	wikisource	romão	1	35	romao	6.984716
es	wikisource	oí al	2	36	oial	pt	wikisource	laio	1	28	laio	6.978214
es	wikisource	tate	1	58	tate	pt	wikisource	état	1	6	etat	6.023448
es	wikisource	á su edad	3	9	asuedad	pt	wikisource	da deusa	2	55	dadeusa	6.327937
es	wikisource	á vos	2	33	avos	pt	wikisource	sova	1	31	sova	6.992096
es	wikisource	a sal	2	8	asal	pt	wikisource	las a	2	55	lasa	6.222576
es	wikisource	alamo	1	18	alamo	pt	wikisource	o mal à	3	45	omala	6.77308
es	wikisource	años sí	2	8	anossi	pt	wikisource	isso na	2	55	issona	6.222576
es	wikisource	ha el	2	47	hael	pt	wikisource	leah	1	16	leah	6.704414
es	wikisource	inna	1	57	inna	pt	wikisource	anni	1	6	anni	6.006353
es	wikisource	la temo	2	17	latemo	pt	wikisource	o metal	2	46	ometal	6.740519
es	wikisource	le des	2	56	ledes	pt	wikisource	se del	2	7	sedel	6.122493
es	wikisource	merton	1	18	merton	pt	wikisource	no trem	2	45	notrem	6.77308
es	wikisource	mesmu	1	12	mesmu	pt	wikisource	um sem	2	51	umsem	6.516193
es	wikisource	meón	1	6	meon	pt	wikisource	no em	2	57	noem	6.006353
es	wikisource	roda	1	56	roda	pt	wikisource	á dor	2	7	ador	6.122493
es	wikisource	roma es	2	30	romaes	pt	wikisource	se amor	2	33	seamor	6.960348
es	wikisource	soñemos	1	20	sonemos	pt	wikisource	somenos	1	43	somenos	6.828712
es	wikisource	séame	1	54	seame	pt	wikisource	e mães	2	9	emaes	6.309918
es	wikisource	ñoña	1	8	nona	pt	wikisource	a non	2	55	anon	6.222576
es	wikisource	a res	2	9	ares	pt	wikisource	sera	1	53	sera	6.291569
es	wikisource	a riva	2	8	ariva	pt	wikisource	a vira	2	54	avira	6.204558
es	wikisource	ah ah	2	57	ahah	pt	wikisource	ha ha	2	5	haha	5.852202
es	wikisource	aira	1	7	aira	pt	wikisource	ária	1	55	aria	6.104793
es	wikisource	alos	1	50	alos	pt	wikisource	só lá	2	12	sola	6.496775
es	wikisource	e dia	2	26	edia	pt	wikisource	aí de	2	36	aide	6.906755
es	wikisource	et me	2	13	etme	pt	wikisource	em te	2	49	emte	6.55108
es	wikisource	maiz	1	56	maiz	pt	wikisource	ziam	1	6	ziam	5.988961
es	wikisource	mecer	1	44	mecer	pt	wikisource	recem	1	18	recem	6.751101
es	wikisource	meon	1	5	meon	pt	wikisource	no em	2	57	noem	5.852202
es	wikisource	ni tal	2	54	nital	pt	wikisource	latin	1	8	latin	6.204558
es	wikisource	o dolo	2	26	odolo	pt	wikisource	o lodo	2	36	olodo	6.906755
es	wikisource	orita	1	7	orita	pt	wikisource	a tiro	2	55	atiro	6.104793
es	wikisource	se roce	2	9	seroce	pt	wikisource	e cores	2	53	ecores	6.291569
es	wikisource	si si	2	39	sisi	pt	wikisource	ísis	1	23	isis	6.866933
es	wikisource	siena	1	51	siena	pt	wikisource	aneis	1	11	aneis	6.43615
es	wikisource	sol e	2	11	sole	pt	wikisource	elos	1	51	elos	6.43615
es	wikisource	á poca	2	16	apoca	pt	wikisource	a copa	2	46	acopa	6.683361
es	wikisource	a dion	2	53	adion	pt	wikisource	no ida	2	8	noida	6.186209
es	wikisource	a reos	2	8	areos	pt	wikisource	só era	2	53	soera	6.186209
es	wikisource	aram	1	45	aram	pt	wikisource	mar à	2	16	mara	6.661855
es	wikisource	arua	1	11	arua	pt	wikisource	aura	1	50	aura	6.416732
es	wikisource	asomé	1	56	asome	pt	wikisource	emos a	2	5	emosa	5.834811
es	wikisource	aues	1	29	aues	pt	wikisource	seu a	2	32	seua	6.897705
es	wikisource	e nos	2	46	enos	pt	wikisource	son e	2	15	sone	6.622736
es	wikisource	e si es	3	5	esies	pt	wikisource	seis e	2	56	seise	5.834811
es	wikisource	e son	2	27	eson	pt	wikisource	no se	2	34	nose	6.887553
es	wikisource	la mar o	3	17	lamaro	pt	wikisource	o ramal	2	44	oramal	6.697034
es	wikisource	lama	1	50	lama	pt	wikisource	amal	1	11	amal	6.416732
es	wikisource	manó	1	17	mano	pt	wikisource	o nam	2	44	onam	6.697034
es	wikisource	matones	1	36	matones	pt	wikisource	se notam	2	25	senotam	6.869014
es	wikisource	metí a	2	12	metia	pt	wikisource	aí tem	2	49	aitem	6.476972
es	wikisource	o días	2	25	odias	pt	wikisource	saí do	2	36	saido	6.869014
es	wikisource	roda	1	56	roda	pt	wikisource	ador	1	5	ador	5.834811
es	wikisource	solet	1	10	solet	pt	wikisource	tê los	2	51	telos	6.349139
es	wikisource	soma	1	25	soma	pt	wikisource	amós	1	36	amos	6.869014
es	wikisource	tovar	1	48	tovar	pt	wikisource	ravot	1	13	ravot	6.530878
es	wikisource	a redes	2	10	aredes	pt	wikisource	se dera	2	50	sedera	6.329721
es	wikisource	acab	1	9	acab	pt	wikisource	baça	1	51	baca	6.253829
es	wikisource	acrece	1	35	acrece	pt	wikisource	e cerca	2	25	ecerca	6.841615
es	wikisource	adaías	1	7	adaias	pt	wikisource	saía da	2	53	saiada	6.068426
es	wikisource	era ó	2	6	erao	pt	wikisource	o ar e	3	54	oare	5.953243
es	wikisource	eram	1	14	eram	pt	wikisource	mar é	2	46	mare	6.558198
es	wikisource	o café	2	8	ocafe	pt	wikisource	e faço	2	52	efaco	6.167516
es	wikisource	relaves	1	50	relaves	pt	wikisource	se valer	2	10	sevaler	6.329721
es	wikisource	samsón	1	39	samson	pt	wikisource	nós mas	2	21	nosmas	6.779922
es	wikisource	sibi	1	55	sibi	pt	wikisource	íbis	1	5	ibis	5.817111
es	wikisource	á ir á	3	5	aira	pt	wikisource	ária	1	55	aria	5.817111
es	wikisource	él le es	3	9	ellees	pt	wikisource	se elle	2	51	seelle	6.253829
es	wikisource	ó sin	2	39	osin	pt	wikisource	niso	1	21	niso	6.779922
es	wikisource	a carta	2	49	acarta	pt	wikisource	atraca	1	10	atraca	6.309918
es	wikisource	a david	2	52	adavid	pt	wikisource	divã da	2	7	divada	6.049733
es	wikisource	a tos	2	7	atos	pt	wikisource	sota	1	52	sota	6.049733
es	wikisource	amare	1	42	amare	pt	wikisource	era má	2	17	erama	6.651572
es	wikisource	ases	1	54	ases	pt	wikisource	sesã	1	5	sesa	5.799093
es	wikisource	ayos	1	35	ayos	pt	wikisource	soya	1	24	soya	6.802395
es	wikisource	danés	1	54	danes	pt	wikisource	senad	1	5	senad	5.799093
es	wikisource	ese mes	2	52	esemes	pt	wikisource	semes e	2	7	semese	6.049733
es	wikisource	neso	1	29	neso	pt	wikisource	o sén	2	30	osen	6.835185
es	wikisource	noel	1	26	noel	pt	wikisource	leon	1	33	leon	6.822197
es	wikisource	odias	1	23	odias	pt	wikisource	saí do	2	36	saido	6.788972
es	wikisource	otro pues	2	31	otropues	pt	wikisource	seu porto	2	28	seuporto	6.833032
es	wikisource	res a	2	11	resa	pt	wikisource	aser	1	48	aser	6.376727
es	wikisource	seri	1	20	seri	pt	wikisource	ires	1	39	ires	6.733402
es	wikisource	sias	1	47	sias	pt	wikisource	saís	1	12	sais	6.43615
es	wikisource	sonso	1	41	sonso	pt	wikisource	os nós	2	18	osnos	6.682109
es	wikisource	su oda	2	16	suoda	pt	wikisource	a dous	2	43	adous	6.617403
es	wikisource	á oír	2	9	aoir	pt	wikisource	rio à	2	50	rioa	6.234411
es	wikisource	ó como	2	53	ocomo	pt	wikisource	o mocó	2	6	omoco	5.934894
es	wikisource	a son	2	51	ason	pt	wikisource	nosa	1	7	nosa	6.030685
es	wikisource	a vela	2	31	avela	pt	wikisource	a levá	2	27	aleva	6.79794
es	wikisource	aracne	1	17	aracne	pt	wikisource	encará	1	41	encara	6.628041
es	wikisource	aser	1	53	aser	pt	wikisource	resá	1	5	resa	5.780744
es	wikisource	atadme	1	5	atadme	pt	wikisource	em data	2	53	emdata	5.780744
es	wikisource	azula	1	9	azula	pt	wikisource	à luz a	3	49	aluza	6.214608
es	wikisource	es nos	2	8	esnos	pt	wikisource	sons e	2	50	sonse	6.12905
es	wikisource	ese sol	2	52	esesol	pt	wikisource	los e se	3	6	losese	5.916202
es	wikisource	leue	1	5	leue	pt	wikisource	eu el	2	53	euel	5.780744
es	wikisource	rado	1	11	rado	pt	wikisource	o dar	2	47	odar	6.356108
es	wikisource	rape	1	41	rape	pt	wikisource	e par	2	17	epar	6.628041
es	wikisource	salom	1	9	salom	pt	wikisource	molas	1	49	molas	6.214608
es	wikisource	se va el	3	48	sevael	pt	wikisource	leaves	1	10	leaves	6.289716
es	wikisource	ser te	2	15	serte	pt	wikisource	e tres	2	43	etres	6.556778
es	wikisource	so el	2	49	soel	pt	wikisource	lê os	2	9	leos	6.214608
es	wikisource	sonso	1	41	sonso	pt	wikisource	os nos	2	17	osnos	6.628041
es	wikisource	sí eh	2	23	sieh	pt	wikisource	heis	1	35	heis	6.761573
es	wikisource	émula	1	37	emula	pt	wikisource	a lume	2	21	alume	6.728629
es	wikisource	érame	1	48	erame	pt	wikisource	e mar e	3	10	emare	6.289716
es	wikisource	a lope	2	34	alope	pt	wikisource	e pô la	3	23	epola	6.733402
es	wikisource	a tós	2	5	atos	pt	wikisource	sota	1	52	sota	5.762051
es	wikisource	ab la	2	12	abla	pt	wikisource	alba	1	45	alba	6.393591
es	wikisource	acorta	1	41	acorta	pt	wikisource	a troça	2	16	atroca	6.570883
es	wikisource	al abad	2	50	alabad	pt	wikisource	da bala	2	7	dabala	6.011267
es	wikisource	alem	1	50	alem	pt	wikisource	mel a	2	7	mela	6.011267
es	wikisource	aleta	1	49	aleta	pt	wikisource	a tê la	3	8	atela	6.109248
es	wikisource	aleta	1	49	aleta	pt	wikisource	à tela	2	8	atela	6.109248
es	wikisource	alisa	1	48	alisa	pt	wikisource	asila	1	9	asila	6.194405
es	wikisource	atena	1	16	atena	pt	wikisource	a neta	2	41	aneta	6.570883
es	wikisource	azor	1	51	azor	pt	wikisource	roza	1	6	roza	5.897154
es	wikisource	e les	2	39	eles	pt	wikisource	se le	2	18	sele	6.633318
es	wikisource	el si	2	46	elsi	pt	wikisource	isle	1	11	isle	6.335054
es	wikisource	es in	2	7	esin	pt	wikisource	nise	1	50	nise	6.011267
es	wikisource	ma no	2	13	mano	pt	wikisource	o nam	2	44	onam	6.44572
es	wikisource	manita	1	52	manita	pt	wikisource	atinam	1	5	atinam	5.762051
es	wikisource	mareó	1	17	mareo	pt	wikisource	o eram	2	40	oeram	6.603944
es	wikisource	matad	1	36	matad	pt	wikisource	datam	1	21	datam	6.70196
es	wikisource	maño	1	13	mano	pt	wikisource	o nam	2	44	onam	6.44572
es	wikisource	memo	1	47	memo	pt	wikisource	o mem	2	10	omem	6.269096
es	wikisource	nin el	2	21	ninel	pt	wikisource	lênin	1	36	lenin	6.70196
es	wikisource	nisi	1	50	nisi	pt	wikisource	is in	2	7	isin	6.011267
es	wikisource	o azul	2	21	oazul	pt	wikisource	luz ao	2	36	luzao	6.70196
es	wikisource	ojo no	2	41	ojono	pt	wikisource	o nojo	2	16	onojo	6.570883
es	wikisource	omes e	2	6	omese	pt	wikisource	e sem o	3	51	esemo	5.897154
es	wikisource	raido	1	6	raido	pt	wikisource	odiar	1	51	odiar	5.897154
es	wikisource	retama	1	52	retama	pt	wikisource	a mater	2	5	amater	5.762051
es	wikisource	samo	1	33	samo	pt	wikisource	o mas	2	24	omas	6.745236
es	wikisource	sepé	1	12	sepe	pt	wikisource	e pés	2	45	epes	6.393591
es	wikisource	si si	2	39	sisi	pt	wikisource	isis	1	18	isis	6.633318
es	wikisource	vere	1	24	vere	pt	wikisource	erev	1	33	erev	6.745236
es	wikisource	á tres	2	52	atres	pt	wikisource	sertã	1	5	serta	5.762051
es	wikisource	a la sed	3	10	alased	pt	wikisource	de sala	2	46	desala	6.248043
es	wikisource	abas	1	12	abas	pt	wikisource	sabá	1	44	saba	6.371612
es	wikisource	ata a	2	24	ataa	pt	wikisource	a ata	2	32	aata	6.715383
es	wikisource	atán	1	8	atan	pt	wikisource	natã	1	48	nata	6.089045
es	wikisource	aulo	1	35	aulo	pt	wikisource	ó lua	2	21	olua	6.674561
es	wikisource	me ví	2	23	mevi	pt	wikisource	iv em	2	33	ivem	6.704414
es	wikisource	medula	1	31	medula	pt	wikisource	aludem	1	25	aludem	6.723832
es	wikisource	memo	1	47	memo	pt	wikisource	omem	1	9	omem	6.173786
es	wikisource	no mis	2	26	nomis	pt	wikisource	simon	1	30	simon	6.729824
es	wikisource	o eres	2	46	oeres	pt	wikisource	ser e o	3	10	sereo	6.248043
es	wikisource	oh los	2	49	ohlos	pt	wikisource	solho	1	7	solho	5.991465
es	wikisource	oporto	1	50	oporto	pt	wikisource	o tropo	2	6	otropo	5.877736
es	wikisource	os los	2	50	oslos	pt	wikisource	sol só	2	6	solso	5.877736
es	wikisource	se rían	2	50	serian	pt	wikisource	naires	1	6	naires	5.877736
es	wikisource	sopo	1	50	sopo	pt	wikisource	o pós	2	6	opos	5.877736
es	wikisource	ése ni	2	8	eseni	pt	wikisource	inês e	2	48	inese	6.089045
es	wikisource	a eva	2	47	aeva	pt	wikisource	ave a	2	8	avea	6.068426
es	wikisource	a oído	2	12	aoido	pt	wikisource	ódio a	2	43	odioa	6.349139
es	wikisource	alar	1	16	alar	pt	wikisource	rala	1	39	rala	6.522093
es	wikisource	e aún	2	6	eaun	pt	wikisource	nua e	2	49	nuae	5.857933
es	wikisource	manú	1	42	manu	pt	wikisource	unam	1	13	unam	6.400257
es	wikisource	metia	1	6	metia	pt	wikisource	aí tem	2	49	aitem	5.857933
es	wikisource	neve	1	24	neve	pt	wikisource	even	1	31	even	6.684612
es	wikisource	o somos	2	21	osomos	pt	wikisource	somos o	2	34	somoso	6.646391
es	wikisource	reto a	2	34	retoa	pt	wikisource	ao ter	2	21	aoter	6.646391
es	wikisource	ríase	1	50	riase	pt	wikisource	é sair	2	5	esair	5.723585
es	wikisource	si ama	2	14	siama	pt	wikisource	amais	1	41	amais	6.44572
es	wikisource	solam	1	7	solam	pt	wikisource	mal os	2	48	malos	5.971262
es	wikisource	sopo	1	50	sopo	pt	wikisource	o pos	2	5	opos	5.723585
es	wikisource	unam	1	44	unam	pt	wikisource	manu	1	11	manu	6.291569
es	wikisource	usaid	1	36	usaid	pt	wikisource	dia su	2	19	diasu	6.60665
es	wikisource	ágil a	2	9	agila	pt	wikisource	a liga	2	46	aliga	6.152733
es	wikisource	a dot	2	20	adot	pt	wikisource	tôda	1	34	toda	6.59987
es	wikisource	a luna	2	42	aluna	pt	wikisource	anulá	1	12	anula	6.326149
es	wikisource	a seres	2	47	aseres	pt	wikisource	seres a	2	7	seresa	5.950643
es	wikisource	alava	1	48	alava	pt	wikisource	à vala	2	6	avala	5.83773
es	wikisource	alón	1	21	alon	pt	wikisource	no la	2	33	nola	6.617403
es	wikisource	anás	1	46	anas	pt	wikisource	sana	1	8	sana	6.047372
es	wikisource	arada	1	34	arada	pt	wikisource	a dar à	3	20	adara	6.59987
es	wikisource	aretes	1	35	aretes	pt	wikisource	se terá	2	19	setera	6.579251
es	wikisource	asome	1	49	asome	pt	wikisource	emos a	2	5	emosa	5.703782
es	wikisource	avec	1	37	avec	pt	wikisource	ceva	1	17	ceva	6.527958
es	wikisource	ayas	1	41	ayas	pt	wikisource	saya	1	13	saya	6.376727
es	wikisource	mesón a	2	14	mesona	pt	wikisource	ano sem	2	40	anosem	6.421622
es	wikisource	meterá	1	46	metera	pt	wikisource	a retém	2	8	aretem	6.047372
es	wikisource	o sed	2	6	osed	pt	wikisource	de só	2	48	deso	5.83773
es	wikisource	oh los	2	49	ohlos	pt	wikisource	só lho	2	5	solho	5.703782
es	wikisource	robla	1	17	robla	pt	wikisource	albor	1	37	albor	6.527958
es	wikisource	su eco	2	28	sueco	pt	wikisource	ó céus	2	26	oceus	6.663133
es	wikisource	è aun	2	5	eaun	pt	wikisource	nua e	2	49	nuae	5.703782
es	wikisource	érame	1	48	erame	pt	wikisource	e maré	2	6	emare	5.83773
es	wikisource	a lope	2	34	alope	pt	wikisource	e pola	2	19	epola	6.55108
es	wikisource	a real	2	43	areal	pt	wikisource	la era	2	10	laera	6.182085
es	wikisource	anota	1	40	anota	pt	wikisource	átona	1	13	atona	6.352629
es	wikisource	asoc	1	16	asoc	pt	wikisource	cosa	1	37	cosa	6.4708
es	wikisource	atis	1	37	atis	pt	wikisource	sita	1	16	sita	6.4708
es	wikisource	co mo	2	43	como	pt	wikisource	o moç	2	10	omoc	6.182085
es	wikisource	dota	1	47	dota	pt	wikisource	a tod	2	6	atod	5.817111
es	wikisource	edonos	1	5	edonos	pt	wikisource	sono de	2	48	sonode	5.68358
es	wikisource	el ea	2	6	elea	pt	wikisource	à ele	2	47	aele	5.817111
es	wikisource	esa su	2	37	esasu	pt	wikisource	usa se	2	16	usase	6.4708
es	wikisource	ese ni	2	5	eseni	pt	wikisource	inês e	2	48	inese	5.68358
es	wikisource	menut	1	23	menut	pt	wikisource	tu nem	2	30	tunem	6.612041
es	wikisource	mudé	1	34	mude	pt	wikisource	e dum	2	19	edum	6.55108
es	wikisource	o suo	2	5	osuo	pt	wikisource	ou só	2	48	ouso	5.68358
es	wikisource	reparé	1	48	repare	pt	wikisource	era per	2	5	eraper	5.68358
es	wikisource	sobar	1	21	sobar	pt	wikisource	rabos	1	32	rabos	6.58755
es	wikisource	son e	2	12	sone	pt	wikisource	enos	1	41	enos	6.302619
es	wikisource	átame	1	5	atame	pt	wikisource	e mata	2	48	emata	5.68358
es	wikisource	él sí	2	42	elsi	pt	wikisource	isle	1	11	isle	6.246107
es	wikisource	ésa era	2	32	esaera	pt	wikisource	áreas e	2	21	arease	6.58755
es	wikisource	ó días	2	17	odias	pt	wikisource	saí do	2	36	saido	6.50129
es	wikisource	a locas	2	28	alocas	pt	wikisource	sacola	1	24	sacola	6.586172
es	wikisource	adar	1	17	adar	pt	wikisource	rada	1	35	rada	6.473891
es	wikisource	allí ves	2	6	allives	pt	wikisource	sevilla	1	46	sevilla	5.796058
es	wikisource	ama á	2	20	amaa	pt	wikisource	a amá	2	32	aama	6.54103
es	wikisource	amarías	1	26	amarias	pt	wikisource	saíram a	2	26	sairama	6.591674
es	wikisource	ana es	2	17	anaes	pt	wikisource	se á na	3	35	seana	6.473891
es	wikisource	anac	1	8	anac	pt	wikisource	cá na	2	44	cana	6.003887
es	wikisource	el as	2	21	elas	pt	wikisource	sal e	2	31	sale	6.556778
es	wikisource	esón	1	18	eson	pt	wikisource	no se	2	34	nose	6.499787
es	wikisource	memo	1	47	memo	pt	wikisource	om em	2	5	omem	5.66296
es	wikisource	mesa le	2	28	mesale	pt	wikisource	elas em	2	24	elasem	6.586172
es	wikisource	o si le	3	35	osile	pt	wikisource	e liso	2	17	eliso	6.473891
es	wikisource	sama	1	31	sama	pt	wikisource	a mas	2	21	amas	6.556778
es	wikisource	siva	1	15	siva	pt	wikisource	avis	1	37	avis	6.410175
es	wikisource	ánima la	2	5	animala	pt	wikisource	a lâmina	2	47	alamina	5.66296
es	wikisource	a circ	2	44	acirc	pt	wikisource	crica	1	7	crica	5.886104
es	wikisource	a dir a	3	6	adira	pt	wikisource	árida	1	45	arida	5.774552
es	wikisource	a gas	2	18	agas	pt	wikisource	saga	1	33	saga	6.4708
es	wikisource	a ti de	3	46	atide	pt	wikisource	edita	1	5	edita	5.641907
es	wikisource	acotó	1	42	acoto	pt	wikisource	o toca	2	9	otoca	6.063785
es	wikisource	amagó	1	17	amago	pt	wikisource	o gama	2	34	ogama	6.44572
es	wikisource	amar á	2	23	amara	pt	wikisource	a rama	2	28	arama	6.54535
es	wikisource	anaiv	1	24	anaiv	pt	wikisource	via na	2	27	viana	6.55108
es	wikisource	areca	1	5	areca	pt	wikisource	a cera	2	46	acera	5.641907
es	wikisource	arte los	2	41	artelos	pt	wikisource	soletra	1	10	soletra	6.135565
es	wikisource	do te	2	10	dote	pt	wikisource	e tod	2	41	etod	6.135565
es	wikisource	e mal	2	6	emal	pt	wikisource	lá me	2	45	lame	5.774552
es	wikisource	edesa	1	14	edesa	pt	wikisource	à sede	2	37	asede	6.345636
es	wikisource	eral	1	5	eral	pt	wikisource	lar e	2	46	lare	5.641907
es	wikisource	ihim	1	5	ihim	pt	wikisource	mihi	1	46	mihi	5.641907
es	wikisource	iste	1	40	iste	pt	wikisource	et si	2	11	etsi	6.198479
es	wikisource	la es	2	42	laes	pt	wikisource	se al	2	9	seal	6.063785
es	wikisource	mida	1	44	mida	pt	wikisource	adim	1	7	adim	5.886104
es	wikisource	ni ya	2	27	niya	pt	wikisource	ayin	1	24	ayin	6.55108
es	wikisource	olim	1	21	olim	pt	wikisource	milo	1	30	milo	6.52503
es	wikisource	orujo	1	14	orujo	pt	wikisource	o juro	2	37	ojuro	6.345636
es	wikisource	oído me	2	24	oidome	pt	wikisource	em ódio	2	27	emodio	6.55108
es	wikisource	pa con	2	13	pacon	pt	wikisource	no cap	2	38	nocap	6.302619
es	wikisource	se le de	3	37	selede	pt	wikisource	é deles	2	14	edeles	6.345636
es	wikisource	seres son	2	39	seresson	pt	wikisource	nos seres	2	12	nosseres	6.253829
es	wikisource	sí va	2	14	siva	pt	wikisource	avis	1	37	avis	6.345636
es	wikisource	a iii	2	39	aiii	pt	wikisource	iii à	2	11	iiia	6.173786
es	wikisource	abuse	1	40	abuse	pt	wikisource	e suba	2	10	esuba	6.111467
es	wikisource	acorta	1	41	acorta	pt	wikisource	à troca	2	9	atroca	6.040255
es	wikisource	agrada a	2	42	agradaa	pt	wikisource	a adarga	2	8	aadarga	5.958425
es	wikisource	aires al	2	40	airesal	pt	wikisource	la seria	2	10	laseria	6.111467
es	wikisource	ala a	2	18	alaa	pt	wikisource	a ala	2	32	aala	6.440947
es	wikisource	alena	1	26	alena	pt	wikisource	anela	1	24	anela	6.514713
es	wikisource	aleves	1	45	aleves	pt	wikisource	se vela	2	5	sevela	5.620401
es	wikisource	amare	1	42	amare	pt	wikisource	eramá	1	8	erama	5.958425
es	wikisource	ansí el	2	42	ansiel	pt	wikisource	leis na	2	8	leisna	5.958425
es	wikisource	ares	1	32	ares	pt	wikisource	ser à	2	18	sera	6.440947
es	wikisource	ave la	2	12	avela	pt	wikisource	a leva	2	38	aleva	6.228511
es	wikisource	año e	2	45	anoe	pt	wikisource	e onã	2	5	eona	5.620401
es	wikisource	e tres	2	27	etres	pt	wikisource	ser te	2	23	serte	6.510258
es	wikisource	elles	1	20	elles	pt	wikisource	se lle	2	30	selle	6.47851
es	wikisource	ello te	2	40	ellote	pt	wikisource	e tolle	2	10	etolle	6.111467
es	wikisource	es a las	3	41	esalas	pt	wikisource	sala se	2	9	salase	6.040255
es	wikisource	es aun	2	33	esaun	pt	wikisource	nuas e	2	17	nuase	6.416732
es	wikisource	et se	2	44	etse	pt	wikisource	ést e	2	6	este	5.752573
es	wikisource	irujo	1	5	irujo	pt	wikisource	o júri	2	45	ojuri	5.620401
es	wikisource	male	1	40	male	pt	wikisource	elam	1	10	elam	6.111467
es	wikisource	o cese	2	13	ocese	pt	wikisource	e seco	2	37	eseco	6.276643
es	wikisource	odrá	1	7	odra	pt	wikisource	ar do	2	43	ardo	5.863631
es	wikisource	son á	2	30	sona	pt	wikisource	ãnos	1	20	anos	6.47851
es	wikisource	su cima	2	42	sucima	pt	wikisource	amicus	1	8	amicus	5.958425
es	wikisource	zeta	1	5	zeta	pt	wikisource	a tez	2	45	atez	5.620401
es	wikisource	a cama	2	10	acama	pt	wikisource	a maçã	2	39	amaca	6.086775
es	wikisource	a creta	2	33	acreta	pt	wikisource	à terça	2	16	aterca	6.359574
es	wikisource	a val	2	39	aval	pt	wikisource	lavá	1	10	lava	6.086775
es	wikisource	al oso	2	42	aloso	pt	wikisource	o sol à	3	7	osola	5.840642
es	wikisource	allí van	2	36	allivan	pt	wikisource	na villa	2	13	navilla	6.249975
es	wikisource	auías	1	10	auias	pt	wikisource	saiu à	2	39	saiua	6.086775
es	wikisource	caña a	2	27	canaa	pt	wikisource	a anac	2	22	aanac	6.467699
es	wikisource	e mas	2	34	emas	pt	wikisource	same	1	15	same	6.327937
es	wikisource	e tomar	2	24	etomar	pt	wikisource	ramote	1	25	ramote	6.476972
es	wikisource	es a un	3	32	esaun	pt	wikisource	nuas e	2	17	nuase	6.386879
es	wikisource	ezer	1	24	ezer	pt	wikisource	reze	1	25	reze	6.476972
es	wikisource	haras	1	10	haras	pt	wikisource	sarah	1	39	sarah	6.086775
es	wikisource	iera	1	36	iera	pt	wikisource	a rei	2	13	arei	6.249975
es	wikisource	ira le	2	43	irale	pt	wikisource	ela ri	2	6	elari	5.7301
es	wikisource	mar a su	3	9	marasu	pt	wikisource	usaram	1	40	usaram	6.016157
es	wikisource	mesa las	2	32	mesalas	pt	wikisource	sala sem	2	17	salasem	6.386879
es	wikisource	nema	1	9	nema	pt	wikisource	amen	1	40	amen	6.016157
es	wikisource	o si era	3	24	osiera	pt	wikisource	a réis o	3	25	areiso	6.476972
es	wikisource	opus	1	44	opus	pt	wikisource	supo	1	5	supo	5.598422
es	wikisource	rala	1	33	rala	pt	wikisource	alar	1	16	alar	6.359574
es	wikisource	ravelo	1	9	ravelo	pt	wikisource	o levar	2	40	olevar	6.016157
es	wikisource	red es	2	10	redes	pt	wikisource	se der	2	39	seder	6.086775
es	wikisource	samsa	1	42	samsa	pt	wikisource	às más	2	7	asmas	5.840642
es	wikisource	satis	1	43	satis	pt	wikisource	sitas	1	6	sitas	5.7301
es	wikisource	zape	1	18	zape	pt	wikisource	é paz	2	31	epaz	6.410175
es	wikisource	á cara	2	23	acara	pt	wikisource	araçá	1	26	araca	6.473891
es	wikisource	a naide	2	38	anaide	pt	wikisource	e diana	2	10	ediana	6.061457
es	wikisource	acatan	1	29	acatan	pt	wikisource	na taça	2	19	nataca	6.39693
es	wikisource	an los	2	8	anlos	pt	wikisource	sol na	2	40	solna	5.910797
es	wikisource	aras a	2	7	arasa	pt	wikisource	a sara	2	41	asara	5.817111
es	wikisource	artis	1	14	artis	pt	wikisource	sitra	1	34	sitra	6.263398
es	wikisource	atala	1	26	atala	pt	wikisource	a lata	2	22	alata	6.431331
es	wikisource	autres	1	19	autres	pt	wikisource	ser tua	2	29	sertua	6.39693
es	wikisource	azula	1	9	azula	pt	wikisource	a luz a	3	39	aluza	5.991465
es	wikisource	e si el	3	42	esiel	pt	wikisource	leis é	2	6	leise	5.70711
es	wikisource	ibis	1	30	ibis	pt	wikisource	sibi	1	18	sibi	6.378426
es	wikisource	issa	1	30	issa	pt	wikisource	a ssi	2	18	assi	6.378426
es	wikisource	moña	1	23	mona	pt	wikisource	a nom	2	25	anom	6.43615
es	wikisource	mueves	1	34	mueves	pt	wikisource	se vê um	3	14	seveum	6.263398
es	wikisource	mí me dé	3	9	mimede	pt	wikisource	e de mim	3	39	edemim	5.991465
es	wikisource	nonell	1	27	nonell	pt	wikisource	lle non	2	21	llenon	6.423247
es	wikisource	nos de	2	37	nosde	pt	wikisource	edson	1	11	edson	6.122493
es	wikisource	osier	1	19	osier	pt	wikisource	reis o	2	29	reiso	6.39693
es	wikisource	otro mes	2	41	otromes	pt	wikisource	se morto	2	7	semorto	5.817111
es	wikisource	oír es	2	18	oires	pt	wikisource	serio	1	30	serio	6.378426
es	wikisource	rago lo	2	5	ragolo	pt	wikisource	o logar	2	43	ologar	5.575949
es	wikisource	rivet	1	37	rivet	pt	wikisource	te vir	2	11	tevir	6.122493
es	wikisource	sacóme	1	17	sacome	pt	wikisource	e moças	2	31	emocas	6.356108
es	wikisource	sellen	1	6	sellen	pt	wikisource	nelles	1	42	nelles	5.70711
es	wikisource	si era de	3	43	sierade	pt	wikisource	e dareis	2	5	edareis	5.575949
es	wikisource	ver o	2	37	vero	pt	wikisource	o rev	2	11	orev	6.122493
es	wikisource	ó mala	2	24	omala	pt	wikisource	álamo	1	24	alamo	6.437752
es	wikisource	a domar	2	18	adomar	pt	wikisource	ramo da	2	29	ramoda	6.345636
es	wikisource	a ios	2	5	aios	pt	wikisource	soía	1	42	soia	5.55296
es	wikisource	a si el	3	27	asiel	pt	wikisource	leis a	2	20	leisa	6.376727
es	wikisource	a vigo	2	27	avigo	pt	wikisource	ogiva	1	20	ogiva	6.376727
es	wikisource	ab es	2	15	abes	pt	wikisource	seba	1	32	seba	6.269096
es	wikisource	ahía	1	7	ahia	pt	wikisource	aí há	2	40	aiha	5.793014
es	wikisource	anota	1	40	anota	pt	wikisource	ato na	2	7	atona	5.793014
es	wikisource	araos	1	24	araos	pt	wikisource	soar a	2	23	soara	6.39693
es	wikisource	asi el	2	27	asiel	pt	wikisource	leis a	2	20	leisa	6.376727
es	wikisource	atra	1	10	atra	pt	wikisource	art a	2	37	arta	6.035481
es	wikisource	azapa	1	6	azapa	pt	wikisource	a paz a	3	41	apaza	5.68358
es	wikisource	es oído	2	7	esoido	pt	wikisource	ódios e	2	40	odiose	5.793014
es	wikisource	iram	1	8	iram	pt	wikisource	mari	1	39	mari	5.886104
es	wikisource	la ca	2	22	laca	pt	wikisource	a cal	2	25	acal	6.393591
es	wikisource	marte los	2	9	martelos	pt	wikisource	soletram	1	38	soletram	5.966147
es	wikisource	metá	1	29	meta	pt	wikisource	a têm	2	18	atem	6.345636
es	wikisource	máteme	1	29	mateme	pt	wikisource	e metam	2	18	emetam	6.345636
es	wikisource	neue	1	19	neue	pt	wikisource	eu en	2	28	euen	6.363028
es	wikisource	rales	1	11	rales	pt	wikisource	selar	1	36	selar	6.095825
es	wikisource	reta	1	31	reta	pt	wikisource	ater	1	16	ater	6.298949
es	wikisource	roces	1	35	roces	pt	wikisource	se cor	2	12	secor	6.148468
es	wikisource	sal a	2	33	sala	pt	wikisource	a las	2	14	alas	6.234411
es	wikisource	samsón	1	39	samson	pt	wikisource	nos mas	2	8	nosmas	5.886104
es	wikisource	á cara	2	23	acara	pt	wikisource	à raça	2	24	araca	6.39693
es	wikisource	á trece	2	7	atrece	pt	wikisource	e certa	2	40	ecerta	5.793014
es	wikisource	a mala	2	41	amala	pt	wikisource	à lama	2	5	alama	5.529429
es	wikisource	a morán	2	41	amoran	pt	wikisource	na roma	2	5	naroma	5.529429
es	wikisource	adad	1	39	adad	pt	wikisource	dadá	1	7	dada	5.768321
es	wikisource	ama le	2	38	amale	pt	wikisource	e lama	2	8	elama	5.860786
es	wikisource	ame a	2	41	amea	pt	wikisource	a ema	2	5	aema	5.529429
es	wikisource	amor e	2	32	amore	pt	wikisource	e roma	2	14	eroma	6.204558
es	wikisource	atán	1	8	atan	pt	wikisource	nata	1	38	nata	5.860786
es	wikisource	año tal	2	13	anotal	pt	wikisource	latona	1	33	latona	6.165418
es	wikisource	el oso a	3	8	elosoa	pt	wikisource	ao sol e	3	38	aosole	5.860786
es	wikisource	es os	2	5	esos	pt	wikisource	sós e	2	41	sose	5.529429
es	wikisource	esa tropa	2	9	esatropa	pt	wikisource	a porta se	3	37	aportase	5.940171
es	wikisource	ir no	2	29	irno	pt	wikisource	onri	1	17	onri	6.291569
es	wikisource	manué	1	38	manue	pt	wikisource	eu nam	2	8	eunam	5.860786
es	wikisource	mar á	2	19	mara	pt	wikisource	aram	1	27	aram	6.327937
es	wikisource	mear	1	16	mear	pt	wikisource	raem	1	30	raem	6.267201
es	wikisource	mima	1	33	mima	pt	wikisource	à mim	2	13	amim	6.165418
es	wikisource	miso	1	6	miso	pt	wikisource	o sim	2	40	osim	5.659482
es	wikisource	oh le	2	6	ohle	pt	wikisource	e lho	2	40	elho	5.659482
es	wikisource	oir a	2	14	oira	pt	wikisource	a rio	2	32	ario	6.204558
es	wikisource	oleo	1	25	oleo	pt	wikisource	o elo	2	21	oelo	6.349139
es	wikisource	oraré	1	6	orare	pt	wikisource	e raro	2	40	eraro	5.659482
es	wikisource	same	1	24	same	pt	wikisource	e más	2	22	emas	6.35437
es	wikisource	se lava	2	41	selava	pt	wikisource	avales	1	5	avales	5.529429
es	wikisource	seres a	2	39	seresa	pt	wikisource	a seres	2	7	aseres	5.768321
es	wikisource	siva	1	15	siva	pt	wikisource	à vis	2	31	avis	6.238325
es	wikisource	somera	1	37	somera	pt	wikisource	a remos	2	9	aremos	5.940171
es	wikisource	sí ama	2	5	siama	pt	wikisource	amais	1	41	amais	5.529429
es	wikisource	á mar	2	7	amar	pt	wikisource	ramá	1	39	rama	5.768321
es	wikisource	ágape	1	11	agape	pt	wikisource	e paga	2	35	epaga	6.068426
es	wikisource	a dan	2	5	adan	pt	wikisource	na da	2	40	nada	5.505332
es	wikisource	a daria	2	29	adaria	pt	wikisource	airada	1	16	airada	6.234411
es	wikisource	a día se	3	8	adiase	pt	wikisource	e saída	2	37	esaida	5.834811
es	wikisource	a gala	2	16	agala	pt	wikisource	alaga	1	29	alaga	6.234411
es	wikisource	a non	2	10	anon	pt	wikisource	no na	2	35	nona	5.981414
es	wikisource	amura	1	22	amura	pt	wikisource	ar uma	2	23	aruma	6.313548
es	wikisource	anas	1	37	anas	pt	wikisource	sana	1	8	sana	5.834811
es	wikisource	años acá	2	26	anosaca	pt	wikisource	acaso na	2	19	acasona	6.291569
es	wikisource	demo	1	36	demo	pt	wikisource	o med	2	9	omed	5.913503
es	wikisource	e toda	2	26	etoda	pt	wikisource	adote	1	19	adote	6.291569
es	wikisource	es en un	3	31	esenun	pt	wikisource	nunes e	2	14	nunese	6.173786
es	wikisource	etnias	1	37	etnias	pt	wikisource	sainte	1	8	sainte	5.834811
es	wikisource	hara	1	33	hara	pt	wikisource	arah	1	12	arah	6.09131
es	wikisource	la ma	2	34	lama	pt	wikisource	amal	1	11	amal	6.040255
es	wikisource	marat	1	38	marat	pt	wikisource	taram	1	7	taram	5.743003
es	wikisource	mareos	1	30	mareos	pt	wikisource	só eram	2	15	soeram	6.206576
es	wikisource	memos	1	20	memos	pt	wikisource	somem	1	25	somem	6.302619
es	wikisource	mirad en	2	17	miraden	pt	wikisource	nedarim	1	28	nedarim	6.257668
es	wikisource	neva	1	18	neva	pt	wikisource	avén	1	27	aven	6.276643
es	wikisource	onís	1	11	onis	pt	wikisource	si no	2	34	sino	6.040255
es	wikisource	seráme	1	7	serame	pt	wikisource	e mares	2	38	emares	5.743003
es	wikisource	son me	2	8	sonme	pt	wikisource	em nos	2	37	emnos	5.834811
es	wikisource	su tan	2	35	sutan	pt	wikisource	natus	1	10	natus	5.981414
es	wikisource	sí va	2	14	siva	pt	wikisource	à vis	2	31	avis	6.173786
es	wikisource	tal ó	2	38	talo	pt	wikisource	olat	1	7	olat	5.743003
es	wikisource	taló	1	38	talo	pt	wikisource	olat	1	7	olat	5.743003
es	wikisource	a val	2	39	aval	pt	wikisource	lá vá	2	5	lava	5.480639
es	wikisource	ag la	2	5	agla	pt	wikisource	alga	1	39	alga	5.480639
es	wikisource	ano de	2	29	anode	pt	wikisource	é dona	2	15	edona	6.173786
es	wikisource	ares	1	32	ares	pt	wikisource	serà	1	12	sera	6.061457
es	wikisource	e doña	2	12	edona	pt	wikisource	ãno de	2	32	anode	6.061457
es	wikisource	e les	2	39	eles	pt	wikisource	sele	1	5	sele	5.480639
es	wikisource	e tal	2	14	etal	pt	wikisource	lá te	2	30	late	6.142037
es	wikisource	el ome	2	19	elome	pt	wikisource	e mole	2	25	emole	6.253829
es	wikisource	eleo	1	12	eleo	pt	wikisource	o ele	2	32	oele	6.061457
es	wikisource	emos	1	22	emos	pt	wikisource	som e	2	22	some	6.270988
es	wikisource	encara	1	27	encara	pt	wikisource	aracne	1	17	aracne	6.222576
es	wikisource	mal una	2	35	maluna	pt	wikisource	anulam	1	9	anulam	5.886104
es	wikisource	olim	1	21	olim	pt	wikisource	mil o	2	23	milo	6.269096
es	wikisource	orita	1	7	orita	pt	wikisource	atiro	1	37	atiro	5.717028
es	wikisource	rapa	1	30	rapa	pt	wikisource	á par	2	14	apar	6.142037
es	wikisource	robase	1	24	robase	pt	wikisource	e sabor	2	20	esabor	6.263398
es	wikisource	rocas se	2	26	rocasse	pt	wikisource	essa cor	2	18	essacor	6.240276
es	wikisource	ropita	1	35	ropita	pt	wikisource	a ti por	3	9	atipor	5.886104
es	wikisource	rota o	2	15	rotao	pt	wikisource	o ator	2	29	oator	6.173786
es	wikisource	sané	1	10	sane	pt	wikisource	enas	1	34	enas	5.953243
es	wikisource	se ve no	3	30	seveno	pt	wikisource	o neves	2	14	oneves	6.142037
es	wikisource	ser a los	3	15	seralos	pt	wikisource	solares	1	29	solares	6.173786
es	wikisource	ser o de	3	8	serode	pt	wikisource	e dores	2	36	edores	5.808142
es	wikisource	setaro	1	37	setaro	pt	wikisource	orates	1	7	orates	5.717028
es	wikisource	sora	1	20	sora	pt	wikisource	ar os	2	24	aros	6.263398
es	wikisource	y olé	2	7	yole	pt	wikisource	eloy	1	37	eloy	5.717028
es	wikisource	ánades	1	36	anades	pt	wikisource	se dá na	3	8	sedana	5.808142
es	wikisource	él amó	2	6	elamo	pt	wikisource	o mal é	3	38	omale	5.609472
es	wikisource	a non	2	10	anon	pt	wikisource	non a	2	33	nona	5.924256
es	wikisource	abaca	1	26	abaca	pt	wikisource	acabá	1	17	acaba	6.186209
es	wikisource	agre	1	5	agre	pt	wikisource	erga	1	38	erga	5.455321
es	wikisource	alas me	2	19	alasme	pt	wikisource	em sala	2	24	emsala	6.214608
es	wikisource	anav	1	34	anav	pt	wikisource	vana	1	9	vana	5.857933
es	wikisource	animal a	2	38	animala	pt	wikisource	a lamina	2	5	alamina	5.455321
es	wikisource	arima	1	6	arima	pt	wikisource	a mira	2	37	amira	5.583496
es	wikisource	ateas	1	30	ateas	pt	wikisource	saeta	1	13	saeta	6.073045
es	wikisource	añades	1	35	anades	pt	wikisource	se dá na	3	8	sedana	5.780744
es	wikisource	año su	2	35	anosu	pt	wikisource	uso na	2	8	usona	5.780744
es	wikisource	e devel	2	12	edevel	pt	wikisource	leve de	2	31	levede	6.030685
es	wikisource	e don	2	29	edon	pt	wikisource	nó de	2	14	node	6.109248
es	wikisource	e día	2	7	edia	pt	wikisource	aí de	2	36	aide	5.690359
es	wikisource	e vos	2	26	evos	pt	wikisource	só vê	2	17	sove	6.186209
es	wikisource	llah	1	11	llah	pt	wikisource	hall	1	32	hall	5.981414
es	wikisource	mes los	2	26	meslos	pt	wikisource	sol sem	2	17	solsem	6.186209
es	wikisource	mérope	1	8	merope	pt	wikisource	e porém	2	35	eporem	5.780744
es	wikisource	nassin	1	15	nassin	pt	wikisource	nissan	1	28	nissan	6.139885
es	wikisource	noel	1	26	noel	pt	wikisource	león	1	17	leon	6.186209
es	wikisource	non son	2	30	nonson	pt	wikisource	nos non	2	13	nosnon	6.073045
es	wikisource	nos e	2	26	nose	pt	wikisource	e son	2	17	eson	6.186209
es	wikisource	os son	2	14	osson	pt	wikisource	nós só	2	29	nosso	6.109248
es	wikisource	reza lo	2	6	rezalo	pt	wikisource	o lazer	2	37	olazer	5.583496
es	wikisource	roma o	2	32	romao	pt	wikisource	o amôr	2	11	oamor	5.981414
es	wikisource	salina	1	37	salina	pt	wikisource	anil as	2	6	anilas	5.583496
es	wikisource	saona	1	21	saona	pt	wikisource	ano as	2	22	anoas	6.226537
es	wikisource	yole	1	6	yole	pt	wikisource	eloy	1	37	eloy	5.583496
es	wikisource	á par	2	24	apar	pt	wikisource	rapa	1	19	rapa	6.214608
es	wikisource	á rama	2	8	arama	pt	wikisource	amará	1	35	amara	5.780744
es	wikisource	éralo	1	24	eralo	pt	wikisource	olaré	1	19	olare	6.214608
es	wikisource	a daul	2	30	adaul	pt	wikisource	lua da	2	12	luada	5.998937
es	wikisource	a mina	2	9	amina	pt	wikisource	animá	1	33	anima	5.828946
es	wikisource	alabad	1	35	alabad	pt	wikisource	da bala	2	7	dabala	5.66296
es	wikisource	alice	1	35	alice	pt	wikisource	e cila	2	7	ecila	5.66296
es	wikisource	aued	1	27	aued	pt	wikisource	de ũa	2	15	deua	6.104793
es	wikisource	el er	2	22	eler	pt	wikisource	relê	1	20	rele	6.180017
es	wikisource	ira o	2	29	irao	pt	wikisource	o ari	2	13	oari	6.040255
es	wikisource	me mete	2	33	memete	pt	wikisource	e tem em	3	9	etemem	5.828946
es	wikisource	me salen	2	35	mesalen	pt	wikisource	nela sem	2	7	nelasem	5.66296
es	wikisource	meos	1	10	meos	pt	wikisource	soem	1	32	soem	5.894403
es	wikisource	o no su	3	35	onosu	pt	wikisource	uso no	2	7	usono	5.66296
es	wikisource	oir á	2	10	oira	pt	wikisource	a rio	2	32	ario	5.894403
es	wikisource	oír ese	2	7	oirese	pt	wikisource	é sério	2	35	eserio	5.66296
es	wikisource	riso	1	24	riso	pt	wikisource	os ir	2	18	osir	6.163315
es	wikisource	sarama	1	5	sarama	pt	wikisource	amarás	1	37	amaras	5.429346
es	wikisource	ser esa	2	35	seresa	pt	wikisource	a seres	2	7	aseres	5.66296
es	wikisource	si él es	3	35	sieles	pt	wikisource	se leis	2	7	seleis	5.66296
es	wikisource	son á	2	30	sona	pt	wikisource	an os	2	12	anos	5.998937
es	wikisource	sus ejes	2	16	susejes	pt	wikisource	se jesus	2	26	sejesus	6.12905
es	wikisource	ver e	2	9	vere	pt	wikisource	erev	1	33	erev	5.828946
es	wikisource	á doce	2	12	adoce	pt	wikisource	eco da	2	30	ecoda	5.998937
es	wikisource	á saco	2	9	asaco	pt	wikisource	ó casa	2	33	ocasa	5.828946
es	wikisource	éaco	1	31	eaco	pt	wikisource	oca e	2	11	ocae	5.950643
es	wikisource	śiva	1	5	siva	pt	wikisource	avis	1	37	avis	5.429346
es	wikisource	a moco	2	36	amoco	pt	wikisource	o coma	2	5	ocoma	5.402677
es	wikisource	a toca	2	18	atoca	pt	wikisource	a cota	2	23	acota	6.122493
es	wikisource	a usos	2	36	ausos	pt	wikisource	só sua	2	5	sosua	5.402677
es	wikisource	amos a	2	33	amosa	pt	wikisource	à soma	2	8	asoma	5.723585
es	wikisource	ana á	2	15	anaa	pt	wikisource	a ana	2	26	aana	6.068426
es	wikisource	ep se	2	25	epse	pt	wikisource	espe	1	16	espe	6.09131
es	wikisource	erdo	1	7	erdo	pt	wikisource	odre	1	34	odre	5.63479
es	wikisource	ieron	1	25	ieron	pt	wikisource	no rei	2	16	norei	6.09131
es	wikisource	maire	1	18	maire	pt	wikisource	e riam	2	23	eriam	6.122493
es	wikisource	me vale	2	36	mevale	pt	wikisource	e lá vem	3	5	elavem	5.402677
es	wikisource	menos sí	2	5	menossi	pt	wikisource	isso nem	2	36	issonem	5.402677
es	wikisource	mes al	2	29	mesal	pt	wikisource	lá sem	2	12	lasem	5.966147
es	wikisource	mil e	2	30	mile	pt	wikisource	elim	1	11	elim	5.918894
es	wikisource	mocha	1	35	mocha	pt	wikisource	ah com	2	6	ahcom	5.529429
es	wikisource	moça	1	33	moca	pt	wikisource	acom	1	8	acom	5.723585
es	wikisource	neso	1	29	neso	pt	wikisource	o sen	2	12	osen	5.966147
es	wikisource	non te	2	20	nonte	pt	wikisource	et non	2	21	etnon	6.135565
es	wikisource	o daba	2	10	odaba	pt	wikisource	aba do	2	31	abado	5.863631
es	wikisource	o ir a	3	9	oira	pt	wikisource	a rio	2	32	ario	5.799093
es	wikisource	oró con	2	9	orocon	pt	wikisource	no coro	2	32	nocoro	5.799093
es	wikisource	oír ese	2	7	oirese	pt	wikisource	e sério	2	34	eserio	5.63479
es	wikisource	sacome	1	10	sacome	pt	wikisource	e moças	2	31	emocas	5.863631
es	wikisource	sané	1	10	sane	pt	wikisource	é nas	2	31	enas	5.863631
es	wikisource	solis	1	32	solis	pt	wikisource	silos	1	9	silos	5.799093
es	wikisource	uacac	1	7	uacac	pt	wikisource	cacau	1	34	cacau	5.63479
es	wikisource	á obed	2	8	aobed	pt	wikisource	de bõa	2	33	deboa	5.723585
es	wikisource	ó no se	3	15	onose	pt	wikisource	e só no	3	26	esono	6.068426
es	wikisource	a sí el	3	20	asiel	pt	wikisource	leis a	2	20	leisa	6.089045
es	wikisource	a van	2	29	avan	pt	wikisource	nava	1	11	nava	5.886104
es	wikisource	agas	1	7	agas	pt	wikisource	saga	1	33	saga	5.605802
es	wikisource	aisa	1	8	aisa	pt	wikisource	a si a	3	32	asia	5.693732
es	wikisource	al ne	2	6	alne	pt	wikisource	en la	2	34	enla	5.501258
es	wikisource	amargan	1	23	amargan	pt	wikisource	na grama	2	17	nagrama	6.068426
es	wikisource	amarías	1	26	amarias	pt	wikisource	saíram à	2	14	sairama	6.003887
es	wikisource	anaos	1	33	anaos	pt	wikisource	soa na	2	7	soana	5.605802
es	wikisource	anav	1	34	anav	pt	wikisource	van a	2	6	vana	5.501258
es	wikisource	animé	1	24	anime	pt	wikisource	e mina	2	16	emina	6.052089
es	wikisource	arada	1	34	arada	pt	wikisource	a dará	2	6	adara	5.501258
es	wikisource	aure	1	7	aure	pt	wikisource	e rua	2	33	erua	5.605802
es	wikisource	avales	1	31	avales	pt	wikisource	se lava	2	9	selava	5.768321
es	wikisource	e será	2	5	esera	pt	wikisource	ares e	2	35	arese	5.375278
es	wikisource	emer	1	26	emer	pt	wikisource	rem e	2	14	reme	6.003887
es	wikisource	es et	2	10	eset	pt	wikisource	te se	2	30	tese	5.831882
es	wikisource	es él en	3	10	eselen	pt	wikisource	neles e	2	30	nelese	5.831882
es	wikisource	evito	1	23	evito	pt	wikisource	o tive	2	17	otive	6.068426
es	wikisource	ir es	2	8	ires	pt	wikisource	se ri	2	32	seri	5.693732
es	wikisource	iure	1	27	iure	pt	wikisource	e rui	2	13	erui	5.971262
es	wikisource	me vía	2	13	mevia	pt	wikisource	aí vêm	2	27	aivem	5.971262
es	wikisource	murada	1	14	murada	pt	wikisource	a dar um	3	26	adarum	6.003887
es	wikisource	métese	1	14	metese	pt	wikisource	e se tem	3	26	esetem	6.003887
es	wikisource	mí les	2	12	miles	pt	wikisource	selim	1	28	selim	5.932245
es	wikisource	nema	1	9	nema	pt	wikisource	amén	1	31	amen	5.768321
es	wikisource	os se	2	5	osse	pt	wikisource	esso	1	35	esso	5.375278
es	wikisource	os sé	2	5	osse	pt	wikisource	esso	1	35	esso	5.375278
es	wikisource	osaré	1	26	osare	pt	wikisource	eras o	2	14	eraso	6.003887
es	wikisource	oía de	2	35	oiade	pt	wikisource	e daí o	3	5	edaio	5.375278
es	wikisource	red es	2	10	redes	pt	wikisource	seder	1	30	seder	5.831882
es	wikisource	roma o	2	32	romao	pt	wikisource	ó amor	2	8	oamor	5.693732
es	wikisource	sive	1	27	sive	pt	wikisource	e vis	2	13	evis	5.971262
es	wikisource	sora	1	20	sora	pt	wikisource	aros	1	20	aros	6.089045
es	wikisource	á elena	2	33	aelena	pt	wikisource	anel e a	3	7	anelea	5.605802
es	wikisource	a creta	2	33	acreta	pt	wikisource	á terça	2	6	aterca	5.472271
es	wikisource	a lope	2	34	alope	pt	wikisource	é pô la	3	5	epola	5.347108
es	wikisource	a trote	2	34	atrote	pt	wikisource	e torta	2	5	etorta	5.347108
es	wikisource	a él es	3	29	aeles	pt	wikisource	se lê a	3	10	selea	5.799093
es	wikisource	aias	1	17	aias	pt	wikisource	sai à	2	22	saia	6.025866
es	wikisource	al afán	2	19	alafan	pt	wikisource	na fala	2	20	nafala	6.040255
es	wikisource	ave la	2	12	avela	pt	wikisource	a levá	2	27	aleva	5.897154
es	wikisource	añadan	1	22	anadan	pt	wikisource	nada na	2	17	nadana	6.025866
es	wikisource	e sil	2	15	esil	pt	wikisource	lise	1	24	lise	5.991465
es	wikisource	ecer	1	8	ecer	pt	wikisource	rece	1	31	rece	5.66296
es	wikisource	eram	1	14	eram	pt	wikisource	mare	1	25	mare	5.966147
es	wikisource	lamen	1	25	lamen	pt	wikisource	nem al	2	14	nemal	5.966147
es	wikisource	mega	1	8	mega	pt	wikisource	agem	1	31	agem	5.66296
es	wikisource	mima	1	33	mima	pt	wikisource	amim	1	6	amim	5.472271
es	wikisource	ne se	2	5	nese	pt	wikisource	é sen	2	34	esen	5.347108
es	wikisource	olid	1	9	olid	pt	wikisource	di lo	2	30	dilo	5.736572
es	wikisource	osier	1	19	osier	pt	wikisource	rei só	2	20	reiso	6.040255
es	wikisource	sacar á	2	26	sacara	pt	wikisource	araçás	1	13	aracas	5.934894
es	wikisource	sale mal	2	24	salemal	pt	wikisource	lamelas	1	15	lamelas	5.991465
es	wikisource	sarga	1	28	sarga	pt	wikisource	agras	1	11	agras	5.852202
es	wikisource	si os es	3	7	sioses	pt	wikisource	se sois	2	32	sesois	5.575949
es	wikisource	sonsa	1	8	sonsa	pt	wikisource	asnos	1	31	asnos	5.66296
es	wikisource	ue me	2	5	ueme	pt	wikisource	em eu	2	34	emeu	5.347108
es	wikisource	yaya	1	15	yaya	pt	wikisource	ay ay	2	24	ayay	5.991465
es	wikisource	á mina	2	6	amina	pt	wikisource	animá	1	33	anima	5.472271
es	wikisource	á trece	2	7	atrece	pt	wikisource	é certa	2	32	ecerta	5.575949
es	wikisource	ó tan	2	5	otan	pt	wikisource	nato	1	34	nato	5.347108
es	wikisource	a amor	2	33	aamor	pt	wikisource	roma à	2	5	romaa	5.31812
es	wikisource	a delos	2	17	adelos	pt	wikisource	sol e da	3	21	soleda	5.981414
es	wikisource	a mme	2	9	amme	pt	wikisource	em má	2	29	emma	5.703782
es	wikisource	abes	1	6	abes	pt	wikisource	seba	1	32	seba	5.442418
es	wikisource	acies	1	8	acies	pt	wikisource	sei cá	2	30	seica	5.631212
es	wikisource	aiga	1	11	aiga	pt	wikisource	agia	1	27	agia	5.817111
es	wikisource	aire le	2	25	airele	pt	wikisource	ele ria	2	13	eleria	5.897154
es	wikisource	alamo	1	18	alamo	pt	wikisource	o mal a	3	20	omala	5.988961
es	wikisource	amis	1	27	amis	pt	wikisource	sima	1	11	sima	5.817111
es	wikisource	araos	1	24	araos	pt	wikisource	soara	1	14	soara	5.926926
es	wikisource	ejus	1	32	ejus	pt	wikisource	suje	1	6	suje	5.442418
es	wikisource	el lote	2	28	ellote	pt	wikisource	e tolle	2	10	etolle	5.765191
es	wikisource	el uso a	3	20	elusoa	pt	wikisource	ao sul e	3	18	aosule	5.988961
es	wikisource	esa loca	2	33	esaloca	pt	wikisource	acolá se	2	5	acolase	5.31812
es	wikisource	esas se	2	8	esasse	pt	wikisource	essas e	2	30	essase	5.631212
es	wikisource	le irá	2	17	leira	pt	wikisource	ariel	1	21	ariel	5.981414
es	wikisource	me vi a	3	11	mevia	pt	wikisource	aí vêm	2	27	aivem	5.817111
es	wikisource	muvi	1	24	muvi	pt	wikisource	iv um	2	14	ivum	5.926926
es	wikisource	muévete	1	16	muevete	pt	wikisource	e teve um	3	22	eteveum	5.968708
es	wikisource	noël	1	5	noel	pt	wikisource	leon	1	33	leon	5.31812
es	wikisource	orta	1	11	orta	pt	wikisource	atro	1	27	atro	5.817111
es	wikisource	oír á	2	6	oira	pt	wikisource	a rio	2	32	ario	5.442418
es	wikisource	rives	1	6	rives	pt	wikisource	se vir	2	32	sevir	5.442418
es	wikisource	sacare	1	24	sacare	pt	wikisource	e raças	2	14	eracas	5.926926
es	wikisource	sanson	1	21	sanson	pt	wikisource	nos nas	2	17	nosnas	5.981414
es	wikisource	selene	1	7	selene	pt	wikisource	e neles	2	31	eneles	5.545177
es	wikisource	sema	1	13	sema	pt	wikisource	ames	1	25	ames	5.897154
es	wikisource	side	1	33	side	pt	wikisource	edis	1	5	edis	5.31812
es	wikisource	somero	1	30	somero	pt	wikisource	oremos	1	8	oremos	5.631212
es	wikisource	son á	2	30	sona	pt	wikisource	á nos	2	8	anos	5.631212
es	wikisource	a dir	2	29	adir	pt	wikisource	rida	1	8	rida	5.598422
es	wikisource	abata	1	14	abata	pt	wikisource	a taba	2	23	ataba	5.886104
es	wikisource	abrá	1	22	abra	pt	wikisource	arba	1	15	arba	5.908083
es	wikisource	acuñan	1	6	acunan	pt	wikisource	na nuca	2	31	nanuca	5.411646
es	wikisource	ages	1	6	ages	pt	wikisource	sega	1	31	sega	5.411646
es	wikisource	anuda	1	32	anuda	pt	wikisource	aduna	1	5	aduna	5.288267
es	wikisource	arta	1	5	arta	pt	wikisource	atra	1	32	atra	5.288267
es	wikisource	arte le	2	10	artele	pt	wikisource	e letra	2	27	eletra	5.7301
es	wikisource	as el	2	7	asel	pt	wikisource	lesa	1	30	lesa	5.513429
es	wikisource	baca	1	31	baca	pt	wikisource	acab	1	6	acab	5.411646
es	wikisource	elli	1	23	elli	pt	wikisource	ille	1	14	ille	5.886104
es	wikisource	enos	1	22	enos	pt	wikisource	son e	2	15	sone	5.908083
es	wikisource	eu el	2	11	euel	pt	wikisource	leu e	2	26	leue	5.780744
es	wikisource	iv al	2	32	ival	pt	wikisource	la vi	2	5	lavi	5.288267
es	wikisource	mal á	2	31	mala	pt	wikisource	alam	1	6	alam	5.411646
es	wikisource	mesa las	2	32	mesalas	pt	wikisource	salas em	2	5	salasem	5.288267
es	wikisource	metio	1	15	metio	pt	wikisource	o item	2	22	oitem	5.908083
es	wikisource	mil es	2	9	miles	pt	wikisource	selim	1	28	selim	5.669881
es	wikisource	mosa	1	31	mosa	pt	wikisource	as om	2	6	asom	5.411646
es	wikisource	muno	1	12	muno	pt	wikisource	o num	2	25	onum	5.823046
es	wikisource	muías	1	11	muias	pt	wikisource	sai um	2	26	saium	5.780744
es	wikisource	saco me	2	6	sacome	pt	wikisource	e moças	2	31	emocas	5.411646
es	wikisource	ser á	2	25	sera	pt	wikisource	a rês	2	12	ares	5.823046
es	wikisource	tifo	1	18	tifo	pt	wikisource	of it	2	19	ofit	5.940171
es	wikisource	y med	2	5	ymed	pt	wikisource	de my	2	32	demy	5.288267
es	wikisource	a arar	2	15	aarar	pt	wikisource	rara a	2	21	raraa	5.863631
es	wikisource	a cama	2	10	acama	pt	wikisource	a maça	2	26	amaca	5.693732
es	wikisource	a ido	2	18	aido	pt	wikisource	odiá	1	18	odia	5.888878
es	wikisource	ag es	2	5	ages	pt	wikisource	sega	1	31	sega	5.257495
es	wikisource	ajar	1	24	ajar	pt	wikisource	raja	1	12	raja	5.783825
es	wikisource	al éter	2	25	aleter	pt	wikisource	retê la	2	11	retela	5.743003
es	wikisource	alanís	1	5	alanis	pt	wikisource	sinal a	2	31	sinala	5.257495
es	wikisource	amára	1	8	amara	pt	wikisource	a rama	2	28	arama	5.56452
es	wikisource	asel	1	6	asel	pt	wikisource	lesa	1	30	lesa	5.379897
es	wikisource	e dis	2	28	edis	pt	wikisource	side	1	8	side	5.56452
es	wikisource	el ar	2	8	elar	pt	wikisource	ralé	1	28	rale	5.56452
es	wikisource	en ocio	2	20	enocio	pt	wikisource	o ícone	2	16	oicone	5.877736
es	wikisource	es mis	2	9	esmis	pt	wikisource	sim se	2	27	simse	5.63479
es	wikisource	es ramo	2	11	esramo	pt	wikisource	o mar se	3	25	omarse	5.743003
es	wikisource	me se	2	28	mese	pt	wikisource	és em	2	8	esem	5.56452
es	wikisource	metal en	2	31	metalen	pt	wikisource	nela tem	2	5	nelatem	5.257495
es	wikisource	meus	1	31	meus	pt	wikisource	su em	2	5	suem	5.257495
es	wikisource	mosa	1	31	mosa	pt	wikisource	às om	2	5	asom	5.257495
es	wikisource	no bebas	2	21	nobebas	pt	wikisource	sabe bon	2	15	sabebon	5.863631
es	wikisource	nos a	2	29	nosa	pt	wikisource	à son	2	7	ason	5.480639
es	wikisource	o ama	2	15	oama	pt	wikisource	á mão	2	21	amao	5.863631
es	wikisource	olor o	2	9	oloro	pt	wikisource	o rolo	2	27	orolo	5.63479
es	wikisource	orto	1	29	orto	pt	wikisource	otro	1	7	otro	5.480639
es	wikisource	oído o	2	23	oidoo	pt	wikisource	o odio	2	13	oodio	5.817111
es	wikisource	raro a	2	9	raroa	pt	wikisource	a orar	2	27	aorar	5.63479
es	wikisource	revo	1	7	revo	pt	wikisource	over	1	29	over	5.480639
es	wikisource	si ama	2	14	siama	pt	wikisource	á mais	2	22	amais	5.843544
es	wikisource	son á	2	30	sona	pt	wikisource	à nós	2	6	anos	5.379897
es	wikisource	uanan	1	6	uanan	pt	wikisource	na nau	2	30	nanau	5.379897
es	wikisource	viuo	1	31	viuo	pt	wikisource	ou iv	2	5	ouiv	5.257495
es	wikisource	él esa	2	23	elesa	pt	wikisource	as ele	2	13	asele	5.817111
es	wikisource	ñato	1	29	nato	pt	wikisource	otan	1	7	otan	5.480639
es	wikisource	śiva	1	5	siva	pt	wikisource	à vis	2	31	avis	5.257495
es	wikisource	a dot	2	20	adot	pt	wikisource	tod a	2	15	toda	5.817111
es	wikisource	a la mina	3	20	alamina	pt	wikisource	animal a	2	15	animala	5.817111
es	wikisource	a la red	3	29	alared	pt	wikisource	de rala	2	6	derala	5.347108
es	wikisource	a ned	2	29	aned	pt	wikisource	dê na	2	6	dena	5.347108
es	wikisource	a ésa	2	30	aesa	pt	wikisource	a seá	2	5	asea	5.225747
es	wikisource	acá le	2	27	acale	pt	wikisource	ela cá	2	8	elaca	5.529429
es	wikisource	ací es	2	5	acies	pt	wikisource	sei cá	2	30	seica	5.225747
es	wikisource	alá le	2	8	alale	pt	wikisource	ela lá	2	27	elala	5.529429
es	wikisource	ama su	2	27	amasu	pt	wikisource	usam a	2	8	usama	5.529429
es	wikisource	ame la	2	15	amela	pt	wikisource	além a	2	20	alema	5.817111
es	wikisource	amis	1	27	amis	pt	wikisource	sim à	2	8	sima	5.529429
es	wikisource	amés	1	20	ames	pt	wikisource	sema	1	15	sema	5.817111
es	wikisource	asopo	1	24	asopo	pt	wikisource	opôs a	2	11	oposa	5.703782
es	wikisource	ata de	2	5	atade	pt	wikisource	e data	2	30	edata	5.225747
es	wikisource	aula de	2	21	aulade	pt	wikisource	e da lua	3	14	edalua	5.799093
es	wikisource	avión a	2	6	aviona	pt	wikisource	à noiva	2	29	anoiva	5.347108
es	wikisource	años e	2	24	anose	pt	wikisource	e só na	3	11	esona	5.703782
es	wikisource	la sor	2	15	lasor	pt	wikisource	rosal	1	20	rosal	5.817111
es	wikisource	me ría	2	21	meria	pt	wikisource	a irem	2	14	airem	5.799093
es	wikisource	merese	1	6	merese	pt	wikisource	e serem	2	29	eserem	5.347108
es	wikisource	mimar	1	24	mimar	pt	wikisource	ra mim	2	11	ramim	5.703782
es	wikisource	nepo	1	26	nepo	pt	wikisource	open	1	9	open	5.598422
es	wikisource	neve	1	24	neve	pt	wikisource	e ven	2	11	even	5.703782
es	wikisource	o vive	2	12	ovive	pt	wikisource	é vivo	2	23	evivo	5.743003
es	wikisource	ratona	1	5	ratona	pt	wikisource	a notar	2	30	anotar	5.225747
es	wikisource	sabas a	2	6	sabasa	pt	wikisource	as abas	2	29	asabas	5.347108
es	wikisource	same	1	24	same	pt	wikisource	emas	1	11	emas	5.703782
es	wikisource	serà	1	23	sera	pt	wikisource	a rês	2	12	ares	5.743003
es	wikisource	severo a	2	14	severoa	pt	wikisource	ao revés	2	21	aoreves	5.799093
es	wikisource	sol a su	3	19	solasu	pt	wikisource	usá los	2	16	usalos	5.828946
es	wikisource	sometes	1	10	sometes	pt	wikisource	se temos	2	25	setemos	5.655992
es	wikisource	son á	2	30	sona	pt	wikisource	años	1	5	anos	5.225747
es	wikisource	á ira	2	30	aira	pt	wikisource	aria	1	5	aria	5.225747
es	wikisource	ésas se	2	5	esasse	pt	wikisource	essas e	2	30	essase	5.225747
es	wikisource	ó será	2	8	osera	pt	wikisource	ares o	2	27	areso	5.529429
es	wikisource	a agis	2	20	aagis	pt	wikisource	siga a	2	14	sigaa	5.752573
es	wikisource	a des	2	23	ades	pt	wikisource	sêda	1	11	seda	5.66296
es	wikisource	a dir	2	29	adir	pt	wikisource	ri da	2	5	rida	5.192957
es	wikisource	a ese le	3	8	aesele	pt	wikisource	eles e a	3	26	elesea	5.493061
es	wikisource	a meses	2	25	ameses	pt	wikisource	se sem a	3	9	sesema	5.560682
es	wikisource	a remo	2	27	aremo	pt	wikisource	om era	2	7	omera	5.411646
es	wikisource	a ser a	3	21	asera	pt	wikisource	ares a	2	13	aresa	5.7301
es	wikisource	aren	1	29	aren	pt	wikisource	nera	1	5	nera	5.192957
es	wikisource	atan a	2	17	atana	pt	wikisource	a nata	2	17	anata	5.780744
es	wikisource	avié	1	27	avie	pt	wikisource	e iv a	3	7	eiva	5.411646
es	wikisource	año á	2	26	anoa	pt	wikisource	ão na	2	8	aona	5.493061
es	wikisource	iter	1	26	iter	pt	wikisource	reti	1	8	reti	5.493061
es	wikisource	ligó	1	28	ligo	pt	wikisource	o gil	2	6	ogil	5.313206
es	wikisource	lles	1	6	lles	pt	wikisource	se ll	2	28	sell	5.313206
es	wikisource	mal e	2	24	male	pt	wikisource	elam	1	10	elam	5.616771
es	wikisource	mal ó	2	11	malo	pt	wikisource	olam	1	23	olam	5.66296
es	wikisource	me retó	2	6	mereto	pt	wikisource	o terem	2	28	oterem	5.313206
es	wikisource	metá	1	29	meta	pt	wikisource	atem	1	5	atem	5.192957
es	wikisource	metá	1	29	meta	pt	wikisource	atém	1	5	atem	5.192957
es	wikisource	mocho	1	24	mocho	pt	wikisource	oh com	2	10	ohcom	5.616771
es	wikisource	muñó	1	9	muno	pt	wikisource	o num	2	25	onum	5.560682
es	wikisource	neal	1	28	neal	pt	wikisource	la en	2	6	laen	5.313206
es	wikisource	o corto	2	7	ocorto	pt	wikisource	o troco	2	27	otroco	5.411646
es	wikisource	o día	2	7	odia	pt	wikisource	ai do	2	27	aido	5.411646
es	wikisource	odrá	1	7	odra	pt	wikisource	ardo	1	27	ardo	5.411646
es	wikisource	retal	1	15	retal	pt	wikisource	lá ter	2	19	later	5.768321
es	wikisource	salamá	1	27	salama	pt	wikisource	amá las	2	7	amalas	5.411646
es	wikisource	salas a	2	13	salasa	pt	wikisource	a salas	2	21	asalas	5.7301
es	wikisource	salim	1	28	salim	pt	wikisource	mil as	2	6	milas	5.313206
es	wikisource	same	1	24	same	pt	wikisource	e mas	2	10	emas	5.616771
es	wikisource	ser pa	2	11	serpa	pt	wikisource	apres	1	23	apres	5.66296
es	wikisource	serones	1	29	serones	pt	wikisource	señores	1	5	senores	5.192957
es	wikisource	sono	1	29	sono	pt	wikisource	o nós	2	5	onos	5.192957
es	wikisource	soñaré	1	10	sonare	pt	wikisource	era nos	2	24	eranos	5.616771
es	wikisource	a cirila	2	7	acirila	pt	wikisource	a lírica	2	26	alirica	5.375278
es	wikisource	a jacob	2	27	ajacob	pt	wikisource	boca já	2	6	bocaja	5.278115
es	wikisource	aceta	1	6	aceta	pt	wikisource	até cá	2	27	ateca	5.278115
es	wikisource	acortan	1	22	acortan	pt	wikisource	na troca	2	11	natroca	5.620401
es	wikisource	ah los	2	26	ahlos	pt	wikisource	sol há	2	7	solha	5.375278
es	wikisource	ama á	2	20	amaa	pt	wikisource	à ama	2	13	aama	5.68358
es	wikisource	amó con	2	24	amocon	pt	wikisource	no com a	3	9	nocoma	5.521461
es	wikisource	as et	2	10	aset	pt	wikisource	tesa	1	23	tesa	5.575949
es	wikisource	asan	1	9	asan	pt	wikisource	na sa	2	24	nasa	5.521461
es	wikisource	asi la	2	24	asila	pt	wikisource	alisa	1	9	alisa	5.521461
es	wikisource	atarte	1	9	atarte	pt	wikisource	e trata	2	24	etrata	5.521461
es	wikisource	año nos	2	27	anonos	pt	wikisource	sono na	2	6	sonona	5.278115
es	wikisource	eres o	2	13	ereso	pt	wikisource	o ser e	3	20	osere	5.68358
es	wikisource	esaías	1	19	esaias	pt	wikisource	saias e	2	14	saiase	5.703782
es	wikisource	esaú que	2	12	esauque	pt	wikisource	eu quase	2	21	euquase	5.655992
es	wikisource	esos a	2	20	esosa	pt	wikisource	a sós e	3	13	asose	5.68358
es	wikisource	mine	1	5	mine	pt	wikisource	enim	1	28	enim	5.159055
es	wikisource	muer	1	25	muer	pt	wikisource	reum	1	8	reum	5.455321
es	wikisource	nevar	1	25	nevar	pt	wikisource	raven	1	8	raven	5.455321
es	wikisource	otomí	1	16	otomi	pt	wikisource	imoto	1	17	imoto	5.723585
es	wikisource	proco	1	19	proco	pt	wikisource	o corp	2	14	ocorp	5.703782
es	wikisource	ría es	2	6	riaes	pt	wikisource	se a ir	3	27	seair	5.278115
es	wikisource	sallum	1	28	sallum	pt	wikisource	mullas	1	5	mullas	5.159055
es	wikisource	satén	1	26	saten	pt	wikisource	netas	1	7	netas	5.375278
es	wikisource	saut	1	6	saut	pt	wikisource	tu as	2	27	tuas	5.278115
es	wikisource	seos	1	7	seos	pt	wikisource	soes	1	26	soes	5.375278
es	wikisource	serpa	1	10	serpa	pt	wikisource	apres	1	23	apres	5.575949
es	wikisource	á dias	2	5	adias	pt	wikisource	saí da	2	28	saida	5.159055
es	wikisource	á joas	2	8	ajoas	pt	wikisource	são já	2	25	saoja	5.455321
es	wikisource	áura	1	26	aura	pt	wikisource	á rua	2	7	arua	5.375278
es	wikisource	ó doce	2	15	odoce	pt	wikisource	eco do	2	18	ecodo	5.717028
es	wikisource	a dares	2	7	adares	pt	wikisource	será da	2	25	serada	5.337538
es	wikisource	a mí le	3	23	amile	pt	wikisource	e lima	2	9	elima	5.480639
es	wikisource	a sal	2	8	asal	pt	wikisource	las à	2	24	lasa	5.4161
es	wikisource	a tala	2	10	atala	pt	wikisource	a lata	2	22	alata	5.533389
es	wikisource	a ése le	3	6	aesele	pt	wikisource	eles e a	3	26	elesea	5.241747
es	wikisource	acota	1	17	acota	pt	wikisource	a toca	2	15	atoca	5.66296
es	wikisource	al són	2	19	alson	pt	wikisource	nós lá	2	13	nosla	5.63479
es	wikisource	amad a	2	13	amada	pt	wikisource	à dama	2	19	adama	5.63479
es	wikisource	amri	1	24	amri	pt	wikisource	irma	1	8	irma	5.4161
es	wikisource	araos	1	24	araos	pt	wikisource	soará	1	8	soara	5.4161
es	wikisource	atrapa	1	26	atrapa	pt	wikisource	apartá	1	6	aparta	5.241747
es	wikisource	aued	1	27	aued	pt	wikisource	deu á	2	5	deua	5.123964
es	wikisource	dezid	1	8	dezid	pt	wikisource	dized	1	24	dized	5.4161
es	wikisource	e son	2	27	eson	pt	wikisource	no sé	2	5	nose	5.123964
es	wikisource	eh eh	2	25	eheh	pt	wikisource	he he	2	7	hehe	5.337538
es	wikisource	elea	1	25	elea	pt	wikisource	a el e	3	7	aele	5.337538
es	wikisource	enoc	1	16	enoc	pt	wikisource	cone	1	16	cone	5.666427
es	wikisource	era los	2	23	eralos	pt	wikisource	solar e	2	9	solare	5.480639
es	wikisource	habra	1	23	habra	pt	wikisource	arbah	1	9	arbah	5.480639
es	wikisource	me via	2	5	mevia	pt	wikisource	aí vêm	2	27	aivem	5.123964
es	wikisource	mes á	2	20	mesa	pt	wikisource	á sem	2	12	asem	5.609472
es	wikisource	nobel	1	27	nobel	pt	wikisource	lebon	1	5	lebon	5.123964
es	wikisource	noel	1	26	noel	pt	wikisource	léon	1	6	leon	5.241747
es	wikisource	o días	2	25	odias	pt	wikisource	saido	1	7	saido	5.337538
es	wikisource	o mal a	3	8	omala	pt	wikisource	álamo	1	24	alamo	5.4161
es	wikisource	o sol	2	10	osol	pt	wikisource	lo só	2	22	loso	5.533389
es	wikisource	odies	1	5	odies	pt	wikisource	sei do	2	27	seido	5.123964
es	wikisource	os era	2	5	osera	pt	wikisource	ares o	2	27	areso	5.123964
es	wikisource	rire	1	8	rire	pt	wikisource	e rir	2	24	erir	5.4161
es	wikisource	salar	1	23	salar	pt	wikisource	ralas	1	9	ralas	5.480639
es	wikisource	sarita	1	23	sarita	pt	wikisource	atiras	1	9	atiras	5.480639
es	wikisource	si sí	2	9	sisi	pt	wikisource	ísis	1	23	isis	5.480639
es	wikisource	sion	1	27	sion	pt	wikisource	nóis	1	5	nois	5.123964
es	wikisource	sol á	2	18	sola	pt	wikisource	a los	2	14	alos	5.652489
es	wikisource	solon	1	10	solon	pt	wikisource	no los	2	22	nolos	5.533389
es	wikisource	vase a	2	26	vasea	pt	wikisource	a esav	2	6	aesav	5.241747
es	wikisource	ya y a	3	8	yaya	pt	wikisource	ay ay	2	24	ayay	5.4161
es	wikisource	él es a	3	19	elesa	pt	wikisource	as ele	2	13	asele	5.63479
es	wikisource	a esse	2	12	aesse	pt	wikisource	esse a	2	19	essea	5.560682
es	wikisource	a lina	2	19	alina	pt	wikisource	anil a	2	12	anila	5.560682
es	wikisource	a sí la	3	22	asila	pt	wikisource	alisa	1	9	alisa	5.438079
es	wikisource	abatan	1	8	abatan	pt	wikisource	na taba	2	23	nataba	5.375278
es	wikisource	ades	1	20	ades	pt	wikisource	sêda	1	11	seda	5.529429
es	wikisource	ah ese	2	5	ahese	pt	wikisource	e se há	3	26	eseha	5.087596
es	wikisource	alabé	1	21	alabe	pt	wikisource	e bala	2	10	ebala	5.488938
es	wikisource	amar á	2	23	amara	pt	wikisource	a ramá	2	8	arama	5.375278
es	wikisource	ara se	2	12	arase	pt	wikisource	e sara	2	19	esara	5.560682
es	wikisource	arat	1	5	arat	pt	wikisource	tara	1	26	tara	5.087596
es	wikisource	avala	1	7	avala	pt	wikisource	a lava	2	24	alava	5.298317
es	wikisource	e ser	2	25	eser	pt	wikisource	res e	2	6	rese	5.204007
es	wikisource	e ser	2	25	eser	pt	wikisource	rês e	2	6	rese	5.204007
es	wikisource	e suo	2	7	esuo	pt	wikisource	ouse	1	24	ouse	5.298317
es	wikisource	el er	2	22	eler	pt	wikisource	relé	1	9	rele	5.438079
es	wikisource	elam	1	25	elam	pt	wikisource	male	1	6	male	5.204007
es	wikisource	emula	1	10	emula	pt	wikisource	a lume	2	21	alume	5.488938
es	wikisource	es sol	2	15	essol	pt	wikisource	los se	2	16	losse	5.605802
es	wikisource	es á la	3	21	esala	pt	wikisource	alas e	2	10	alase	5.488938
es	wikisource	la temo	2	17	latemo	pt	wikisource	ome tal	2	14	ometal	5.598422
es	wikisource	liada	1	26	liada	pt	wikisource	adail	1	5	adail	5.087596
es	wikisource	mean	1	6	mean	pt	wikisource	na em	2	25	naem	5.204007
es	wikisource	metí la	2	15	metila	pt	wikisource	ali tem	2	16	alitem	5.605802
es	wikisource	no mis	2	26	nomis	pt	wikisource	simón	1	5	simon	5.087596
es	wikisource	o red	2	11	ored	pt	wikisource	der o	2	20	dero	5.529429
es	wikisource	o si a	3	23	osia	pt	wikisource	aí só	2	8	aiso	5.375278
es	wikisource	o sol	2	10	osol	pt	wikisource	los o	2	21	loso	5.488938
es	wikisource	olesa	1	7	olesa	pt	wikisource	a sê lo	3	24	aselo	5.298317
es	wikisource	olorón	1	26	oloron	pt	wikisource	no rolo	2	5	norolo	5.087596
es	wikisource	omen	1	22	omen	pt	wikisource	nemo	1	9	nemo	5.438079
es	wikisource	osaré	1	26	osare	pt	wikisource	e raso	2	5	eraso	5.087596
es	wikisource	otra fe	2	17	otrafe	pt	wikisource	e farto	2	14	efarto	5.598422
es	wikisource	otra pues	2	22	otrapues	pt	wikisource	seu parto	2	9	seuparto	5.438079
es	wikisource	otro te	2	24	otrote	pt	wikisource	é torto	2	7	etorto	5.298317
es	wikisource	ramo es	2	9	ramoes	pt	wikisource	se o mar	3	22	seomar	5.438079
es	wikisource	ramón es	2	10	ramones	pt	wikisource	se no mar	3	21	senomar	5.488938
es	wikisource	revelé	1	18	revele	pt	wikisource	ele ver	2	13	elever	5.583496
es	wikisource	roma á	2	16	romaa	pt	wikisource	a amor	2	15	aamor	5.605802
es	wikisource	sage	1	5	sage	pt	wikisource	egas	1	26	egas	5.087596
es	wikisource	sait	1	7	sait	pt	wikisource	tias	1	24	tias	5.298317
es	wikisource	salam	1	10	salam	pt	wikisource	mal as	2	21	malas	5.488938
es	wikisource	se ma	2	6	sema	pt	wikisource	ames	1	25	ames	5.204007
es	wikisource	sed el	2	26	sedel	pt	wikisource	ledes	1	5	ledes	5.087596
es	wikisource	seto de	2	22	setode	pt	wikisource	e dotes	2	9	edotes	5.438079
es	wikisource	si amores	2	5	siamores	pt	wikisource	ser o mais	3	26	seromais	5.087596
es	wikisource	xi el	2	17	xiel	pt	wikisource	leix	1	14	leix	5.598422
es	wikisource	zarpe	1	22	zarpe	pt	wikisource	e praz	2	9	epraz	5.438079
es	wikisource	a dafne	2	7	adafne	pt	wikisource	enfada	1	23	enfada	5.257495
es	wikisource	a dar es	3	5	adares	pt	wikisource	será da	2	25	serada	5.049856
es	wikisource	a no ir	3	11	anoir	pt	wikisource	rio na	2	19	riona	5.480639
es	wikisource	a si la	3	21	asila	pt	wikisource	alisa	1	9	alisa	5.393628
es	wikisource	a sin	2	20	asin	pt	wikisource	nisa	1	10	nisa	5.442418
es	wikisource	ac es	2	10	aces	pt	wikisource	se cá	2	20	seca	5.442418
es	wikisource	acies	1	8	acies	pt	wikisource	sei ca	2	22	seica	5.332719
es	wikisource	alio	1	18	alio	pt	wikisource	oila	1	12	oila	5.509388
es	wikisource	alsó	1	21	also	pt	wikisource	os lá	2	9	osla	5.393628
es	wikisource	aluas	1	6	aluas	pt	wikisource	saul a	2	24	saula	5.164786
es	wikisource	amé a	2	25	amea	pt	wikisource	a ema	2	5	aema	5.049856
es	wikisource	azúl	1	10	azul	pt	wikisource	luz à	2	20	luza	5.442418
es	wikisource	e mis	2	15	emis	pt	wikisource	si me	2	15	sime	5.545177
es	wikisource	e si a	3	11	esia	pt	wikisource	ai se	2	19	aise	5.480639
es	wikisource	eh eh	2	25	eheh	pt	wikisource	heh é	2	5	hehe	5.049856
es	wikisource	emes	1	7	emes	pt	wikisource	sem e	2	23	seme	5.257495
es	wikisource	emos	1	22	emos	pt	wikisource	som é	2	8	some	5.332719
es	wikisource	enes	1	8	enes	pt	wikisource	sén e	2	22	sene	5.332719
es	wikisource	es aire	2	14	esaire	pt	wikisource	e ria se	3	16	eriase	5.541264
es	wikisource	iaçe	1	9	iace	pt	wikisource	e caí	2	21	ecai	5.393628
es	wikisource	mar ó	2	17	maro	pt	wikisource	oram	1	13	oram	5.529429
es	wikisource	mort	1	22	mort	pt	wikisource	trom	1	8	trom	5.332719
es	wikisource	o ave	2	7	oave	pt	wikisource	é vão	2	23	evao	5.257495
es	wikisource	o meses	2	14	omeses	pt	wikisource	se sem o	3	16	sesemo	5.541264
es	wikisource	o salen	2	13	osalen	pt	wikisource	nelas o	2	17	nelaso	5.529429
es	wikisource	odias	1	23	odias	pt	wikisource	saido	1	7	saido	5.257495
es	wikisource	retó a	2	9	retoa	pt	wikisource	ao ter	2	21	aoter	5.393628
es	wikisource	salas a	2	13	salasa	pt	wikisource	as alas	2	17	asalas	5.529429
es	wikisource	solá	1	16	sola	pt	wikisource	a los	2	14	alos	5.541264
es	wikisource	á lope	2	7	alope	pt	wikisource	e pô la	3	23	epola	5.257495
es	wikisource	ó tal	2	24	otal	pt	wikisource	lato	1	6	lato	5.164786
es	wikisource	a leda	2	5	aleda	pt	wikisource	a dela	2	24	adela	5.010635
es	wikisource	acortan	1	22	acortan	pt	wikisource	na troça	2	7	natroca	5.214936
es	wikisource	adaías	1	7	adaias	pt	wikisource	saia da	2	22	saiada	5.214936
es	wikisource	aias	1	17	aias	pt	wikisource	saí a	2	12	saia	5.455321
es	wikisource	al són	2	19	alson	pt	wikisource	nos lá	2	10	nosla	5.393628
es	wikisource	alar	1	16	alar	pt	wikisource	rá lá	2	13	rala	5.472271
es	wikisource	alora	1	7	alora	pt	wikisource	a rola	2	22	arola	5.214936
es	wikisource	alá te	2	20	alate	pt	wikisource	e tal a	3	9	etala	5.347108
es	wikisource	alá te	2	20	alate	pt	wikisource	é tal a	3	9	etala	5.347108
es	wikisource	amaos	1	22	amaos	pt	wikisource	só ama	2	7	soama	5.214936
es	wikisource	amés	1	20	ames	pt	wikisource	se ma	2	9	sema	5.347108
es	wikisource	animo de	2	19	animode	pt	wikisource	e domina	2	10	edomina	5.393628
es	wikisource	anis	1	5	anis	pt	wikisource	si na	2	24	sina	5.010635
es	wikisource	après	1	9	apres	pt	wikisource	serpa	1	20	serpa	5.347108
es	wikisource	aroman	1	14	aroman	pt	wikisource	namorá	1	15	namora	5.480639
es	wikisource	arrime	1	22	arrime	pt	wikisource	e mirra	2	7	emirra	5.214936
es	wikisource	aval a	2	5	avala	pt	wikisource	a lava	2	24	alava	5.010635
es	wikisource	avaras	1	19	avaras	pt	wikisource	sarava	1	10	sarava	5.393628
es	wikisource	duas	1	7	duas	pt	wikisource	saud	1	22	saud	5.214936
es	wikisource	el in	2	21	elin	pt	wikisource	nile	1	8	nile	5.288267
es	wikisource	es esse	2	7	esesse	pt	wikisource	esses e	2	22	essese	5.214936
es	wikisource	et no	2	19	etno	pt	wikisource	onte	1	10	onte	5.393628
es	wikisource	la co	2	23	laco	pt	wikisource	ocal	1	6	ocal	5.123964
es	wikisource	la ta	2	13	lata	pt	wikisource	à tal	2	16	atal	5.472271
es	wikisource	laus	1	23	laus	pt	wikisource	sual	1	6	sual	5.123964
es	wikisource	mamao	1	15	mamao	pt	wikisource	o amam	2	14	oamam	5.480639
es	wikisource	murias	1	7	murias	pt	wikisource	sair um	2	22	sairum	5.214936
es	wikisource	neva	1	18	neva	pt	wikisource	aven	1	11	aven	5.429346
es	wikisource	no tía	2	14	notia	pt	wikisource	aiton	1	15	aiton	5.480639
es	wikisource	o lino	2	5	olino	pt	wikisource	o nilo	2	24	onilo	5.010635
es	wikisource	odie	1	20	odie	pt	wikisource	ei do	2	9	eido	5.347108
es	wikisource	ogra	1	9	ogra	pt	wikisource	argo	1	20	argo	5.347108
es	wikisource	oro no se	3	13	oronose	pt	wikisource	e sonoro	2	16	esonoro	5.472271
es	wikisource	oír o	2	19	oiro	pt	wikisource	ó rio	2	10	orio	5.393628
es	wikisource	rohan	1	14	rohan	pt	wikisource	nahor	1	15	nahor	5.480639
es	wikisource	saude	1	6	saude	pt	wikisource	é duas	2	23	eduas	5.123964
es	wikisource	saue	1	15	saue	pt	wikisource	eu às	2	14	euas	5.480639
es	wikisource	sol les	2	18	solles	pt	wikisource	sellos	1	11	sellos	5.429346
es	wikisource	somos o	2	17	somoso	pt	wikisource	o somos	2	12	osomos	5.455321
es	wikisource	sona	1	9	sona	pt	wikisource	ãnos	1	20	anos	5.347108
es	wikisource	sosis	1	8	sosis	pt	wikisource	si sós	2	21	sisos	5.288267
es	wikisource	sèvres	1	22	sevres	pt	wikisource	serves	1	7	serves	5.214936
es	wikisource	sérias	1	6	serias	pt	wikisource	saíres	1	23	saires	5.123964
es	wikisource	sí eh	2	23	sieh	pt	wikisource	he is	2	6	heis	5.123964
es	wikisource	uomo	1	7	uomo	pt	wikisource	om ou	2	22	omou	5.214936
es	wikisource	varo	1	23	varo	pt	wikisource	o rav	2	6	orav	5.123964
es	wikisource	á modo	2	24	amodo	pt	wikisource	o doma	2	5	odoma	5.010635
es	wikisource	ñata	1	8	nata	pt	wikisource	atán	1	21	atan	5.288267
es	wikisource	a dora	2	17	adora	pt	wikisource	á roda	2	11	aroda	5.375278
es	wikisource	a jet	2	6	ajet	pt	wikisource	te já	2	22	teja	5.081404
es	wikisource	acer	1	21	acer	pt	wikisource	reça	1	7	reca	5.170484
es	wikisource	aera	1	11	aera	pt	wikisource	area	1	17	area	5.375278
es	wikisource	aire va	2	7	aireva	pt	wikisource	averia	1	21	averia	5.170484
es	wikisource	ajo la	2	6	ajola	pt	wikisource	à loja	2	22	aloja	5.081404
es	wikisource	amar me	2	9	amarme	pt	wikisource	em ramá	2	19	emrama	5.298317
es	wikisource	amé la	2	8	amela	pt	wikisource	além a	2	20	alema	5.241747
es	wikisource	anima la	2	23	animala	pt	wikisource	a lamina	2	5	alamina	4.969813
es	wikisource	apoca	1	19	apoca	pt	wikisource	à copa	2	9	acopa	5.298317
es	wikisource	arrimé	1	21	arrime	pt	wikisource	e mirra	2	7	emirra	5.170484
es	wikisource	ata la	2	6	atala	pt	wikisource	a lata	2	22	alata	5.081404
es	wikisource	aura no	2	23	aurano	pt	wikisource	o na rua	3	5	onarua	4.969813
es	wikisource	e sacar	2	5	esacar	pt	wikisource	raças e	2	23	racase	4.969813
es	wikisource	el anís	2	15	elanis	pt	wikisource	sinal é	2	13	sinale	5.411646
es	wikisource	eles	1	10	eles	pt	wikisource	se le	2	18	sele	5.342334
es	wikisource	es si el	3	12	essiel	pt	wikisource	leis se	2	16	leisse	5.398163
es	wikisource	eso da	2	13	esoda	pt	wikisource	a dose	2	15	adose	5.411646
es	wikisource	et sus	2	19	etsus	pt	wikisource	sustê	1	9	suste	5.298317
es	wikisource	iesu	1	6	iesu	pt	wikisource	usei	1	22	usei	5.081404
es	wikisource	iura	1	20	iura	pt	wikisource	a rui	2	8	arui	5.241747
es	wikisource	lee de	2	18	leede	pt	wikisource	e de el	3	10	edeel	5.342334
es	wikisource	maló	1	5	malo	pt	wikisource	olam	1	23	olam	4.969813
es	wikisource	mes era	2	17	mesera	pt	wikisource	ares em	2	11	aresem	5.375278
es	wikisource	neale	1	20	neale	pt	wikisource	ela en	2	8	elaen	5.241747
es	wikisource	neva	1	18	neva	pt	wikisource	áven	1	10	aven	5.342334
es	wikisource	nimes	1	23	nimes	pt	wikisource	se min	2	5	semin	4.969813
es	wikisource	o a más	3	20	oamas	pt	wikisource	sa mão	2	8	samao	5.241747
es	wikisource	o esos	2	20	oesos	pt	wikisource	só se o	3	8	soseo	5.241747
es	wikisource	oh oh oh	3	20	ohohoh	pt	wikisource	ho ho ho	3	8	hohoho	5.241747
es	wikisource	olim	1	21	olim	pt	wikisource	miló	1	7	milo	5.170484
es	wikisource	onán	1	13	onan	pt	wikisource	na no	2	15	nano	5.411646
es	wikisource	oír a las	3	14	oiralas	pt	wikisource	salario	1	14	salario	5.4161
es	wikisource	ro de	2	17	rode	pt	wikisource	é dor	2	11	edor	5.375278
es	wikisource	se llene	2	21	sellene	pt	wikisource	e nelles	2	7	enelles	5.170484
es	wikisource	si a mis	3	8	siamis	pt	wikisource	si mais	2	20	simais	5.241747
es	wikisource	sí ned	2	5	sined	pt	wikisource	denis	1	23	denis	4.969813
es	wikisource	traé	1	10	trae	pt	wikisource	e art	2	18	eart	5.342334
es	wikisource	uana	1	15	uana	pt	wikisource	à nau	2	13	anau	5.411646
es	wikisource	á ira á	3	9	airaa	pt	wikisource	a ária	2	19	aaria	5.298317
es	wikisource	átala	1	6	atala	pt	wikisource	a lata	2	22	alata	5.081404
es	wikisource	a ido	2	18	aido	pt	wikisource	o día	2	9	odia	5.247024
es	wikisource	a la mina	3	20	alamina	pt	wikisource	animá la	2	7	animala	5.123964
es	wikisource	a no se	3	16	anose	pt	wikisource	e só na	3	11	esona	5.31812
es	wikisource	a res	2	9	ares	pt	wikisource	ser à	2	18	sera	5.247024
es	wikisource	a sí le	3	8	asile	pt	wikisource	e lisa	2	19	elisa	5.192957
es	wikisource	a usar el	3	16	ausarel	pt	wikisource	ler a sua	3	11	lerasua	5.31812
es	wikisource	abas	1	12	abas	pt	wikisource	sab a	2	15	saba	5.337538
es	wikisource	abata	1	14	abata	pt	wikisource	à taba	2	13	ataba	5.347108
es	wikisource	ací es	2	5	acies	pt	wikisource	sei ca	2	22	seica	4.927254
es	wikisource	ados	1	11	ados	pt	wikisource	só dá	2	16	soda	5.31812
es	wikisource	agni	1	18	agni	pt	wikisource	ingá	1	9	inga	5.247024
es	wikisource	ah le	2	8	ahle	pt	wikisource	e lha	2	19	elha	5.192957
es	wikisource	al os	2	5	alos	pt	wikisource	sol à	2	22	sola	4.927254
es	wikisource	alea	1	14	alea	pt	wikisource	à ela	2	13	aela	5.347108
es	wikisource	aliña	1	15	alina	pt	wikisource	anil a	2	12	anila	5.337538
es	wikisource	also	1	18	also	pt	wikisource	os lá	2	9	osla	5.247024
es	wikisource	anac	1	8	anac	pt	wikisource	caná	1	19	cana	5.192957
es	wikisource	areal	1	5	areal	pt	wikisource	lá era	2	22	laera	4.927254
es	wikisource	arepa	1	6	arepa	pt	wikisource	a pêra	2	21	apera	5.036953
es	wikisource	arita	1	5	arita	pt	wikisource	a tira	2	22	atira	4.927254
es	wikisource	asús	1	7	asus	pt	wikisource	susã	1	20	susa	5.123964
es	wikisource	ave a	2	16	avea	pt	wikisource	a eva	2	11	aeva	5.31812
es	wikisource	aída	1	19	aida	pt	wikisource	adia	1	8	adia	5.192957
es	wikisource	dico	1	21	dico	pt	wikisource	o cid	2	6	ocid	5.036953
es	wikisource	e seis	2	16	eseis	pt	wikisource	si e se	3	11	siese	5.31812
es	wikisource	e ver	2	5	ever	pt	wikisource	revê	1	22	reve	4.927254
es	wikisource	el as	2	21	elas	pt	wikisource	sal é	2	6	sale	5.036953
es	wikisource	el ed	2	5	eled	pt	wikisource	dêle	1	22	dele	4.927254
es	wikisource	elina	1	9	elina	pt	wikisource	anil e	2	18	anile	5.247024
es	wikisource	esa le	2	6	esale	pt	wikisource	elas é	2	21	elase	5.036953
es	wikisource	ieres	1	19	ieres	pt	wikisource	se rei	2	8	serei	5.192957
es	wikisource	latae	1	6	latae	pt	wikisource	e a tal	3	21	eatal	5.036953
es	wikisource	mala fé	2	9	malafe	pt	wikisource	e falam	2	18	efalam	5.247024
es	wikisource	mesié	1	5	mesie	pt	wikisource	eis em	2	22	eisem	4.927254
es	wikisource	messa	1	8	messa	pt	wikisource	as sem	2	19	assem	5.192957
es	wikisource	mi paco	2	12	mipaco	pt	wikisource	o capim	2	15	ocapim	5.337538
es	wikisource	misiá	1	21	misia	pt	wikisource	aí sim	2	6	aisim	5.036953
es	wikisource	nera	1	22	nera	pt	wikisource	a ren	2	5	aren	4.927254
es	wikisource	nin el	2	21	ninel	pt	wikisource	lenin	1	6	lenin	5.036953
es	wikisource	no ned	2	6	noned	pt	wikisource	de non	2	21	denon	5.036953
es	wikisource	o como es	3	7	ocomoes	pt	wikisource	se o moço	3	20	seomoco	5.123964
es	wikisource	o diga	2	6	odiga	pt	wikisource	agido	1	21	agido	5.036953
es	wikisource	o más o	3	20	omaso	pt	wikisource	os amo	2	7	osamo	5.123964
es	wikisource	o ramo	2	12	oramo	pt	wikisource	o mar o	3	15	omaro	5.337538
es	wikisource	oirme	1	7	oirme	pt	wikisource	em rio	2	20	emrio	5.123964
es	wikisource	oír me	2	7	oirme	pt	wikisource	em rio	2	20	emrio	5.123964
es	wikisource	rama o	2	7	ramao	pt	wikisource	o amar	2	20	oamar	5.123964
es	wikisource	repares	1	15	repares	pt	wikisource	será per	2	12	seraper	5.337538
es	wikisource	sal el	2	13	salel	pt	wikisource	lê las	2	14	lelas	5.347108
es	wikisource	sanan	1	21	sanan	pt	wikisource	nanas	1	6	nanas	5.036953
es	wikisource	sanaré	1	15	sanare	pt	wikisource	era nas	2	12	eranas	5.337538
es	wikisource	saona	1	21	saona	pt	wikisource	ano às	2	6	anoas	5.036953
es	wikisource	se ven a	3	22	sevena	pt	wikisource	a neves	2	5	aneves	4.927254
es	wikisource	si sí	2	9	sisi	pt	wikisource	isis	1	18	isis	5.247024
es	wikisource	sí ama	2	5	siama	pt	wikisource	á mais	2	22	amais	4.927254
es	wikisource	álos	1	5	alos	pt	wikisource	sol à	2	22	sola	4.927254
es	wikisource	átame	1	5	atame	pt	wikisource	e matá	2	22	emata	4.927254
es	wikisource	a aura	2	17	aaura	pt	wikisource	a rua a	3	9	aruaa	5.192957
es	wikisource	a bebé	2	6	abebe	pt	wikisource	e beba	2	20	ebeba	4.990433
es	wikisource	a mes	2	11	ames	pt	wikisource	sema	1	15	sema	5.257495
es	wikisource	a noé	2	21	anoe	pt	wikisource	e onã	2	5	eona	4.882802
es	wikisource	a paca	2	20	apaca	pt	wikisource	à capa	2	6	acapa	4.990433
es	wikisource	a ulo	2	5	aulo	pt	wikisource	ó lua	2	21	olua	4.882802
es	wikisource	adán a	2	17	adana	pt	wikisource	ana da	2	9	anada	5.192957
es	wikisource	ah al	2	5	ahal	pt	wikisource	lá há	2	21	laha	4.882802
es	wikisource	alas á	2	6	alasa	pt	wikisource	á sala	2	20	asala	4.990433
es	wikisource	amad á	2	7	amada	pt	wikisource	à dama	2	19	adama	5.075174
es	wikisource	aorta	1	6	aorta	pt	wikisource	atroa	1	20	atroa	4.990433
es	wikisource	apar	1	7	apar	pt	wikisource	rapa	1	19	rapa	5.075174
es	wikisource	as a an	3	5	asaan	pt	wikisource	na asa	2	21	naasa	4.882802
es	wikisource	asarta	1	8	asarta	pt	wikisource	atrás a	2	18	atrasa	5.141664
es	wikisource	assí de	2	16	asside	pt	wikisource	e diss a	3	10	edissa	5.231109
es	wikisource	atada de	2	20	atadade	pt	wikisource	e da data	3	6	edadata	4.990433
es	wikisource	avalar	1	17	avalar	pt	wikisource	ralava	1	9	ralava	5.192957
es	wikisource	avis	1	19	avis	pt	wikisource	siva	1	7	siva	5.075174
es	wikisource	do yo	2	5	doyo	pt	wikisource	o yod	2	21	oyod	4.882802
es	wikisource	edem	1	13	edem	pt	wikisource	me dé	2	13	mede	5.278115
es	wikisource	ene de	2	7	enede	pt	wikisource	éden e	2	19	edene	5.075174
es	wikisource	eres ni	2	12	eresni	pt	wikisource	insere	1	14	insere	5.273
es	wikisource	es mamá	2	7	esmama	pt	wikisource	amam se	2	19	amamse	5.075174
es	wikisource	es oír	2	20	esoir	pt	wikisource	rios é	2	6	riose	4.990433
es	wikisource	es son	2	6	esson	pt	wikisource	nos se	2	20	nosse	4.990433
es	wikisource	esa red	2	10	esared	pt	wikisource	dera se	2	16	derase	5.231109
es	wikisource	et só	2	6	etso	pt	wikisource	oste	1	20	oste	4.990433
es	wikisource	iii o	2	21	iiio	pt	wikisource	o iii	2	5	oiii	4.882802
es	wikisource	la mare	2	8	lamare	pt	wikisource	era mal	2	18	eramal	5.141664
es	wikisource	la me	2	11	lame	pt	wikisource	em al	2	15	emal	5.257495
es	wikisource	la tres	2	9	latres	pt	wikisource	ser tal	2	17	sertal	5.192957
es	wikisource	leira	1	5	leira	pt	wikisource	ariel	1	21	ariel	4.882802
es	wikisource	leona me	2	6	leoname	pt	wikisource	e manoel	2	20	emanoel	4.990433
es	wikisource	ligo	1	20	ligo	pt	wikisource	o gil	2	6	ogil	4.990433
es	wikisource	limes	1	5	limes	pt	wikisource	se mil	2	21	semil	4.882802
es	wikisource	major	1	15	major	pt	wikisource	rojam	1	11	rojam	5.257495
es	wikisource	mase	1	21	mase	pt	wikisource	e sam	2	5	esam	4.882802
es	wikisource	memos	1	20	memos	pt	wikisource	som em	2	6	somem	4.990433
es	wikisource	meno	1	20	meno	pt	wikisource	o nem	2	6	onem	4.990433
es	wikisource	misiá	1	21	misia	pt	wikisource	ai sim	2	5	aisim	4.882802
es	wikisource	neos	1	21	neos	pt	wikisource	soen	1	5	soen	4.882802
es	wikisource	no malas	2	11	nomalas	pt	wikisource	salamon	1	15	salamon	5.257495
es	wikisource	norias	1	21	norias	pt	wikisource	sairon	1	5	sairon	4.882802
es	wikisource	o se va	3	14	oseva	pt	wikisource	aves o	2	12	aveso	5.273
es	wikisource	o tropa	2	6	otropa	pt	wikisource	a porto	2	20	aporto	4.990433
es	wikisource	ramo a	2	21	ramoa	pt	wikisource	a o mar	3	5	aomar	4.882802
es	wikisource	remó	1	11	remo	pt	wikisource	omer	1	15	omer	5.257495
es	wikisource	reseda	1	9	reseda	pt	wikisource	a de ser	3	17	adeser	5.192957
es	wikisource	reso	1	16	reso	pt	wikisource	o sêr	2	10	oser	5.231109
es	wikisource	roan	1	5	roan	pt	wikisource	naor	1	21	naor	4.882802
es	wikisource	río me	2	10	riome	pt	wikisource	e moir	2	16	emoir	5.231109
es	wikisource	sait	1	7	sait	pt	wikisource	ti as	2	19	tias	5.075174
es	wikisource	samson	1	5	samson	pt	wikisource	nós mas	2	21	nosmas	4.882802
es	wikisource	sanson	1	21	sanson	pt	wikisource	nós nas	2	5	nosnas	4.882802
es	wikisource	seah	1	7	seah	pt	wikisource	há és	2	19	haes	5.075174
es	wikisource	sema	1	13	sema	pt	wikisource	a mês	2	13	ames	5.278115
es	wikisource	ser dos o	3	5	serdoso	pt	wikisource	os odres	2	21	osodres	4.882802
es	wikisource	si a tan	3	5	siatan	pt	wikisource	natais	1	21	natais	4.882802
es	wikisource	si obra	2	11	siobra	pt	wikisource	arbois	1	15	arbois	5.257495
es	wikisource	solos o	2	18	soloso	pt	wikisource	o sol os	3	8	osolos	5.141664
es	wikisource	sos un	2	20	sosun	pt	wikisource	nus os	2	6	nusos	4.990433
es	wikisource	sóla	1	12	sola	pt	wikisource	a los	2	14	alos	5.273
es	wikisource	á corta	2	10	acorta	pt	wikisource	a troça	2	16	atroca	5.231109
es	wikisource	á lope	2	7	alope	pt	wikisource	e pola	2	19	epola	5.075174
es	wikisource	á orar	2	15	aorar	pt	wikisource	raro a	2	11	raroa	5.257495
es	wikisource	á él le	3	19	aelle	pt	wikisource	elle á	2	7	ellea	5.075174
es	wikisource	ó no se	3	15	onose	pt	wikisource	e sono	2	11	esono	5.257495
es	wikisource	a darte la	3	13	adartela	pt	wikisource	a letra da	3	12	aletrada	5.204007
es	wikisource	a nevar	2	6	anevar	pt	wikisource	ravena	1	19	ravena	4.941642
es	wikisource	a otón	2	20	aoton	pt	wikisource	noto a	2	5	notoa	4.836282
es	wikisource	a román	2	10	aroman	pt	wikisource	namorá	1	15	namora	5.170484
es	wikisource	a será	2	12	asera	pt	wikisource	ares a	2	13	aresa	5.204007
es	wikisource	abreva	1	11	abreva	pt	wikisource	a verba	2	14	averba	5.192957
es	wikisource	agave	1	7	agave	pt	wikisource	e vaga	2	18	evaga	5.023881
es	wikisource	aires ó	2	6	aireso	pt	wikisource	o seria	2	19	oseria	4.941642
es	wikisource	al so	2	16	also	pt	wikisource	os lá	2	9	osla	5.135798
es	wikisource	anea	1	20	anea	pt	wikisource	a e na	3	5	aena	4.836282
es	wikisource	arador	1	18	arador	pt	wikisource	rodar a	2	7	rodara	5.023881
es	wikisource	arsa	1	11	arsa	pt	wikisource	à sra	2	14	asra	5.192957
es	wikisource	ase de	2	19	asede	pt	wikisource	e de sa	3	6	edesa	4.941642
es	wikisource	asi le	2	6	asile	pt	wikisource	e lisa	2	19	elisa	4.941642
es	wikisource	atan a	2	17	atana	pt	wikisource	a natã	2	8	anata	5.087596
es	wikisource	atena	1	16	atena	pt	wikisource	à neta	2	9	aneta	5.135798
es	wikisource	açora	1	6	acora	pt	wikisource	à roça	2	19	aroca	4.941642
es	wikisource	aííi	1	14	aiii	pt	wikisource	iii à	2	11	iiia	5.192957
es	wikisource	e tal	2	14	etal	pt	wikisource	late	1	11	late	5.192957
es	wikisource	edul	1	20	edul	pt	wikisource	lude	1	5	lude	4.836282
es	wikisource	era ó	2	6	erao	pt	wikisource	o ar é	3	19	oare	4.941642
es	wikisource	ese le	2	19	esele	pt	wikisource	êles e	2	6	elese	4.941642
es	wikisource	et a los	3	11	etalos	pt	wikisource	sol até	2	14	solate	5.192957
es	wikisource	et ad	2	8	etad	pt	wikisource	dá te	2	17	date	5.087596
es	wikisource	la na	2	7	lana	pt	wikisource	anal	1	18	anal	5.023881
es	wikisource	la una me	3	5	launame	pt	wikisource	e manual	2	20	emanual	4.836282
es	wikisource	marias	1	7	marias	pt	wikisource	sairam	1	18	sairam	5.023881
es	wikisource	me bajé	2	20	mebaje	pt	wikisource	e já bem	3	5	ejabem	4.836282
es	wikisource	me lavé	2	18	melave	pt	wikisource	e valem	2	7	evalem	5.023881
es	wikisource	meas	1	16	meas	pt	wikisource	sá em	2	9	saem	5.135798
es	wikisource	mes a las	3	8	mesalas	pt	wikisource	sala sem	2	17	salasem	5.087596
es	wikisource	mesón a	2	14	mesona	pt	wikisource	a nós em	3	11	anosem	5.192957
es	wikisource	metón	1	13	meton	pt	wikisource	notem	1	12	notem	5.204007
es	wikisource	milor	1	5	milor	pt	wikisource	rolim	1	20	rolim	4.836282
es	wikisource	mudare	1	13	mudare	pt	wikisource	era dum	2	12	eradum	5.204007
es	wikisource	mí ya me	3	14	miyame	pt	wikisource	e mayim	2	11	emayim	5.192957
es	wikisource	napo	1	20	napo	pt	wikisource	o pan	2	5	opan	4.836282
es	wikisource	nobo	1	12	nobo	pt	wikisource	o bon	2	13	obon	5.204007
es	wikisource	o al uso	3	18	oaluso	pt	wikisource	o sul ao	3	7	osulao	5.023881
es	wikisource	oves	1	5	oves	pt	wikisource	sevo	1	20	sevo	4.836282
es	wikisource	oyeme	1	16	oyeme	pt	wikisource	e meyo	2	9	emeyo	5.135798
es	wikisource	raga	1	5	raga	pt	wikisource	agar	1	20	agar	4.836282
es	wikisource	rama ó	2	5	ramao	pt	wikisource	o amar	2	20	oamar	4.836282
es	wikisource	rió a	2	13	rioa	pt	wikisource	ao ir	2	12	aoir	5.204007
es	wikisource	rome	1	20	rome	pt	wikisource	e mor	2	5	emor	4.836282
es	wikisource	rome	1	20	rome	pt	wikisource	emor	1	5	emor	4.836282
es	wikisource	se le dá	3	8	seleda	pt	wikisource	a deles	2	17	adeles	5.087596
es	wikisource	sois a	2	12	soisa	pt	wikisource	a si os	3	13	asios	5.204007
es	wikisource	yezid	1	20	yezid	pt	wikisource	dizey	1	5	dizey	4.836282
es	wikisource	á poca	2	16	apoca	pt	wikisource	à copa	2	9	acopa	5.135798
es	wikisource	á sacar	2	20	asacar	pt	wikisource	raças a	2	5	racasa	4.836282
es	wikisource	a dar o	3	9	adaro	pt	wikisource	ora da	2	15	orada	5.075174
es	wikisource	a non	2	10	anon	pt	wikisource	nó na	2	14	nona	5.105945
es	wikisource	a tit	2	5	atit	pt	wikisource	titã	1	19	tita	4.787492
es	wikisource	a trece de	3	18	atrecede	pt	wikisource	e de certa	3	6	edecerta	4.890349
es	wikisource	aera	1	11	aera	pt	wikisource	ar e a	3	13	area	5.123964
es	wikisource	aires son	2	11	airesson	pt	wikisource	nos seria	2	13	nosseria	5.123964
es	wikisource	amaran	1	16	amaran	pt	wikisource	na rama	2	8	narama	5.030438
es	wikisource	ana es	2	17	anaes	pt	wikisource	se ana	2	7	seana	4.969813
es	wikisource	ave o	2	18	aveo	pt	wikisource	ó eva	2	6	oeva	4.890349
es	wikisource	año día	2	11	anodia	pt	wikisource	ai dona	2	13	aidona	5.123964
es	wikisource	de mó	2	15	demo	pt	wikisource	o med	2	9	omed	5.075174
es	wikisource	edad son	2	19	edadson	pt	wikisource	nos dá de	3	5	nosdade	4.787492
es	wikisource	el ome	2	19	elome	pt	wikisource	é mole	2	5	emole	4.787492
es	wikisource	el os	2	15	elos	pt	wikisource	sole	1	9	sole	5.075174
es	wikisource	era loco	2	19	eraloco	pt	wikisource	o colar e	3	5	ocolare	4.787492
es	wikisource	era me	2	14	erame	pt	wikisource	e mar e	3	10	emare	5.105945
es	wikisource	es ia	2	5	esia	pt	wikisource	ai se	2	19	aise	4.787492
es	wikisource	ida la	2	13	idala	pt	wikisource	aladi	1	11	aladi	5.123964
es	wikisource	ieses	1	19	ieses	pt	wikisource	se sei	2	5	sesei	4.787492
es	wikisource	la ded	2	5	laded	pt	wikisource	dedal	1	19	dedal	4.787492
es	wikisource	la mar e	3	6	lamare	pt	wikisource	era mal	2	18	eramal	4.890349
es	wikisource	la regó	2	5	larego	pt	wikisource	o geral	2	19	ogeral	4.787492
es	wikisource	la roma de	3	16	laromade	pt	wikisource	e da moral	3	8	edamoral	5.030438
es	wikisource	le pape	2	7	lepape	pt	wikisource	e papel	2	17	epapel	4.969813
es	wikisource	mamá o	2	10	mamao	pt	wikisource	o amam	2	14	oamam	5.105945
es	wikisource	marga	1	7	marga	pt	wikisource	a gram	2	17	agram	4.969813
es	wikisource	mime	1	9	mime	pt	wikisource	e mim	2	15	emim	5.075174
es	wikisource	molé	1	17	mole	pt	wikisource	elom	1	7	elom	4.969813
es	wikisource	murir	1	18	murir	pt	wikisource	rir um	2	6	rirum	4.890349
es	wikisource	nodier	1	7	nodier	pt	wikisource	rei don	2	17	reidon	4.969813
es	wikisource	o ama	2	15	oama	pt	wikisource	a maõ	2	9	amao	5.075174
es	wikisource	o ama de	3	7	oamade	pt	wikisource	e da mão	3	17	edamao	4.969813
es	wikisource	o dolor	2	16	odolor	pt	wikisource	rolo do	2	8	rolodo	5.030438
es	wikisource	oris	1	15	oris	pt	wikisource	siro	1	9	siro	5.075174
es	wikisource	os iré	2	6	osire	pt	wikisource	e riso	2	18	eriso	4.890349
es	wikisource	os me	2	15	osme	pt	wikisource	em só	2	9	emso	5.075174
es	wikisource	ramo la	2	10	ramola	pt	wikisource	a lo mar	3	14	alomar	5.105945
es	wikisource	raro e	2	7	raroe	pt	wikisource	e orar	2	17	eorar	4.969813
es	wikisource	raza le	2	9	razale	pt	wikisource	elazar	1	15	elazar	5.075174
es	wikisource	reteo	1	9	reteo	pt	wikisource	o éter	2	15	oeter	5.075174
es	wikisource	rodé	1	13	rode	pt	wikisource	é dor	2	11	edor	5.123964
es	wikisource	ríome	1	8	riome	pt	wikisource	e moir	2	16	emoir	5.030438
es	wikisource	salat	1	11	salat	pt	wikisource	talas	1	13	talas	5.123964
es	wikisource	sarón	1	9	saron	pt	wikisource	noras	1	15	noras	5.075174
es	wikisource	se vá	2	15	seva	pt	wikisource	a vês	2	9	aves	5.075174
es	wikisource	sedem	1	6	sedem	pt	wikisource	me dês	2	18	medes	4.890349
es	wikisource	ser o a	3	5	seroa	pt	wikisource	ao rés	2	19	aores	4.787492
es	wikisource	ser te	2	15	serte	pt	wikisource	é três	2	9	etres	5.075174
es	wikisource	solus	1	15	solus	pt	wikisource	sul os	2	9	sulos	5.075174
es	wikisource	tí el	2	11	tiel	pt	wikisource	leit	1	13	leit	5.123964
es	wikisource	ue no	2	6	ueno	pt	wikisource	o néu	2	18	oneu	4.890349
es	wikisource	ues a	2	5	uesa	pt	wikisource	as eu	2	19	aseu	4.787492
es	wikisource	yela	1	8	yela	pt	wikisource	a ley	2	16	aley	5.030438
es	wikisource	á adán	2	5	aadan	pt	wikisource	nada à	2	19	nadaa	4.787492
es	wikisource	á gota	2	6	agota	pt	wikisource	a toga	2	18	atoga	4.890349
es	wikisource	áreta	1	9	areta	pt	wikisource	a terá	2	15	atera	5.075174
es	wikisource	ó días	2	17	odias	pt	wikisource	saido	1	7	saido	4.969813
es	wikisource	ó son	2	13	oson	pt	wikisource	noso	1	11	noso	5.123964
es	wikisource	a cuota	2	5	acuota	pt	wikisource	a touca	2	18	atouca	4.736198
es	wikisource	a merto	2	17	amerto	pt	wikisource	o trema	2	6	otrema	4.836282
es	wikisource	a mme	2	9	amme	pt	wikisource	emma	1	14	emma	5.010635
es	wikisource	a muño	2	6	amuno	pt	wikisource	o numa	2	17	onuma	4.836282
es	wikisource	a sua	2	16	asua	pt	wikisource	a usá	2	7	ausa	4.912655
es	wikisource	a varo	2	6	avaro	pt	wikisource	ora vá	2	17	orava	4.836282
es	wikisource	abuja	1	6	abuja	pt	wikisource	a juba	2	17	ajuba	4.836282
es	wikisource	adán se	2	18	adanse	pt	wikisource	és nada	2	5	esnada	4.736198
es	wikisource	aere	1	9	aere	pt	wikisource	érea	1	14	erea	5.010635
es	wikisource	afeó	1	17	afeo	pt	wikisource	o efa	2	6	oefa	4.836282
es	wikisource	agaves	1	17	agaves	pt	wikisource	sé vaga	2	6	sevaga	4.836282
es	wikisource	aime	1	10	aime	pt	wikisource	é mia	2	13	emia	5.036953
es	wikisource	alar	1	16	alar	pt	wikisource	ra lá	2	7	rala	4.912655
es	wikisource	alea	1	14	alea	pt	wikisource	á ela	2	9	aela	5.010635
es	wikisource	apra	1	8	apra	pt	wikisource	arpa	1	15	arpa	4.969813
es	wikisource	arad	1	9	arad	pt	wikisource	dar á	2	14	dara	5.010635
es	wikisource	areba se	2	17	arebase	pt	wikisource	e saberá	2	6	esabera	4.836282
es	wikisource	arita	1	5	arita	pt	wikisource	atirá	1	18	atira	4.736198
es	wikisource	aroma o	2	5	aromao	pt	wikisource	o amor à	3	18	oamora	4.736198
es	wikisource	asis	1	12	asis	pt	wikisource	sisa	1	11	sisa	5.049856
es	wikisource	avive	1	13	avive	pt	wikisource	é viva	2	10	eviva	5.036953
es	wikisource	da er	2	5	daer	pt	wikisource	read	1	18	read	4.736198
es	wikisource	de mo	2	14	demo	pt	wikisource	o med	2	9	omed	5.010635
es	wikisource	e de todo	3	5	edetodo	pt	wikisource	o dote de	3	18	odotede	4.736198
es	wikisource	e ira	2	18	eira	pt	wikisource	ari e	2	5	arie	4.736198
es	wikisource	e irá	2	18	eira	pt	wikisource	ari e	2	5	arie	4.736198
es	wikisource	e merçed	2	11	emerced	pt	wikisource	de creme	2	12	decreme	5.049856
es	wikisource	eaco	1	12	eaco	pt	wikisource	oca e	2	11	ocae	5.049856
es	wikisource	eh es	2	7	ehes	pt	wikisource	se he	2	16	sehe	4.912655
es	wikisource	elia	1	15	elia	pt	wikisource	ai lê	2	8	aile	4.969813
es	wikisource	enes	1	8	enes	pt	wikisource	sen e	2	15	sene	4.969813
es	wikisource	enós	1	8	enos	pt	wikisource	son e	2	15	sone	4.969813
es	wikisource	es mar	2	16	esmar	pt	wikisource	ram se	2	7	ramse	4.912655
es	wikisource	esón	1	18	eson	pt	wikisource	no sé	2	5	nose	4.736198
es	wikisource	eva se	2	12	evase	pt	wikisource	esav e	2	11	esave	5.049856
es	wikisource	evas	1	13	evas	pt	wikisource	save	1	10	save	5.036953
es	wikisource	fé la	2	12	fela	pt	wikisource	alef	1	11	alef	5.049856
es	wikisource	ha lo	2	9	halo	pt	wikisource	olah	1	14	olah	5.010635
es	wikisource	le bon	2	7	lebon	pt	wikisource	nobel	1	16	nobel	4.912655
es	wikisource	levine	1	11	levine	pt	wikisource	e nível	2	12	enivel	5.049856
es	wikisource	madan	1	5	madan	pt	wikisource	nadam	1	18	nadam	4.736198
es	wikisource	mamá a	2	18	mamaa	pt	wikisource	a amam	2	5	aamam	4.736198
es	wikisource	massa	1	13	massa	pt	wikisource	assam	1	10	assam	5.036953
es	wikisource	mesas a	2	11	mesasa	pt	wikisource	asas em	2	12	asasem	5.049856
es	wikisource	meted	1	10	meted	pt	wikisource	detêm	1	13	detem	5.036953
es	wikisource	metime	1	11	metime	pt	wikisource	emitem	1	12	emitem	5.049856
es	wikisource	metí a	2	12	metia	pt	wikisource	aí têm	2	11	aitem	5.049856
es	wikisource	miro más	2	13	miromas	pt	wikisource	samorim	1	10	samorim	5.036953
es	wikisource	muños	1	7	munos	pt	wikisource	só num	2	16	sonum	4.912655
es	wikisource	más e	2	18	mase	pt	wikisource	e sam	2	5	esam	4.736198
es	wikisource	napé	1	13	nape	pt	wikisource	e pan	2	10	epan	5.036953
es	wikisource	o temer	2	9	otemer	pt	wikisource	remeto	1	14	remeto	5.010635
es	wikisource	o va a	3	13	ovaa	pt	wikisource	à avó	2	10	aavo	5.036953
es	wikisource	oía se	2	12	oiase	pt	wikisource	e saio	2	11	esaio	5.049856
es	wikisource	ratona	1	5	ratona	pt	wikisource	anotar	1	18	anotar	4.736198
es	wikisource	rennes	1	17	rennes	pt	wikisource	senner	1	6	senner	4.836282
es	wikisource	resedá	1	6	reseda	pt	wikisource	a de ser	3	17	adeser	4.836282
es	wikisource	roca o	2	11	rocao	pt	wikisource	o açor	2	12	oacor	5.049856
es	wikisource	sapir	1	5	sapir	pt	wikisource	ripas	1	18	ripas	4.736198
es	wikisource	sarasa	1	9	sarasa	pt	wikisource	as aras	2	14	asaras	5.010635
es	wikisource	sebos	1	14	sebos	pt	wikisource	sobes	1	9	sobes	5.010635
es	wikisource	semel	1	15	semel	pt	wikisource	lemes	1	8	lemes	4.969813
es	wikisource	si ama	2	14	siama	pt	wikisource	a máis	2	9	amais	5.010635
es	wikisource	siva	1	15	siva	pt	wikisource	a vis	2	8	avis	4.969813
es	wikisource	sí a su	3	16	siasu	pt	wikisource	usais	1	7	usais	4.912655
es	wikisource	uires	1	6	uires	pt	wikisource	se riu	2	17	seriu	4.836282
es	wikisource	vedó	1	17	vedo	pt	wikisource	o dev	2	6	odev	4.836282
es	wikisource	á gad	2	8	agad	pt	wikisource	daga	1	15	daga	4.969813
es	wikisource	á la luna	3	18	alaluna	pt	wikisource	anulá la	2	5	anulala	4.736198
es	wikisource	á mí la	3	8	amila	pt	wikisource	a lima	2	15	alima	4.969813
es	wikisource	ágora	1	14	agora	pt	wikisource	a roga	2	9	aroga	5.010635
es	wikisource	a dar o	3	9	adaro	pt	wikisource	ora dá	2	13	orada	4.941642
es	wikisource	adam el	2	8	adamel	pt	wikisource	lema da	2	14	lemada	4.905275
es	wikisource	agaves	1	17	agaves	pt	wikisource	se vaga	2	5	sevaga	4.682131
es	wikisource	ah con	2	9	ahcon	pt	wikisource	no chá	2	13	nocha	4.941642
es	wikisource	aida	1	14	aida	pt	wikisource	adia	1	8	adia	4.905275
es	wikisource	al iv	2	6	aliv	pt	wikisource	vilã	1	16	vila	4.779123
es	wikisource	al si	2	6	alsi	pt	wikisource	isla	1	16	isla	4.779123
es	wikisource	alina	1	10	alina	pt	wikisource	anil a	2	12	anila	4.962845
es	wikisource	amet	1	6	amet	pt	wikisource	tem à	2	16	tema	4.779123
es	wikisource	apas	1	13	apas	pt	wikisource	sapa	1	9	sapa	4.941642
es	wikisource	argos a	2	15	argosa	pt	wikisource	à sogra	2	7	asogra	4.85203
es	wikisource	açora	1	6	acora	pt	wikisource	a roca	2	16	aroca	4.779123
es	wikisource	e dio	2	15	edio	pt	wikisource	o id e	3	7	oide	4.85203
es	wikisource	e si no	3	15	esino	pt	wikisource	ó nise	2	7	onise	4.85203
es	wikisource	edesa	1	14	edesa	pt	wikisource	a sêde	2	8	asede	4.905275
es	wikisource	el so	2	17	elso	pt	wikisource	os lê	2	5	osle	4.682131
es	wikisource	es sacar	2	15	essacar	pt	wikisource	raças se	2	7	racasse	4.85203
es	wikisource	es á su	3	6	esasu	pt	wikisource	usa se	2	16	usase	4.779123
es	wikisource	es á un	3	5	esaun	pt	wikisource	nuas e	2	17	nuase	4.682131
es	wikisource	eso pa	2	13	esopa	pt	wikisource	a pose	2	9	apose	4.941642
es	wikisource	essir	1	7	essir	pt	wikisource	risse	1	15	risse	4.85203
es	wikisource	et seis	2	15	etseis	pt	wikisource	si este	2	7	sieste	4.85203
es	wikisource	etra	1	14	etra	pt	wikisource	art é	2	8	arte	4.905275
es	wikisource	fisa	1	12	fisa	pt	wikisource	as if	2	10	asif	4.962845
es	wikisource	he ya	2	10	heya	pt	wikisource	ayeh	1	12	ayeh	4.962845
es	wikisource	la be	2	10	labe	pt	wikisource	ebal	1	12	ebal	4.962845
es	wikisource	laud	1	15	laud	pt	wikisource	dual	1	7	dual	4.85203
es	wikisource	me temes	2	5	metemes	pt	wikisource	se metem	2	17	semetem	4.682131
es	wikisource	mela	1	15	mela	pt	wikisource	àlem	1	7	alem	4.85203
es	wikisource	metí el	2	11	metiel	pt	wikisource	lei tem	2	11	leitem	4.969813
es	wikisource	metí la	2	15	metila	pt	wikisource	ali têm	2	7	alitem	4.85203
es	wikisource	metíme	1	10	metime	pt	wikisource	emitem	1	12	emitem	4.962845
es	wikisource	mudaré	1	10	mudare	pt	wikisource	era dum	2	12	eradum	4.962845
es	wikisource	muri	1	8	muri	pt	wikisource	ir um	2	14	irum	4.905275
es	wikisource	mérope	1	8	merope	pt	wikisource	e porem	2	14	eporem	4.905275
es	wikisource	mí si es	3	5	misies	pt	wikisource	sei sim	2	17	seisim	4.682131
es	wikisource	no má	2	5	noma	pt	wikisource	amon	1	17	amon	4.682131
es	wikisource	nos o	2	17	noso	pt	wikisource	o son	2	5	oson	4.682131
es	wikisource	noël	1	5	noel	pt	wikisource	león	1	17	leon	4.682131
es	wikisource	o seres	2	11	oseres	pt	wikisource	seres o	2	11	sereso	4.969813
es	wikisource	oh como	2	11	ohcomo	pt	wikisource	o mocho	2	11	omocho	4.969813
es	wikisource	opones	1	17	opones	pt	wikisource	se no pó	3	5	senopo	4.682131
es	wikisource	osare	1	8	osare	pt	wikisource	eras o	2	14	eraso	4.905275
es	wikisource	remó	1	11	remo	pt	wikisource	ômer	1	11	omer	4.969813
es	wikisource	río á	2	10	rioa	pt	wikisource	ao ir	2	12	aoir	4.962845
es	wikisource	sara su	2	13	sarasu	pt	wikisource	usar as	2	9	usaras	4.941642
es	wikisource	sea me	2	13	seame	pt	wikisource	e mães	2	9	emaes	4.941642
es	wikisource	si no da	3	13	sinoda	pt	wikisource	adonis	1	9	adonis	4.941642
es	wikisource	son mu	2	6	sonmu	pt	wikisource	um nos	2	16	umnos	4.779123
es	wikisource	sé ver	2	16	sever	pt	wikisource	rêves	1	6	reves	4.779123
es	wikisource	sí va	2	14	siva	pt	wikisource	a vis	2	8	avis	4.905275
es	wikisource	sí ve	2	9	sive	pt	wikisource	e vis	2	13	evis	4.941642
es	wikisource	uela	1	11	uela	pt	wikisource	a leu	2	11	aleu	4.969813
es	wikisource	á lea	2	9	alea	pt	wikisource	à ela	2	13	aela	4.941642
es	wikisource	éfeso y	2	11	efesoy	pt	wikisource	yosef é	2	11	yosefe	4.969813
es	wikisource	ésa su	2	6	esasu	pt	wikisource	usa se	2	16	usase	4.779123
es	wikisource	était	1	10	etait	pt	wikisource	ti até	2	12	tiate	4.962845
es	wikisource	ñata	1	8	nata	pt	wikisource	a tan	2	14	atan	4.905275
es	wikisource	a ir y	3	15	airy	pt	wikisource	yria	1	6	yria	4.718499
es	wikisource	a la mona	3	9	alamona	pt	wikisource	anômala	1	12	anomala	4.867534
es	wikisource	a lea	2	8	alea	pt	wikisource	à ela	2	13	aela	4.836282
es	wikisource	a mi la	3	6	amila	pt	wikisource	a lima	2	15	alima	4.718499
es	wikisource	a res	2	9	ares	pt	wikisource	serà	1	12	sera	4.867534
es	wikisource	a ti e	3	6	atie	pt	wikisource	eita	1	15	eita	4.718499
es	wikisource	a uer	2	10	auer	pt	wikisource	réu a	2	11	reua	4.882802
es	wikisource	abr a	2	6	abra	pt	wikisource	arba	1	15	arba	4.718499
es	wikisource	acibara	1	8	acibara	pt	wikisource	arábica	1	13	arabica	4.836282
es	wikisource	acom	1	10	acom	pt	wikisource	moca	1	11	moca	4.882802
es	wikisource	adama	1	14	adama	pt	wikisource	ama da	2	7	amada	4.787492
es	wikisource	adores	1	16	adores	pt	wikisource	ser o da	3	5	seroda	4.624973
es	wikisource	aires os	2	5	airesos	pt	wikisource	só seria	2	16	soseria	4.624973
es	wikisource	alis	1	5	alis	pt	wikisource	sila	1	16	sila	4.624973
es	wikisource	allì	1	8	alli	pt	wikisource	illa	1	13	illa	4.836282
es	wikisource	alá es	2	15	alaes	pt	wikisource	se ala	2	6	seala	4.718499
es	wikisource	alá lo	2	9	alalo	pt	wikisource	ola lá	2	12	olala	4.867534
es	wikisource	amarán	1	13	amaran	pt	wikisource	na rama	2	8	narama	4.836282
es	wikisource	an te	2	6	ante	pt	wikisource	etna	1	15	etna	4.718499
es	wikisource	aporté	1	5	aporte	pt	wikisource	e tropa	2	16	etropa	4.624973
es	wikisource	arietes	1	14	arietes	pt	wikisource	seteira	1	7	seteira	4.787492
es	wikisource	arropa	1	9	arropa	pt	wikisource	a porra	2	12	aporra	4.867534
es	wikisource	arto	1	16	arto	pt	wikisource	o tra	2	5	otra	4.624973
es	wikisource	do he	2	5	dohe	pt	wikisource	e hod	2	16	ehod	4.624973
es	wikisource	e doña	2	12	edona	pt	wikisource	á no de	3	9	anode	4.867534
es	wikisource	e si a	3	11	esia	pt	wikisource	ais e	2	10	aise	4.882802
es	wikisource	e suos	2	11	esuos	pt	wikisource	sou se	2	10	souse	4.882802
es	wikisource	e tomó	2	6	etomo	pt	wikisource	o mote	2	15	omote	4.718499
es	wikisource	edita	1	15	edita	pt	wikisource	a ti de	3	6	atide	4.718499
es	wikisource	egas	1	12	egas	pt	wikisource	sage	1	9	sage	4.867534
es	wikisource	el ed	2	5	eled	pt	wikisource	de lê	2	16	dele	4.624973
es	wikisource	en os	2	6	enos	pt	wikisource	son e	2	15	sone	4.718499
es	wikisource	eram	1	14	eram	pt	wikisource	mar ê	2	7	mare	4.787492
es	wikisource	et me	2	13	etme	pt	wikisource	em tê	2	8	emte	4.836282
es	wikisource	ha él	2	5	hael	pt	wikisource	leah	1	16	leah	4.624973
es	wikisource	hama	1	11	hama	pt	wikisource	amah	1	10	amah	4.882802
es	wikisource	id a la	3	10	idala	pt	wikisource	aladi	1	11	aladi	4.882802
es	wikisource	la vira	2	6	lavira	pt	wikisource	a rival	2	15	arival	4.718499
es	wikisource	latae	1	6	latae	pt	wikisource	e atal	2	15	eatal	4.718499
es	wikisource	le vi con	3	5	levicon	pt	wikisource	no cível	2	16	nocivel	4.624973
es	wikisource	mesia	1	7	mesia	pt	wikisource	aí sem	2	14	aisem	4.787492
es	wikisource	mi meta	2	5	mimeta	pt	wikisource	até mim	2	16	atemim	4.624973
es	wikisource	miró más	2	11	miromas	pt	wikisource	samorim	1	10	samorim	4.882802
es	wikisource	moed	1	5	moed	pt	wikisource	de om	2	16	deom	4.624973
es	wikisource	moto a	2	7	motoa	pt	wikisource	ao tom	2	14	aotom	4.787492
es	wikisource	naja	1	5	naja	pt	wikisource	ajan	1	16	ajan	4.624973
es	wikisource	natas	1	10	natas	pt	wikisource	satan	1	11	satan	4.882802
es	wikisource	no dá	2	6	noda	pt	wikisource	a don	2	15	adon	4.718499
es	wikisource	o ana	2	5	oana	pt	wikisource	ana o	2	16	anao	4.624973
es	wikisource	odio me	2	15	odiome	pt	wikisource	e moído	2	6	emoido	4.718499
es	wikisource	ra la	2	5	rala	pt	wikisource	alar	1	16	alar	4.624973
es	wikisource	sal es	2	9	sales	pt	wikisource	selas	1	12	selas	4.867534
es	wikisource	samet	1	5	samet	pt	wikisource	te mas	2	16	temas	4.624973
es	wikisource	se vè	2	13	seve	pt	wikisource	e vês	2	8	eves	4.836282
es	wikisource	sevres	1	14	sevres	pt	wikisource	serves	1	7	serves	4.787492
es	wikisource	sien a	2	10	siena	pt	wikisource	aneis	1	11	aneis	4.882802
es	wikisource	sona	1	9	sona	pt	wikisource	an os	2	12	anos	4.867534
es	wikisource	soñar o	2	5	sonaro	pt	wikisource	ora nos	2	16	oranos	4.624973
es	wikisource	sumac	1	8	sumac	pt	wikisource	camus	1	13	camus	4.836282
es	wikisource	trot	1	9	trot	pt	wikisource	tort	1	12	tort	4.867534
es	wikisource	ues a	2	5	uesa	pt	wikisource	à seu	2	16	aseu	4.624973
es	wikisource	y ave	2	16	yave	pt	wikisource	e vay	2	5	evay	4.624973
es	wikisource	álas	1	9	alas	pt	wikisource	salá	1	12	sala	4.867534
es	wikisource	ésos a	2	8	esosa	pt	wikisource	a sós e	3	13	asose	4.836282
es	wikisource	ó no se	3	15	onose	pt	wikisource	é sono	2	6	esono	4.718499
es	wikisource	ó no á	3	7	onoa	pt	wikisource	ão no	2	14	aono	4.787492
es	wikisource	a cap	2	7	acap	pt	wikisource	paca	1	13	paca	4.718499
es	wikisource	a cota	2	5	acota	pt	wikisource	a toca	2	15	atoca	4.564348
es	wikisource	a ida	2	12	aida	pt	wikisource	adia	1	8	adia	4.762174
es	wikisource	a mes	2	11	ames	pt	wikisource	se ma	2	9	sema	4.787492
es	wikisource	a riva	2	8	ariva	pt	wikisource	a vir a	3	12	avira	4.762174
es	wikisource	a sebo	2	13	asebo	pt	wikisource	obesa	1	7	obesa	4.718499
es	wikisource	a tarfe	2	8	atarfe	pt	wikisource	efrata	1	12	efrata	4.762174
es	wikisource	admet	1	5	admet	pt	wikisource	tem da	2	15	temda	4.564348
es	wikisource	aires ni	2	13	airesni	pt	wikisource	inseria	1	7	inseria	4.718499
es	wikisource	ajes	1	10	ajes	pt	wikisource	se ja	2	10	seja	4.795791
es	wikisource	amar tan	2	8	amartan	pt	wikisource	na trama	2	12	natrama	4.762174
es	wikisource	amat se	2	8	amatse	pt	wikisource	esta má	2	12	estama	4.762174
es	wikisource	anís a	2	5	anisa	pt	wikisource	a sina	2	15	asina	4.564348
es	wikisource	araus	1	14	araus	pt	wikisource	suar a	2	6	suara	4.65396
es	wikisource	arga	1	15	arga	pt	wikisource	à grã	2	5	agra	4.564348
es	wikisource	arze	1	8	arze	pt	wikisource	ezra	1	12	ezra	4.762174
es	wikisource	assí me	2	13	assime	pt	wikisource	e missa	2	7	emissa	4.718499
es	wikisource	e alas	2	15	ealas	pt	wikisource	sala é	2	5	salae	4.564348
es	wikisource	e leal	2	8	eleal	pt	wikisource	la ele	2	12	laele	4.762174
es	wikisource	e vale	2	7	evale	pt	wikisource	ela vê	2	13	elave	4.718499
es	wikisource	edón	1	6	edon	pt	wikisource	nó de	2	14	node	4.65396
es	wikisource	el sil	2	14	elsil	pt	wikisource	lisle	1	6	lisle	4.65396
es	wikisource	elim	1	8	elim	pt	wikisource	mil é	2	12	mile	4.762174
es	wikisource	era me	2	14	erame	pt	wikisource	e maré	2	6	emare	4.65396
es	wikisource	era pa	2	13	erapa	pt	wikisource	a par e	3	7	apare	4.718499
es	wikisource	et ait	2	8	etait	pt	wikisource	ti até	2	12	tiate	4.762174
es	wikisource	etait	1	8	etait	pt	wikisource	ti até	2	12	tiate	4.762174
es	wikisource	evites	1	15	evites	pt	wikisource	se tive	2	5	setive	4.564348
es	wikisource	gnos	1	5	gnos	pt	wikisource	song	1	15	song	4.564348
es	wikisource	ha es	2	6	haes	pt	wikisource	se ah	2	14	seah	4.65396
es	wikisource	izan	1	13	izan	pt	wikisource	nazi	1	7	nazi	4.718499
es	wikisource	lazán	1	7	lazan	pt	wikisource	nazal	1	13	nazal	4.718499
es	wikisource	leza	1	13	leza	pt	wikisource	azel	1	7	azel	4.718499
es	wikisource	me nos	2	13	menos	pt	wikisource	só nem	2	7	sonem	4.718499
es	wikisource	me vía	2	13	mevia	pt	wikisource	ai vem	2	7	aivem	4.718499
es	wikisource	me vós	2	5	mevos	pt	wikisource	só vem	2	15	sovem	4.564348
es	wikisource	mesa es	2	12	mesaes	pt	wikisource	se á sem	3	8	seasem	4.762174
es	wikisource	miloro	1	12	miloro	pt	wikisource	o rolim	2	8	orolim	4.762174
es	wikisource	mola	1	15	mola	pt	wikisource	alom	1	5	alom	4.564348
es	wikisource	moved	1	5	moved	pt	wikisource	dev om	2	15	devom	4.564348
es	wikisource	na se	2	7	nase	pt	wikisource	e san	2	13	esan	4.718499
es	wikisource	nebaj	1	15	nebaj	pt	wikisource	ja ben	2	5	jaben	4.564348
es	wikisource	nos non	2	8	nosnon	pt	wikisource	non son	2	12	nonson	4.762174
es	wikisource	o la fe	3	7	olafe	pt	wikisource	e fá lo	3	13	efalo	4.718499
es	wikisource	odiarte	1	14	odiarte	pt	wikisource	é traído	2	6	etraido	4.65396
es	wikisource	odié	1	11	odie	pt	wikisource	ei do	2	9	eido	4.787492
es	wikisource	ramá	1	5	rama	pt	wikisource	a mar	2	15	amar	4.564348
es	wikisource	remo con	2	10	remocon	pt	wikisource	no comer	2	10	nocomer	4.795791
es	wikisource	rime	1	9	rime	pt	wikisource	emir	1	11	emir	4.787492
es	wikisource	sacá	1	9	saca	pt	wikisource	a cas	2	11	acas	4.787492
es	wikisource	sala su	2	10	salasu	pt	wikisource	usá las	2	10	usalas	4.795791
es	wikisource	se re	2	14	sere	pt	wikisource	eres	1	6	eres	4.65396
es	wikisource	serte de	2	6	sertede	pt	wikisource	e de três	3	14	edetres	4.65396
es	wikisource	si no da	3	13	sinoda	pt	wikisource	adónis	1	7	adonis	4.718499
es	wikisource	son e	2	12	sone	pt	wikisource	é nós	2	8	enos	4.762174
es	wikisource	son ó	2	15	sono	pt	wikisource	o nós	2	5	onos	4.564348
es	wikisource	sólo día	2	15	solodia	pt	wikisource	a ídolos	2	5	aidolos	4.564348
es	wikisource	vedes	1	13	vedes	pt	wikisource	se dev	2	7	sedev	4.718499
es	wikisource	zeus a	2	7	zeusa	pt	wikisource	a suez	2	13	asuez	4.718499
es	wikisource	à mas	2	7	amas	pt	wikisource	sama	1	13	sama	4.718499
es	wikisource	á eva	2	12	aeva	pt	wikisource	ave a	2	8	avea	4.762174
es	wikisource	á jah	2	10	ajah	pt	wikisource	ha já	2	10	haja	4.795791
es	wikisource	á vida	2	12	avida	pt	wikisource	a diva	2	8	adiva	4.762174
es	wikisource	átame	1	5	atame	pt	wikisource	em ata	2	15	emata	4.564348
es	wikisource	ése ni	2	8	eseni	pt	wikisource	inês é	2	12	inese	4.762174
es	wikisource	ó no se	3	15	onose	pt	wikisource	é só no	3	5	esono	4.564348
es	wikisource	a arias	2	5	aarias	pt	wikisource	saíra a	2	14	sairaa	4.49981
es	wikisource	a ese le	3	8	aesele	pt	wikisource	eles é a	3	11	elesea	4.682131
es	wikisource	a ira	2	14	aira	pt	wikisource	aria	1	5	aria	4.49981
es	wikisource	a la tan	3	7	alatan	pt	wikisource	natal a	2	12	natala	4.644391
es	wikisource	a la ya	3	14	alaya	pt	wikisource	ayala	1	5	ayala	4.49981
es	wikisource	a oído	2	12	aoido	pt	wikisource	ódio à	2	7	odioa	4.644391
es	wikisource	a pas	2	10	apas	pt	wikisource	sapa	1	9	sapa	4.70048
es	wikisource	a tona	2	12	atona	pt	wikisource	à nota	2	7	anota	4.644391
es	wikisource	a varas	2	9	avaras	pt	wikisource	sarava	1	10	sarava	4.70048
es	wikisource	acorte	1	9	acorte	pt	wikisource	e troca	2	10	etroca	4.70048
es	wikisource	aera	1	11	aera	pt	wikisource	a rea	2	8	area	4.682131
es	wikisource	al iv	2	6	aliv	pt	wikisource	vi lá	2	13	vila	4.584967
es	wikisource	al si	2	6	alsi	pt	wikisource	islã	1	13	isla	4.584967
es	wikisource	alef	1	12	alef	pt	wikisource	fel a	2	7	fela	4.644391
es	wikisource	an el	2	6	anel	pt	wikisource	lê na	2	13	lena	4.584967
es	wikisource	anus	1	10	anus	pt	wikisource	su na	2	9	suna	4.70048
es	wikisource	arte le	2	10	artele	pt	wikisource	é letra	2	9	eletra	4.70048
es	wikisource	asarta	1	8	asarta	pt	wikisource	atrasa	1	11	atrasa	4.682131
es	wikisource	aser á	2	6	asera	pt	wikisource	ares a	2	13	aresa	4.584967
es	wikisource	aúnen	1	11	aunen	pt	wikisource	nen ũa	2	8	nenua	4.682131
es	wikisource	e delos	2	5	edelos	pt	wikisource	sol e de	3	14	solede	4.49981
es	wikisource	e deven	2	11	edeven	pt	wikisource	neve de	2	8	nevede	4.682131
es	wikisource	e med	2	6	emed	pt	wikisource	dem e	2	13	deme	4.584967
es	wikisource	e oído	2	6	eoido	pt	wikisource	ódio é	2	13	odioe	4.584967
es	wikisource	ea la	2	8	eala	pt	wikisource	alá e	2	11	alae	4.682131
es	wikisource	edat	1	13	edat	pt	wikisource	ta de	2	6	tade	4.584967
es	wikisource	el caro	2	11	elcaro	pt	wikisource	oracle	1	8	oracle	4.682131
es	wikisource	elina	1	9	elina	pt	wikisource	anil é	2	10	anile	4.70048
es	wikisource	es ave	2	12	esave	pt	wikisource	e vá se	3	7	evase	4.644391
es	wikisource	es er	2	13	eser	pt	wikisource	res e	2	6	rese	4.584967
es	wikisource	es er	2	13	eser	pt	wikisource	rês e	2	6	rese	4.584967
es	wikisource	eva le	2	6	evale	pt	wikisource	ela vê	2	13	elave	4.584967
es	wikisource	ha me	2	14	hame	pt	wikisource	é mah	2	5	emah	4.49981
es	wikisource	la ta	2	13	lata	pt	wikisource	á tal	2	6	atal	4.584967
es	wikisource	me temes	2	5	metemes	pt	wikisource	se me tem	3	14	semetem	4.49981
es	wikisource	mese	1	11	mese	pt	wikisource	és em	2	8	esem	4.682131
es	wikisource	moca	1	11	moca	pt	wikisource	acom	1	8	acom	4.682131
es	wikisource	moças	1	14	mocas	pt	wikisource	sá com	2	5	sacom	4.49981
es	wikisource	métese	1	14	metese	pt	wikisource	e se têm	3	5	esetem	4.49981
es	wikisource	nema	1	9	nema	pt	wikisource	ámen	1	10	amen	4.70048
es	wikisource	nuova	1	6	nuova	pt	wikisource	avo un	2	13	avoun	4.584967
es	wikisource	o a no	3	11	oano	pt	wikisource	o naõ	2	8	onao	4.682131
es	wikisource	o mera	2	8	omera	pt	wikisource	a remo	2	11	aremo	4.682131
es	wikisource	o sed	2	6	osed	pt	wikisource	de so	2	13	deso	4.584967
es	wikisource	ocas	1	13	ocas	pt	wikisource	sacó	1	6	saco	4.584967
es	wikisource	roda de	2	11	rodade	pt	wikisource	e da dor	3	8	edador	4.682131
es	wikisource	ropa le	2	13	ropale	pt	wikisource	e lá por	3	6	elapor	4.584967
es	wikisource	salam	1	10	salam	pt	wikisource	mal às	2	9	malas	4.70048
es	wikisource	salá	1	5	sala	pt	wikisource	a las	2	14	alas	4.49981
es	wikisource	salé	1	14	sale	pt	wikisource	élas	1	5	elas	4.49981
es	wikisource	se ame	2	10	seame	pt	wikisource	e mães	2	9	emaes	4.70048
es	wikisource	se ata	2	14	seata	pt	wikisource	a taes	2	5	ataes	4.49981
es	wikisource	se ata	2	14	seata	pt	wikisource	ataes	1	5	ataes	4.49981
es	wikisource	se ira	2	5	seira	pt	wikisource	áries	1	14	aries	4.49981
es	wikisource	se ma	2	6	sema	pt	wikisource	a mês	2	13	ames	4.584967
es	wikisource	sede se	2	12	sedese	pt	wikisource	e sedes	2	7	esedes	4.644391
es	wikisource	seos	1	7	seos	pt	wikisource	sões	1	12	soes	4.644391
es	wikisource	ser pa	2	11	serpa	pt	wikisource	après	1	8	apres	4.682131
es	wikisource	serte de	2	6	sertede	pt	wikisource	é de três	3	13	edetres	4.584967
es	wikisource	será mala	2	5	seramala	pt	wikisource	alamares	1	14	alamares	4.49981
es	wikisource	singer	1	13	singer	pt	wikisource	regnis	1	6	regnis	4.584967
es	wikisource	sometí a	2	6	sometia	pt	wikisource	aí temos	2	13	aitemos	4.584967
es	wikisource	sádica	1	12	sadica	pt	wikisource	ácidas	1	7	acidas	4.644391
es	wikisource	séate	1	11	seate	pt	wikisource	e taes	2	8	etaes	4.682131
es	wikisource	uan a	2	6	uana	pt	wikisource	à nau	2	13	anau	4.584967
es	wikisource	utah	1	13	utah	pt	wikisource	há tu	2	6	hatu	4.584967
es	wikisource	zarpé	1	10	zarpe	pt	wikisource	e praz	2	9	epraz	4.70048
es	wikisource	á corta	2	10	acorta	pt	wikisource	à troca	2	9	atroca	4.70048
es	wikisource	á jah	2	10	ajah	pt	wikisource	ha ja	2	9	haja	4.70048
es	wikisource	á meter	2	13	ameter	pt	wikisource	retém a	2	6	retema	4.584967
es	wikisource	ó son	2	13	oson	pt	wikisource	nos ó	2	6	noso	4.584967
es	wikisource	a café	2	13	acafe	pt	wikisource	e faca	2	5	efaca	4.430817
es	wikisource	a cal	2	9	acal	pt	wikisource	laca	1	9	laca	4.60517
es	wikisource	a carga	2	5	acarga	pt	wikisource	à graça	2	13	agraca	4.430817
es	wikisource	a dis	2	7	adis	pt	wikisource	si da	2	11	sida	4.564348
es	wikisource	a man	2	7	aman	pt	wikisource	na má	2	11	nama	4.564348
es	wikisource	a omar	2	13	aomar	pt	wikisource	ramo a	2	5	ramoa	4.430817
es	wikisource	a redes	2	10	aredes	pt	wikisource	se der a	3	8	sedera	4.59512
es	wikisource	a sam	2	6	asam	pt	wikisource	masa	1	12	masa	4.51086
es	wikisource	a selim	2	9	aselim	pt	wikisource	mil és a	3	9	milesa	4.60517
es	wikisource	abas	1	12	abas	pt	wikisource	saba	1	6	saba	4.51086
es	wikisource	ad es	2	7	ades	pt	wikisource	sêda	1	11	seda	4.564348
es	wikisource	adah	1	11	adah	pt	wikisource	had a	2	7	hada	4.564348
es	wikisource	adoares	1	5	adoares	pt	wikisource	serão da	2	13	seraoda	4.430817
es	wikisource	ados	1	11	ados	pt	wikisource	soda	1	7	soda	4.564348
es	wikisource	aiga	1	11	aiga	pt	wikisource	a gia	2	7	agia	4.564348
es	wikisource	aimé	1	5	aime	pt	wikisource	é mia	2	13	emia	4.430817
es	wikisource	aisa	1	8	aisa	pt	wikisource	asia	1	10	asia	4.59512
es	wikisource	ajan	1	13	ajan	pt	wikisource	na já	2	5	naja	4.430817
es	wikisource	aliam	1	9	aliam	pt	wikisource	mai la	2	9	maila	4.60517
es	wikisource	amat se	2	8	amatse	pt	wikisource	está má	2	10	estama	4.59512
es	wikisource	animó de	2	8	animode	pt	wikisource	e domina	2	10	edomina	4.59512
es	wikisource	arita	1	5	arita	pt	wikisource	a tirá	2	13	atira	4.430817
es	wikisource	atad	1	8	atad	pt	wikisource	datã	1	10	data	4.59512
es	wikisource	açotes	1	9	acotes	pt	wikisource	se toca	2	9	setoca	4.60517
es	wikisource	el amo a	3	10	elamoa	pt	wikisource	ao mal é	3	8	aomale	4.59512
es	wikisource	el avo	2	9	elavo	pt	wikisource	ó vale	2	9	ovale	4.60517
es	wikisource	eleale	1	5	eleale	pt	wikisource	e lá ele	3	13	elaele	4.430817
es	wikisource	en as	2	9	enas	pt	wikisource	san e	2	9	sane	4.60517
es	wikisource	en ue	2	13	enue	pt	wikisource	e une	2	5	eune	4.430817
es	wikisource	esle	1	8	esle	pt	wikisource	el se	2	10	else	4.59512
es	wikisource	hall a	2	6	halla	pt	wikisource	allah	1	12	allah	4.51086
es	wikisource	hata	1	8	hata	pt	wikisource	atah	1	10	atah	4.59512
es	wikisource	iole	1	6	iole	pt	wikisource	elói	1	12	eloi	4.51086
es	wikisource	isac	1	5	isac	pt	wikisource	ca si	2	13	casi	4.430817
es	wikisource	ivón	1	9	ivon	pt	wikisource	novi	1	9	novi	4.60517
es	wikisource	la im	2	12	laim	pt	wikisource	mi al	2	6	mial	4.51086
es	wikisource	lana con	2	9	lanacon	pt	wikisource	no canal	2	9	nocanal	4.60517
es	wikisource	latae	1	6	latae	pt	wikisource	é a tal	3	12	eatal	4.51086
es	wikisource	liga o	2	12	ligao	pt	wikisource	o ágil	2	6	oagil	4.51086
es	wikisource	me vi a	3	11	mevia	pt	wikisource	ai vem	2	7	aivem	4.564348
es	wikisource	melas	1	9	melas	pt	wikisource	sal em	2	9	salem	4.60517
es	wikisource	meted	1	10	meted	pt	wikisource	detem	1	8	detem	4.59512
es	wikisource	mi ma	2	5	mima	pt	wikisource	à mim	2	13	amim	4.430817
es	wikisource	mil é	2	7	mile	pt	wikisource	elim	1	11	elim	4.564348
es	wikisource	mí me dé	3	9	mimede	pt	wikisource	é de mim	3	9	edemim	4.60517
es	wikisource	na le	2	5	nale	pt	wikisource	élan	1	13	elan	4.430817
es	wikisource	ne de	2	5	nede	pt	wikisource	eden	1	13	eden	4.430817
es	wikisource	ne la	2	9	nela	pt	wikisource	alen	1	9	alen	4.60517
es	wikisource	o ara	2	5	oara	pt	wikisource	ar ao	2	13	arao	4.430817
es	wikisource	o año	2	10	oano	pt	wikisource	o naõ	2	8	onao	4.59512
es	wikisource	o me la	3	7	omela	pt	wikisource	além o	2	11	alemo	4.564348
es	wikisource	o salen	2	13	osalen	pt	wikisource	nela só	2	5	nelaso	4.430817
es	wikisource	o suos	2	6	osuos	pt	wikisource	sou só	2	12	souso	4.51086
es	wikisource	oeta	1	6	oeta	pt	wikisource	ate o	2	12	ateo	4.51086
es	wikisource	onu el	2	5	onuel	pt	wikisource	leu no	2	13	leuno	4.430817
es	wikisource	osama	1	12	osama	pt	wikisource	amas o	2	6	amaso	4.51086
es	wikisource	oves	1	5	oves	pt	wikisource	se vo	2	13	sevo	4.430817
es	wikisource	oye ve	2	6	oyeve	pt	wikisource	e veyo	2	12	eveyo	4.51086
es	wikisource	oílla	1	5	oilla	pt	wikisource	alli o	2	13	allio	4.430817
es	wikisource	rio á	2	6	rioa	pt	wikisource	ao ir	2	12	aoir	4.51086
es	wikisource	sanare	1	6	sanare	pt	wikisource	era nas	2	12	eranas	4.51086
es	wikisource	se trae de	3	12	setraede	pt	wikisource	e de artes	3	6	edeartes	4.51086
es	wikisource	seit	1	8	seit	pt	wikisource	ti és	2	10	ties	4.59512
es	wikisource	serpa	1	10	serpa	pt	wikisource	après	1	8	apres	4.59512
es	wikisource	será pa	2	12	serapa	pt	wikisource	a pares	2	6	apares	4.51086
es	wikisource	si pa	2	8	sipa	pt	wikisource	apis	1	10	apis	4.59512
es	wikisource	sola fe	2	6	solafe	pt	wikisource	e fá los	3	12	efalos	4.51086
es	wikisource	sér á	2	6	sera	pt	wikisource	a rês	2	12	ares	4.51086
es	wikisource	sévres	1	11	sevres	pt	wikisource	serves	1	7	serves	4.564348
es	wikisource	sí o se	3	7	siose	pt	wikisource	e sóis	2	11	esois	4.564348
es	wikisource	ti él	2	5	tiel	pt	wikisource	leit	1	13	leit	4.430817
es	wikisource	ue la	2	7	uela	pt	wikisource	a leu	2	11	aleu	4.564348
es	wikisource	á lea	2	9	alea	pt	wikisource	á ela	2	9	aela	4.60517
es	wikisource	á mí se	3	10	amise	pt	wikisource	e sim a	3	8	esima	4.59512
es	wikisource	á verte	2	10	averte	pt	wikisource	e treva	2	8	etreva	4.59512
es	wikisource	ése le	2	12	esele	pt	wikisource	êles e	2	6	elese	4.51086
es	wikisource	ó era	2	5	oera	pt	wikisource	ar e o	3	13	areo	4.430817
es	wikisource	a bet	2	5	abet	pt	wikisource	teba	1	12	teba	4.356709
es	wikisource	a bola	2	8	abola	pt	wikisource	a loba	2	9	aloba	4.49981
es	wikisource	a dares	2	7	adares	pt	wikisource	ser a da	3	10	serada	4.477337
es	wikisource	a dártela	2	5	adartela	pt	wikisource	a letra da	3	12	aletrada	4.356709
es	wikisource	a lea	2	8	alea	pt	wikisource	á ela	2	9	aela	4.49981
es	wikisource	a salas	2	12	asalas	pt	wikisource	salas a	2	5	salasa	4.356709
es	wikisource	a vaca	2	5	avaca	pt	wikisource	a cava	2	12	acava	4.356709
es	wikisource	a ése le	3	6	aesele	pt	wikisource	eles é a	3	11	elesea	4.430817
es	wikisource	aburre de	2	8	aburrede	pt	wikisource	e derruba	2	9	ederruba	4.49981
es	wikisource	acio	1	6	acio	pt	wikisource	oiça	1	11	oica	4.430817
es	wikisource	al aya	2	12	alaya	pt	wikisource	ayala	1	5	ayala	4.356709
es	wikisource	al os	2	5	alos	pt	wikisource	só lá	2	12	sola	4.356709
es	wikisource	alte	1	12	alte	pt	wikisource	et la	2	5	etla	4.356709
es	wikisource	aluna	1	5	aluna	pt	wikisource	anulá	1	12	anula	4.356709
es	wikisource	amar me	2	9	amarme	pt	wikisource	em rama	2	8	emrama	4.49981
es	wikisource	amasó	1	12	amaso	pt	wikisource	os ama	2	5	osama	4.356709
es	wikisource	amet	1	6	amet	pt	wikisource	temã	1	11	tema	4.430817
es	wikisource	ana me	2	9	aname	pt	wikisource	e mana	2	8	emana	4.49981
es	wikisource	arad	1	9	arad	pt	wikisource	dara	1	8	dara	4.49981
es	wikisource	arete	1	11	arete	pt	wikisource	é ter a	3	6	etera	4.430817
es	wikisource	argas	1	5	argas	pt	wikisource	sagra	1	12	sagra	4.356709
es	wikisource	asan	1	9	asan	pt	wikisource	nas a	2	8	nasa	4.49981
es	wikisource	atón	1	9	aton	pt	wikisource	notá	1	8	nota	4.49981
es	wikisource	avaló	1	12	avalo	pt	wikisource	o lava	2	5	olava	4.356709
es	wikisource	canaan	1	12	canaan	pt	wikisource	na anac	2	5	naanac	4.356709
es	wikisource	com o	2	7	como	pt	wikisource	o moç	2	10	omoc	4.477337
es	wikisource	dióc	1	11	dioc	pt	wikisource	coid	1	6	coid	4.430817
es	wikisource	eaces	1	9	eaces	pt	wikisource	seca é	2	8	secae	4.49981
es	wikisource	efeso y	2	6	efesoy	pt	wikisource	yosef é	2	11	yosefe	4.430817
es	wikisource	el ene	2	7	elene	pt	wikisource	en ele	2	10	enele	4.477337
es	wikisource	emes	1	7	emes	pt	wikisource	seme	1	10	seme	4.477337
es	wikisource	es el ave	3	11	eselave	pt	wikisource	e vales e	3	6	evalese	4.430817
es	wikisource	es seis	2	5	esseis	pt	wikisource	si esse	2	12	siesse	4.356709
es	wikisource	es á las	3	8	esalas	pt	wikisource	sala se	2	9	salase	4.49981
es	wikisource	es ágil	2	7	esagil	pt	wikisource	liga se	2	10	ligase	4.477337
es	wikisource	ese al	2	7	eseal	pt	wikisource	lá e se	3	10	laese	4.477337
es	wikisource	ese ni	2	5	eseni	pt	wikisource	inês é	2	12	inese	4.356709
es	wikisource	et ir	2	5	etir	pt	wikisource	ri te	2	12	rite	4.356709
es	wikisource	harà	1	5	hara	pt	wikisource	arah	1	12	arah	4.356709
es	wikisource	léese	1	7	leese	pt	wikisource	e se el	3	10	eseel	4.477337
es	wikisource	mecerá	1	8	mecera	pt	wikisource	a recém	2	9	arecem	4.49981
es	wikisource	melas	1	9	melas	pt	wikisource	salém	1	8	salem	4.49981
es	wikisource	mes e	2	9	mese	pt	wikisource	és em	2	8	esem	4.49981
es	wikisource	meted	1	10	meted	pt	wikisource	de tem	2	7	detem	4.477337
es	wikisource	metelle	1	7	metelle	pt	wikisource	elle tem	2	10	elletem	4.477337
es	wikisource	metia	1	6	metia	pt	wikisource	aí têm	2	11	aitem	4.430817
es	wikisource	mile	1	6	mile	pt	wikisource	elim	1	11	elim	4.430817
es	wikisource	misa le	2	8	misale	pt	wikisource	ela sim	2	9	elasim	4.49981
es	wikisource	o de amor	3	12	odeamor	pt	wikisource	roma e do	3	5	romaedo	4.356709
es	wikisource	o no nos	3	11	ononos	pt	wikisource	sono no	2	6	sonono	4.430817
es	wikisource	oír eso	2	8	oireso	pt	wikisource	o sério	2	9	oserio	4.49981
es	wikisource	rama me	2	5	ramame	pt	wikisource	em amar	2	12	emamar	4.356709
es	wikisource	ramón al	2	7	ramonal	pt	wikisource	lá no mar	3	10	lanomar	4.477337
es	wikisource	re mi	2	7	remi	pt	wikisource	imer	1	10	imer	4.477337
es	wikisource	sal o	2	12	salo	pt	wikisource	olas	1	5	olas	4.356709
es	wikisource	sarça	1	11	sarca	pt	wikisource	a cras	2	6	acras	4.430817
es	wikisource	se la va	3	12	selava	pt	wikisource	avales	1	5	avales	4.356709
es	wikisource	sedie	1	11	sedie	pt	wikisource	e ides	2	6	eides	4.430817
es	wikisource	ser ó	2	10	sero	pt	wikisource	ores	1	7	ores	4.477337
es	wikisource	si ca	2	7	sica	pt	wikisource	ácis	1	10	acis	4.477337
es	wikisource	si es al	3	9	siesal	pt	wikisource	las eis	2	8	laseis	4.49981
es	wikisource	sic a	2	7	sica	pt	wikisource	ácis	1	10	acis	4.477337
es	wikisource	sica	1	7	sica	pt	wikisource	ácis	1	10	acis	4.477337
es	wikisource	solos me	2	12	solosme	pt	wikisource	em solos	2	5	emsolos	4.356709
es	wikisource	sona	1	9	sona	pt	wikisource	á nos	2	8	anos	4.49981
es	wikisource	sosera	1	8	sosera	pt	wikisource	ares os	2	9	aresos	4.49981
es	wikisource	só el	2	8	soel	pt	wikisource	lê os	2	9	leos	4.49981
es	wikisource	ván á	2	6	vana	pt	wikisource	a nav	2	11	anav	4.430817
es	wikisource	á noé	2	12	anoe	pt	wikisource	e onã	2	5	eona	4.356709
es	wikisource	á palos	2	9	apalos	pt	wikisource	solapa	1	8	solapa	4.49981
es	wikisource	álos	1	5	alos	pt	wikisource	só lá	2	12	sola	4.356709
es	wikisource	él eso	2	12	eleso	pt	wikisource	os ele	2	5	osele	4.356709
es	wikisource	ó dar	2	6	odar	pt	wikisource	rado	1	11	rado	4.430817
es	wikisource	ótro	1	10	otro	pt	wikisource	or to	2	7	orto	4.477337
es	wikisource	a cima	2	11	acima	pt	wikisource	a mica	2	5	amica	4.276666
es	wikisource	a ios	2	5	aios	pt	wikisource	só ia	2	11	soia	4.276666
es	wikisource	adam a	2	9	adama	pt	wikisource	ama da	2	7	amada	4.382027
es	wikisource	aera	1	11	aera	pt	wikisource	arêa	1	5	area	4.276666
es	wikisource	agapa	1	5	agapa	pt	wikisource	apagá	1	11	apaga	4.276666
es	wikisource	alsa	1	5	alsa	pt	wikisource	as lá	2	11	asla	4.276666
es	wikisource	aluda	1	9	aluda	pt	wikisource	adula	1	7	adula	4.382027
es	wikisource	alá el	2	10	alael	pt	wikisource	leal a	2	6	leala	4.343805
es	wikisource	amica	1	7	amica	pt	wikisource	a cima	2	9	acima	4.382027
es	wikisource	amon	1	9	amon	pt	wikisource	nom a	2	7	noma	4.382027
es	wikisource	amára	1	8	amara	pt	wikisource	a ramá	2	8	arama	4.394449
es	wikisource	anita la	2	10	anitala	pt	wikisource	a latina	2	6	alatina	4.343805
es	wikisource	ano se	2	5	anose	pt	wikisource	e só na	3	11	esona	4.276666
es	wikisource	ansíe	1	7	ansie	pt	wikisource	eis na	2	9	eisna	4.382027
es	wikisource	arab	1	7	arab	pt	wikisource	bara	1	9	bara	4.382027
es	wikisource	arete	1	11	arete	pt	wikisource	e ter a	3	5	etera	4.276666
es	wikisource	arran	1	5	arran	pt	wikisource	narrá	1	11	narra	4.276666
es	wikisource	atarte	1	9	atarte	pt	wikisource	e tratá	2	7	etrata	4.382027
es	wikisource	avan	1	5	avan	pt	wikisource	nava	1	11	nava	4.276666
es	wikisource	avas	1	6	avas	pt	wikisource	sava	1	10	sava	4.343805
es	wikisource	do te	2	10	dote	pt	wikisource	é tod	2	6	etod	4.343805
es	wikisource	e arias	2	8	earias	pt	wikisource	saíra e	2	8	sairae	4.394449
es	wikisource	e rio	2	10	erio	pt	wikisource	oír e	2	6	oire	4.343805
es	wikisource	e san	2	6	esan	pt	wikisource	nas e	2	10	nase	4.343805
es	wikisource	edad a las	3	6	edadalas	pt	wikisource	salada de	2	10	saladade	4.343805
es	wikisource	eh lo	2	5	ehlo	pt	wikisource	o lhe	2	11	olhe	4.276666
es	wikisource	el avo	2	9	elavo	pt	wikisource	oval e	2	7	ovale	4.382027
es	wikisource	eleale	1	5	eleale	pt	wikisource	ela ele	2	11	elaele	4.276666
es	wikisource	es será	2	5	essera	pt	wikisource	ares se	2	11	aresse	4.276666
es	wikisource	etsi	1	9	etsi	pt	wikisource	iste	1	7	iste	4.382027
es	wikisource	id á la	3	5	idala	pt	wikisource	aladi	1	11	aladi	4.276666
es	wikisource	lee se	2	6	leese	pt	wikisource	e se el	3	10	eseel	4.343805
es	wikisource	limeta	1	11	limeta	pt	wikisource	até mil	2	5	atemil	4.276666
es	wikisource	mas e	2	11	mase	pt	wikisource	e sam	2	5	esam	4.276666
es	wikisource	me lave	2	9	melave	pt	wikisource	e valem	2	7	evalem	4.382027
es	wikisource	me seria	2	10	meseria	pt	wikisource	aires em	2	6	airesem	4.343805
es	wikisource	miles o	2	5	mileso	pt	wikisource	o selim	2	11	oselim	4.276666
es	wikisource	misná	1	11	misna	pt	wikisource	ansim	1	5	ansim	4.276666
es	wikisource	morse	1	6	morse	pt	wikisource	esrom	1	10	esrom	4.343805
es	wikisource	mos a	2	10	mosa	pt	wikisource	as om	2	6	asom	4.343805
es	wikisource	no co	2	5	noco	pt	wikisource	o con	2	11	ocon	4.276666
es	wikisource	nonne	1	8	nonne	pt	wikisource	én non	2	8	ennon	4.394449
es	wikisource	o a no	3	11	oano	pt	wikisource	ó não	2	5	onao	4.276666
es	wikisource	o aval	2	6	oaval	pt	wikisource	lava o	2	10	lavao	4.343805
es	wikisource	o ave	2	7	oave	pt	wikisource	eva o	2	9	evao	4.382027
es	wikisource	os se	2	5	osse	pt	wikisource	és só	2	11	esso	4.276666
es	wikisource	os sé	2	5	osse	pt	wikisource	és só	2	11	esso	4.276666
es	wikisource	sabas a	2	6	sabasa	pt	wikisource	às abas	2	10	asabas	4.343805
es	wikisource	salama	1	9	salama	pt	wikisource	amá las	2	7	amalas	4.382027
es	wikisource	salame	1	11	salame	pt	wikisource	e malas	2	5	emalas	4.276666
es	wikisource	salame	1	11	salame	pt	wikisource	em alas	2	5	emalas	4.276666
es	wikisource	se son	2	10	seson	pt	wikisource	nós és	2	6	noses	4.343805
es	wikisource	sed o	2	11	sedo	pt	wikisource	o des	2	5	odes	4.276666
es	wikisource	seed	1	8	seed	pt	wikisource	de es	2	8	dees	4.394449
es	wikisource	ser ama	2	5	serama	pt	wikisource	amares	1	11	amares	4.276666
es	wikisource	ser e	2	10	sere	pt	wikisource	eres	1	6	eres	4.343805
es	wikisource	ser roto	2	5	serroto	pt	wikisource	o torres	2	11	otorres	4.276666
es	wikisource	xi las	2	9	xilas	pt	wikisource	salix	1	7	salix	4.382027
es	wikisource	zope	1	10	zope	pt	wikisource	e pôz	2	6	epoz	4.343805
es	wikisource	à mas	2	7	amas	pt	wikisource	samá	1	9	sama	4.382027
es	wikisource	á temer	2	6	atemer	pt	wikisource	remeta	1	10	remeta	4.343805
es	wikisource	ó ser	2	8	oser	pt	wikisource	reso	1	8	reso	4.394449
es	wikisource	ótro	1	10	otro	pt	wikisource	orto	1	6	orto	4.343805
es	wikisource	úitimo	1	5	uitimo	pt	wikisource	omitiu	1	11	omitiu	4.276666
es	wikisource	a cama	2	10	acama	pt	wikisource	a maca	2	5	amaca	4.189655
es	wikisource	a dar es	3	5	adares	pt	wikisource	ser a da	3	10	serada	4.189655
es	wikisource	a el le	3	8	aelle	pt	wikisource	elle á	2	7	ellea	4.276666
es	wikisource	a esso	2	8	aesso	pt	wikisource	óssea	1	7	ossea	4.276666
es	wikisource	a la ruta	3	9	alaruta	pt	wikisource	aturá la	2	6	aturala	4.248495
es	wikisource	a la sed	3	10	alased	pt	wikisource	de salá	2	5	desala	4.189655
es	wikisource	a mi se	3	7	amise	pt	wikisource	e sim a	3	8	esima	4.276666
es	wikisource	a ropa	2	10	aropa	pt	wikisource	aporá	1	5	apora	4.189655
es	wikisource	aarp	1	8	aarp	pt	wikisource	pra a	2	7	praa	4.276666
es	wikisource	ag la	2	5	agla	pt	wikisource	alg a	2	10	alga	4.189655
es	wikisource	ah en	2	9	ahen	pt	wikisource	neha	1	6	neha	4.248495
es	wikisource	al té	2	10	alte	pt	wikisource	et la	2	5	etla	4.189655
es	wikisource	ana las	2	7	analas	pt	wikisource	sala na	2	8	salana	4.276666
es	wikisource	ansi el	2	7	ansiel	pt	wikisource	leis na	2	8	leisna	4.276666
es	wikisource	ansié	1	6	ansie	pt	wikisource	eis na	2	9	eisna	4.248495
es	wikisource	ansí él	2	7	ansiel	pt	wikisource	leis na	2	8	leisna	4.276666
es	wikisource	aonia	1	8	aonia	pt	wikisource	ainoã	1	7	ainoa	4.276666
es	wikisource	arad	1	9	arad	pt	wikisource	da rã	2	6	dara	4.248495
es	wikisource	areal	1	5	areal	pt	wikisource	la era	2	10	laera	4.189655
es	wikisource	así eres	2	9	asieres	pt	wikisource	sereis a	2	6	sereisa	4.248495
es	wikisource	atrape	1	9	atrape	pt	wikisource	e parta	2	6	eparta	4.248495
es	wikisource	atro	1	5	atro	pt	wikisource	orta	1	10	orta	4.189655
es	wikisource	auras se	2	6	aurasse	pt	wikisource	essa rua	2	9	essarua	4.248495
es	wikisource	auías	1	10	auias	pt	wikisource	saíu a	2	5	saiua	4.189655
es	wikisource	avivé	1	5	avive	pt	wikisource	é viva	2	10	eviva	4.189655
es	wikisource	azúl	1	10	azul	pt	wikisource	luza	1	5	luza	4.189655
es	wikisource	añoa	1	7	anoa	pt	wikisource	ão na	2	8	aona	4.276666
es	wikisource	años ser	2	6	anosser	pt	wikisource	ressona	1	9	ressona	4.248495
es	wikisource	e amor	2	6	eamor	pt	wikisource	roma é	2	9	romae	4.248495
es	wikisource	e as et	3	10	easet	pt	wikisource	tesa e	2	5	tesae	4.189655
es	wikisource	e oído	2	6	eoido	pt	wikisource	odio e	2	9	odioe	4.248495
es	wikisource	el ed	2	5	eled	pt	wikisource	de le	2	10	dele	4.189655
es	wikisource	eles	1	10	eles	pt	wikisource	sele	1	5	sele	4.189655
es	wikisource	elía	1	7	elia	pt	wikisource	ai lê	2	8	aile	4.276666
es	wikisource	era seca	2	7	eraseca	pt	wikisource	a césar e	3	8	acesare	4.276666
es	wikisource	eral	1	5	eral	pt	wikisource	lar é	2	10	lare	4.189655
es	wikisource	es ana	2	7	esana	pt	wikisource	ana se	2	8	anase	4.276666
es	wikisource	es ana	2	7	esana	pt	wikisource	anás e	2	8	anase	4.276666
es	wikisource	es ia	2	5	esia	pt	wikisource	ais e	2	10	aise	4.189655
es	wikisource	es oído	2	7	esoido	pt	wikisource	ódio se	2	8	odiose	4.276666
es	wikisource	es sea	2	5	essea	pt	wikisource	à esse	2	10	aesse	4.189655
es	wikisource	ese son	2	9	eseson	pt	wikisource	nós e se	3	6	nosese	4.248495
es	wikisource	et ad	2	8	etad	pt	wikisource	date	1	7	date	4.276666
es	wikisource	horam	1	8	horam	pt	wikisource	mar oh	2	7	maroh	4.276666
es	wikisource	iole	1	6	iole	pt	wikisource	eloi	1	9	eloi	4.248495
es	wikisource	la ra	2	8	lara	pt	wikisource	aral	1	7	aral	4.276666
es	wikisource	la turbó	2	9	laturbo	pt	wikisource	o brutal	2	6	obrutal	4.248495
es	wikisource	limón a	2	5	limona	pt	wikisource	ano mil	2	10	anomil	4.189655
es	wikisource	los me	2	8	losme	pt	wikisource	em sol	2	7	emsol	4.276666
es	wikisource	me la dé	3	9	melade	pt	wikisource	e dalém	2	6	edalem	4.248495
es	wikisource	me odias	2	7	meodias	pt	wikisource	saído em	2	8	saidoem	4.276666
es	wikisource	meson	1	5	meson	pt	wikisource	no sem	2	10	nosem	4.189655
es	wikisource	mo se	2	5	mose	pt	wikisource	e som	2	10	esom	4.189655
es	wikisource	mos a	2	10	mosa	pt	wikisource	às om	2	5	asom	4.189655
es	wikisource	muse	1	10	muse	pt	wikisource	es um	2	5	esum	4.189655
es	wikisource	nisa	1	10	nisa	pt	wikisource	as in	2	5	asin	4.189655
es	wikisource	nonne	1	8	nonne	pt	wikisource	en non	2	7	ennon	4.276666
es	wikisource	noso	1	10	noso	pt	wikisource	o son	2	5	oson	4.189655
es	wikisource	o año	2	10	oano	pt	wikisource	ó não	2	5	onao	4.189655
es	wikisource	o dada	2	8	odada	pt	wikisource	á dado	2	7	adado	4.276666
es	wikisource	o dadme	2	8	odadme	pt	wikisource	em dado	2	7	emdado	4.276666
es	wikisource	o la fe	3	7	olafe	pt	wikisource	e falo	2	8	efalo	4.276666
es	wikisource	odiase	1	6	odiase	pt	wikisource	e sai do	3	9	esaido	4.248495
es	wikisource	ola el	2	5	olael	pt	wikisource	leal o	2	10	lealo	4.189655
es	wikisource	ones	1	5	ones	pt	wikisource	sen o	2	10	seno	4.189655
es	wikisource	red o	2	9	redo	pt	wikisource	oder	1	6	oder	4.248495
es	wikisource	regil	1	5	regil	pt	wikisource	liger	1	10	liger	4.189655
es	wikisource	remi	1	5	remi	pt	wikisource	imer	1	10	imer	4.189655
es	wikisource	revé	1	5	reve	pt	wikisource	ever	1	10	ever	4.189655
es	wikisource	rêve	1	5	reve	pt	wikisource	ever	1	10	ever	4.189655
es	wikisource	saja	1	7	saja	pt	wikisource	ajas	1	8	ajas	4.276666
es	wikisource	samet	1	5	samet	pt	wikisource	tem às	2	10	temas	4.189655
es	wikisource	sansón a	2	7	sansona	pt	wikisource	anos nas	2	8	anosnas	4.276666
es	wikisource	sara de	2	6	sarade	pt	wikisource	e darás	2	9	edaras	4.248495
es	wikisource	se lame	2	10	selame	pt	wikisource	e males	2	5	emales	4.189655
es	wikisource	seda de los	3	7	sedadelos	pt	wikisource	soledades	1	8	soledades	4.276666
es	wikisource	ser ésa	2	8	seresa	pt	wikisource	a seres	2	7	aseres	4.276666
es	wikisource	seria e	2	7	seriae	pt	wikisource	e aires	2	8	eaires	4.276666
es	wikisource	sero	1	8	sero	pt	wikisource	ores	1	7	ores	4.276666
es	wikisource	sitas	1	7	sitas	pt	wikisource	satis	1	8	satis	4.276666
es	wikisource	soave	1	5	soave	pt	wikisource	e vãos	2	10	evaos	4.189655
es	wikisource	soca	1	6	soca	pt	wikisource	aços	1	9	acos	4.248495
es	wikisource	son son	2	5	sonson	pt	wikisource	nos nos	2	10	nosnos	4.189655
es	wikisource	sona	1	9	sona	pt	wikisource	à nós	2	6	anos	4.248495
es	wikisource	sonsa	1	8	sonsa	pt	wikisource	as nos	2	7	asnos	4.276666
es	wikisource	sonsos	1	9	sonsos	pt	wikisource	sós nos	2	6	sosnos	4.248495
es	wikisource	sort	1	9	sort	pt	wikisource	tros	1	6	tros	4.248495
es	wikisource	su iris	2	5	suiris	pt	wikisource	sírius	1	10	sirius	4.189655
es	wikisource	urco	1	8	urco	pt	wikisource	o cru	2	7	ocru	4.276666
es	wikisource	vedo	1	9	vedo	pt	wikisource	o dev	2	6	odev	4.248495
es	wikisource	á dias	2	5	adias	pt	wikisource	said a	2	10	saida	4.189655
es	wikisource	ó si se	3	9	osise	pt	wikisource	e siso	2	6	esiso	4.248495
es	wikisource	ódios	1	8	odios	pt	wikisource	soído	1	7	soido	4.276666
es	wikisource	a arias	2	5	aarias	pt	wikisource	sairá a	2	9	sairaa	4.094345
es	wikisource	a día a	3	6	adiaa	pt	wikisource	a aída	2	8	aaida	4.143135
es	wikisource	a la sana	3	9	alasana	pt	wikisource	a na sala	3	5	anasala	4.094345
es	wikisource	a paja	2	9	apaja	pt	wikisource	ajapa	1	5	ajapa	4.094345
es	wikisource	a romana	2	8	aromana	pt	wikisource	a namorá	2	6	anamora	4.143135
es	wikisource	a sal	2	8	asal	pt	wikisource	las á	2	6	lasa	4.143135
es	wikisource	a tera	2	7	atera	pt	wikisource	a reta	2	7	areta	4.158883
es	wikisource	ah le	2	8	ahle	pt	wikisource	el ha	2	6	elha	4.143135
es	wikisource	aire va	2	7	aireva	pt	wikisource	a veria	2	7	averia	4.158883
es	wikisource	aisa	1	8	aisa	pt	wikisource	as ia	2	6	asia	4.143135
es	wikisource	aivar	1	5	aivar	pt	wikisource	ravia	1	9	ravia	4.094345
es	wikisource	ala el	2	8	alael	pt	wikisource	leal a	2	6	leala	4.143135
es	wikisource	amon	1	9	amon	pt	wikisource	no ma	2	5	noma	4.094345
es	wikisource	ana me	2	9	aname	pt	wikisource	em ana	2	5	emana	4.094345
es	wikisource	ana un	2	9	anaun	pt	wikisource	nua na	2	5	nuana	4.094345
es	wikisource	así ama	2	5	asiama	pt	wikisource	a mais a	3	9	amaisa	4.094345
es	wikisource	atrapé	1	8	atrape	pt	wikisource	e parta	2	6	eparta	4.143135
es	wikisource	año va	2	9	anova	pt	wikisource	avo na	2	5	avona	4.094345
es	wikisource	aùn en	2	6	aunen	pt	wikisource	nen ũa	2	8	nenua	4.143135
es	wikisource	el bon	2	8	elbon	pt	wikisource	noble	1	6	noble	4.143135
es	wikisource	el ed	2	5	eled	pt	wikisource	del e	2	9	dele	4.094345
es	wikisource	elos	1	5	elos	pt	wikisource	sole	1	9	sole	4.094345
es	wikisource	en as	2	9	enas	pt	wikisource	sane	1	5	sane	4.094345
es	wikisource	en il	2	8	enil	pt	wikisource	line	1	6	line	4.143135
es	wikisource	en ola	2	7	enola	pt	wikisource	alone	1	7	alone	4.158883
es	wikisource	era et	2	9	eraet	pt	wikisource	tear e	2	5	teare	4.094345
es	wikisource	eva el	2	8	evael	pt	wikisource	leave	1	6	leave	4.143135
es	wikisource	hará es	2	7	haraes	pt	wikisource	se arah	2	7	searah	4.158883
es	wikisource	macas	1	9	macas	pt	wikisource	sacam	1	5	sacam	4.094345
es	wikisource	matame	1	6	matame	pt	wikisource	e matam	2	8	ematam	4.143135
es	wikisource	matar e	2	5	matare	pt	wikisource	era tam	2	9	eratam	4.094345
es	wikisource	messa	1	8	messa	pt	wikisource	assem	1	6	assem	4.143135
es	wikisource	mi las	2	8	milas	pt	wikisource	salim	1	6	salim	4.143135
es	wikisource	murete	1	6	murete	pt	wikisource	e ter um	3	8	eterum	4.143135
es	wikisource	mí ves	2	5	mives	pt	wikisource	se vim	2	9	sevim	4.094345
es	wikisource	mó de	2	6	mode	pt	wikisource	é dom	2	8	edom	4.143135
es	wikisource	na da	2	7	nada	pt	wikisource	adan	1	7	adan	4.158883
es	wikisource	neros	1	6	neros	pt	wikisource	soren	1	8	soren	4.143135
es	wikisource	o amor a	3	5	oamora	pt	wikisource	aroma o	2	9	aromao	4.094345
es	wikisource	o se te	3	8	osete	pt	wikisource	e teso	2	6	eteso	4.143135
es	wikisource	o si eres	3	6	osieres	pt	wikisource	sereis o	2	8	sereiso	4.143135
es	wikisource	olet	1	6	olet	pt	wikisource	tel o	2	8	telo	4.143135
es	wikisource	olés	1	6	oles	pt	wikisource	sel o	2	8	selo	4.143135
es	wikisource	ones	1	5	ones	pt	wikisource	sé no	2	9	seno	4.094345
es	wikisource	orra	1	9	orra	pt	wikisource	arro	1	5	arro	4.094345
es	wikisource	oye me	2	5	oyeme	pt	wikisource	e meyo	2	9	emeyo	4.094345
es	wikisource	oía me	2	6	oiame	pt	wikisource	e maio	2	8	emaio	4.143135
es	wikisource	raro a	2	9	raroa	pt	wikisource	aorar	1	5	aorar	4.094345
es	wikisource	rates	1	9	rates	pt	wikisource	setar	1	5	setar	4.094345
es	wikisource	reme	1	8	reme	pt	wikisource	emer	1	6	emer	4.143135
es	wikisource	roco	1	6	roco	pt	wikisource	o cor	2	8	ocor	4.143135
es	wikisource	roma e	2	7	romae	pt	wikisource	e a mor	3	7	eamor	4.158883
es	wikisource	sabé	1	9	sabe	pt	wikisource	ebas	1	5	ebas	4.094345
es	wikisource	salus	1	8	salus	pt	wikisource	sul as	2	6	sulas	4.143135
es	wikisource	seos	1	7	seos	pt	wikisource	sóes	1	7	soes	4.158883
es	wikisource	seredes	1	9	seredes	pt	wikisource	se deres	2	5	sederes	4.094345
es	wikisource	serre	1	9	serre	pt	wikisource	erres	1	5	erres	4.094345
es	wikisource	seva	1	5	seva	pt	wikisource	a vês	2	9	aves	4.094345
es	wikisource	siaf	1	5	siaf	pt	wikisource	fais	1	9	fais	4.094345
es	wikisource	solam	1	7	solam	pt	wikisource	malos	1	7	malos	4.158883
es	wikisource	sona	1	9	sona	pt	wikisource	años	1	5	anos	4.094345
es	wikisource	sonó su	2	5	sonosu	pt	wikisource	uso nos	2	9	usonos	4.094345
es	wikisource	sí ama	2	5	siama	pt	wikisource	a máis	2	9	amais	4.094345
es	wikisource	sí él es	3	7	sieles	pt	wikisource	se leis	2	7	seleis	4.158883
es	wikisource	ues se	2	5	uesse	pt	wikisource	és seu	2	9	esseu	4.094345
es	wikisource	álas	1	9	alas	pt	wikisource	sal a	2	5	sala	4.094345
es	wikisource	átropos	1	8	atropos	pt	wikisource	só porta	2	6	soporta	4.143135
es	wikisource	ésaco	1	9	esaco	pt	wikisource	ocas e	2	5	ocase	4.094345
es	wikisource	a dama	2	6	adama	pt	wikisource	ama da	2	7	amada	4.025352
es	wikisource	a más o	3	8	amaso	pt	wikisource	os ama	2	5	osama	3.988984
es	wikisource	a neso	2	6	aneso	pt	wikisource	o sena	2	7	osena	4.025352
es	wikisource	a rial	2	5	arial	pt	wikisource	lá irá	2	8	laira	3.988984
es	wikisource	a riva	2	8	ariva	pt	wikisource	a vir à	3	5	avira	3.988984
es	wikisource	a sid	2	8	asid	pt	wikisource	disã	1	5	disa	3.988984
es	wikisource	a vis	2	6	avis	pt	wikisource	siva	1	7	siva	4.025352
es	wikisource	acabá	1	6	acaba	pt	wikisource	a baça	2	7	abaca	4.025352
es	wikisource	afeo	1	7	afeo	pt	wikisource	o efa	2	6	oefa	4.025352
es	wikisource	agrada á	2	5	agradaa	pt	wikisource	a adarga	2	8	aadarga	3.988984
es	wikisource	alaya	1	8	alaya	pt	wikisource	ayala	1	5	ayala	3.988984
es	wikisource	aleson	1	8	aleson	pt	wikisource	nos ela	2	5	nosela	3.988984
es	wikisource	amáredes	1	5	amaredes	pt	wikisource	se deram a	3	8	sederama	3.988984
es	wikisource	ana fue	2	8	anafue	pt	wikisource	e ufana	2	5	eufana	3.988984
es	wikisource	annata	1	6	annata	pt	wikisource	a tanna	2	7	atanna	4.025352
es	wikisource	ara a	2	7	araa	pt	wikisource	a ara	2	6	aara	4.025352
es	wikisource	asían a	2	7	asiana	pt	wikisource	anais a	2	6	anaisa	4.025352
es	wikisource	atropos	1	7	atropos	pt	wikisource	só porta	2	6	soporta	4.025352
es	wikisource	atun	1	7	atun	pt	wikisource	nuta	1	6	nuta	4.025352
es	wikisource	aval o	2	8	avalo	pt	wikisource	o lava	2	5	olava	3.988984
es	wikisource	biba	1	6	biba	pt	wikisource	abib	1	7	abib	4.025352
es	wikisource	daba o	2	8	dabao	pt	wikisource	o abad	2	5	oabad	3.988984
es	wikisource	e arias	2	8	earias	pt	wikisource	sairá e	2	5	sairae	3.988984
es	wikisource	el ea	2	6	elea	pt	wikisource	a el e	3	7	aele	4.025352
es	wikisource	esas se	2	8	esasse	pt	wikisource	essa se	2	5	essase	3.988984
es	wikisource	ese al	2	7	eseal	pt	wikisource	la e se	3	6	laese	4.025352
es	wikisource	eva es	2	5	evaes	pt	wikisource	se a vê	3	8	seave	3.988984
es	wikisource	evadan	1	7	evadan	pt	wikisource	nada vê	2	6	nadave	4.025352
es	wikisource	evil	1	7	evil	pt	wikisource	live	1	6	live	4.025352
es	wikisource	haráse	1	7	harase	pt	wikisource	e sarah	2	6	esarah	4.025352
es	wikisource	la sacó a	3	8	lasacoa	pt	wikisource	ao casal	2	5	aocasal	3.988984
es	wikisource	la tol	2	7	latol	pt	wikisource	lo tal	2	6	lotal	4.025352
es	wikisource	laüd	1	6	laud	pt	wikisource	dual	1	7	dual	4.025352
es	wikisource	mata me	2	5	matame	pt	wikisource	e matam	2	8	ematam	3.988984
es	wikisource	me te	2	6	mete	pt	wikisource	é tem	2	7	etem	4.025352
es	wikisource	mes a las	3	8	mesalas	pt	wikisource	salas em	2	5	salasem	3.988984
es	wikisource	meter á	2	5	metera	pt	wikisource	a retém	2	8	aretem	3.988984
es	wikisource	mode	1	5	mode	pt	wikisource	é dom	2	8	edom	3.988984
es	wikisource	mutan	1	8	mutan	pt	wikisource	natum	1	5	natum	3.988984
es	wikisource	noti	1	8	noti	pt	wikisource	it on	2	5	iton	3.988984
es	wikisource	o ana	2	5	oana	pt	wikisource	a nao	2	8	anao	3.988984
es	wikisource	o día	2	7	odia	pt	wikisource	aí do	2	6	aido	4.025352
es	wikisource	o iré	2	8	oire	pt	wikisource	é rio	2	5	erio	3.988984
es	wikisource	o salas	2	7	osalas	pt	wikisource	salas o	2	6	salaso	4.025352
es	wikisource	olate	1	7	olate	pt	wikisource	é tal o	3	6	etalo	4.025352
es	wikisource	olet	1	6	olet	pt	wikisource	telo	1	7	telo	4.025352
es	wikisource	onu es	2	5	onues	pt	wikisource	seu no	2	8	seuno	3.988984
es	wikisource	os iré	2	6	osire	pt	wikisource	é riso	2	7	eriso	4.025352
es	wikisource	osare	1	8	osare	pt	wikisource	e raso	2	5	eraso	3.988984
es	wikisource	ra el	2	5	rael	pt	wikisource	lear	1	8	lear	3.988984
es	wikisource	riñes	1	8	rines	pt	wikisource	senir	1	5	senir	3.988984
es	wikisource	sala me	2	8	salame	pt	wikisource	e malas	2	5	emalas	3.988984
es	wikisource	sala me	2	8	salame	pt	wikisource	em alas	2	5	emalas	3.988984
es	wikisource	samson	1	5	samson	pt	wikisource	nos mas	2	8	nosmas	3.988984
es	wikisource	sano su	2	5	sanosu	pt	wikisource	uso nas	2	8	usonas	3.988984
es	wikisource	sanó de	2	8	sanode	pt	wikisource	e donas	2	5	edonas	3.988984
es	wikisource	sarama	1	5	sarama	pt	wikisource	amar as	2	8	amaras	3.988984
es	wikisource	se ver	2	7	sever	pt	wikisource	rêves	1	6	reves	4.025352
es	wikisource	sedet	1	6	sedet	pt	wikisource	te dês	2	7	tedes	4.025352
es	wikisource	selene	1	7	selene	pt	wikisource	en eles	2	6	eneles	4.025352
es	wikisource	seos	1	7	seos	pt	wikisource	só és	2	6	soes	4.025352
es	wikisource	será es	2	6	seraes	pt	wikisource	se ares	2	7	seares	4.025352
es	wikisource	sessé	1	8	sesse	pt	wikisource	êsses	1	5	esses	3.988984
es	wikisource	si pa	2	8	sipa	pt	wikisource	ápis	1	5	apis	3.988984
es	wikisource	sian	1	5	sian	pt	wikisource	nais	1	8	nais	3.988984
es	wikisource	silua	1	6	silua	pt	wikisource	áulis	1	7	aulis	4.025352
es	wikisource	son son	2	5	sonson	pt	wikisource	nós nós	2	8	nosnos	3.988984
es	wikisource	sonora a	2	7	sonoraa	pt	wikisource	aaron os	2	6	aaronos	4.025352
es	wikisource	sual	1	6	sual	pt	wikisource	laus	1	7	laus	4.025352
es	wikisource	uno loco	2	6	unoloco	pt	wikisource	o colo nu	3	7	ocolonu	4.025352
es	wikisource	vacó	1	8	vaco	pt	wikisource	o cav	2	5	ocav	3.988984
es	wikisource	yered	1	5	yered	pt	wikisource	de rey	2	8	derey	3.988984
es	wikisource	yerres	1	6	yerres	pt	wikisource	ser rey	2	7	serrey	4.025352
es	wikisource	yuma	1	8	yuma	pt	wikisource	a muy	2	5	amuy	3.988984
es	wikisource	á nabal	2	6	anabal	pt	wikisource	laban a	2	7	labana	4.025352
es	wikisource	á obed	2	8	aobed	pt	wikisource	dê boa	2	5	deboa	3.988984
es	wikisource	ámale	1	5	amale	pt	wikisource	e lama	2	8	elama	3.988984
es	wikisource	ó les	2	5	oles	pt	wikisource	sel o	2	8	selo	3.988984
es	wikisource	ódios	1	8	odios	pt	wikisource	soido	1	5	soido	3.988984
es	wikisource	śiva	1	5	siva	pt	wikisource	a vis	2	8	avis	3.988984
es	wikisource	a han	2	7	ahan	pt	wikisource	na há	2	5	naha	3.871201
es	wikisource	a la es	3	6	alaes	pt	wikisource	se ala	2	6	seala	3.89182
es	wikisource	a luca	2	5	aluca	pt	wikisource	açula	1	7	acula	3.871201
es	wikisource	a mí tal	3	5	amital	pt	wikisource	latim a	2	7	latima	3.871201
es	wikisource	a sam	2	6	asam	pt	wikisource	mas á	2	6	masa	3.89182
es	wikisource	a ser al	3	7	aseral	pt	wikisource	lares a	2	5	laresa	3.871201
es	wikisource	a suma	2	5	asuma	pt	wikisource	à musa	2	7	amusa	3.871201
es	wikisource	adam en	2	5	adamen	pt	wikisource	nem a da	3	7	nemada	3.871201
es	wikisource	ah al	2	5	ahal	pt	wikisource	la há	2	7	laha	3.871201
es	wikisource	aira	1	7	aira	pt	wikisource	aria	1	5	aria	3.871201
es	wikisource	alanís	1	5	alanis	pt	wikisource	sinal à	2	7	sinala	3.871201
es	wikisource	anal	1	6	anal	pt	wikisource	lana	1	6	lana	3.89182
es	wikisource	así e	2	7	asie	pt	wikisource	eis à	2	5	eisa	3.871201
es	wikisource	asús	1	7	asus	pt	wikisource	susa	1	5	susa	3.871201
es	wikisource	atice	1	7	atice	pt	wikisource	e cita	2	5	ecita	3.871201
es	wikisource	aura es	2	6	auraes	pt	wikisource	se à rua	3	6	searua	3.89182
es	wikisource	avala	1	7	avala	pt	wikisource	alava	1	5	alava	3.871201
es	wikisource	dan es	2	7	danes	pt	wikisource	senad	1	5	senad	3.871201
es	wikisource	e dió	2	5	edio	pt	wikisource	o id e	3	7	oide	3.871201
es	wikisource	edom en	2	6	edomen	pt	wikisource	nem o de	3	6	nemode	3.89182
es	wikisource	el am	2	6	elam	pt	wikisource	male	1	6	male	3.89182
es	wikisource	el ene	2	7	elene	pt	wikisource	é nele	2	5	enele	3.871201
es	wikisource	emes	1	7	emes	pt	wikisource	sê me	2	5	seme	3.871201
es	wikisource	en non	2	6	ennon	pt	wikisource	nonne	1	6	nonne	3.89182
es	wikisource	ene de	2	7	enede	pt	wikisource	éden é	2	5	edene	3.871201
es	wikisource	es se ha	3	7	esseha	pt	wikisource	ah esse	2	5	ahesse	3.871201
es	wikisource	eser	1	6	eser	pt	wikisource	res e	2	6	rese	3.89182
es	wikisource	eser	1	6	eser	pt	wikisource	rês e	2	6	rese	3.89182
es	wikisource	eíte	1	6	eite	pt	wikisource	e ti e	3	6	etie	3.89182
es	wikisource	isac	1	5	isac	pt	wikisource	casi	1	7	casi	3.871201
es	wikisource	le vé	2	5	leve	pt	wikisource	e vel	2	7	evel	3.871201
es	wikisource	lose	1	5	lose	pt	wikisource	é sol	2	7	esol	3.871201
es	wikisource	ma or	2	7	maor	pt	wikisource	roam	1	5	roam	3.871201
es	wikisource	mamaos	1	7	mamaos	pt	wikisource	só amam	2	5	soamam	3.871201
es	wikisource	me via	2	5	mevia	pt	wikisource	ai vem	2	7	aivem	3.871201
es	wikisource	meté	1	5	mete	pt	wikisource	é tem	2	7	etem	3.871201
es	wikisource	mudes	1	7	mudes	pt	wikisource	se dum	2	5	sedum	3.871201
es	wikisource	murete	1	6	murete	pt	wikisource	é ter um	3	6	eterum	3.89182
es	wikisource	muía	1	6	muia	pt	wikisource	ai um	2	6	aium	3.89182
es	wikisource	niam	1	6	niam	pt	wikisource	main	1	6	main	3.89182
es	wikisource	no sa	2	5	nosa	pt	wikisource	à son	2	7	ason	3.871201
es	wikisource	o a cada	3	5	oacada	pt	wikisource	a dação	2	7	adacao	3.871201
es	wikisource	o asá	2	5	oasa	pt	wikisource	asa o	2	7	asao	3.871201
es	wikisource	o corto	2	7	ocorto	pt	wikisource	o troço	2	5	otroco	3.871201
es	wikisource	odies	1	5	odies	pt	wikisource	se ido	2	7	seido	3.871201
es	wikisource	olés	1	6	oles	pt	wikisource	sêlo	1	6	selo	3.89182
es	wikisource	omai	1	5	omai	pt	wikisource	iam o	2	7	iamo	3.871201
es	wikisource	os irá	2	6	osira	pt	wikisource	a riso	2	6	ariso	3.89182
es	wikisource	osa iv	2	6	osaiv	pt	wikisource	via só	2	6	viaso	3.89182
es	wikisource	otos	1	7	otos	pt	wikisource	soto	1	5	soto	3.871201
es	wikisource	riala	1	5	riala	pt	wikisource	a lá ir	3	7	alair	3.871201
es	wikisource	riala	1	5	riala	pt	wikisource	alá ir	2	7	alair	3.871201
es	wikisource	rodo	1	5	rodo	pt	wikisource	ó dor	2	7	odor	3.871201
es	wikisource	romae	1	5	romae	pt	wikisource	e a mor	3	7	eamor	3.871201
es	wikisource	ría la	2	5	riala	pt	wikisource	a lá ir	3	7	alair	3.871201
es	wikisource	ría la	2	5	riala	pt	wikisource	alá ir	2	7	alair	3.871201
es	wikisource	sedem	1	6	sedem	pt	wikisource	medes	1	6	medes	3.89182
es	wikisource	seus	1	7	seus	pt	wikisource	sues	1	5	sues	3.871201
es	wikisource	some	1	6	some	pt	wikisource	e mos	2	6	emos	3.89182
es	wikisource	sí o se	3	7	siose	pt	wikisource	e sois	2	5	esois	3.871201
es	wikisource	varó	1	6	varo	pt	wikisource	o rav	2	6	orav	3.89182
es	wikisource	ya de no	3	7	yadeno	pt	wikisource	one day	2	5	oneday	3.871201
es	wikisource	yr el	2	6	yrel	pt	wikisource	lery	1	6	lery	3.89182
es	wikisource	zurce	1	5	zurce	pt	wikisource	e cruz	2	7	ecruz	3.871201
es	wikisource	á lope	2	7	alope	pt	wikisource	é pô la	3	5	epola	3.871201
es	wikisource	ó casa	2	7	ocasa	pt	wikisource	a saco	2	5	asaco	3.871201
es	wikisource	a la ma	3	6	alama	pt	wikisource	ama la	2	5	amala	3.73767
es	wikisource	a rodil	2	6	arodil	pt	wikisource	lidora	1	5	lidora	3.73767
es	wikisource	a serte	2	5	aserte	pt	wikisource	e três a	3	6	etresa	3.73767
es	wikisource	adem	1	6	adem	pt	wikisource	meda	1	5	meda	3.73767
es	wikisource	al te	2	6	alte	pt	wikisource	et la	2	5	etla	3.73767
es	wikisource	alis	1	5	alis	pt	wikisource	si lá	2	6	sila	3.73767
es	wikisource	amala	1	6	amala	pt	wikisource	à lama	2	5	alama	3.73767
es	wikisource	arco ed	2	6	arcoed	pt	wikisource	de ocrã	2	5	deocra	3.73767
es	wikisource	aseo el	2	5	aseoel	pt	wikisource	leões a	2	6	leoesa	3.73767
es	wikisource	aura es	2	6	auraes	pt	wikisource	se a rua	3	5	searua	3.73767
es	wikisource	ave un	2	6	aveun	pt	wikisource	nueva	1	5	nueva	3.73767
es	wikisource	desu	1	6	desu	pt	wikisource	used	1	5	used	3.73767
es	wikisource	eder	1	6	eder	pt	wikisource	rêde	1	5	rede	3.73767
es	wikisource	el eb	2	6	eleb	pt	wikisource	bel e	2	5	bele	3.73767
es	wikisource	eso mas	2	6	esomas	pt	wikisource	samos e	2	5	samose	3.73767
es	wikisource	eva a	2	6	evaa	pt	wikisource	à ave	2	5	aave	3.73767
es	wikisource	la tossi	2	5	latossi	pt	wikisource	isso tal	2	6	issotal	3.73767
es	wikisource	lamos	1	6	lamos	pt	wikisource	só mal	2	5	somal	3.73767
es	wikisource	le sé	2	5	lese	pt	wikisource	es el	2	6	esel	3.73767
es	wikisource	me nota	2	6	menota	pt	wikisource	ato nem	2	5	atonem	3.73767
es	wikisource	me veda	2	5	meveda	pt	wikisource	a devem	2	6	adevem	3.73767
es	wikisource	mi ma	2	5	mima	pt	wikisource	amim	1	6	amim	3.73767
es	wikisource	mono es	2	5	monoes	pt	wikisource	se o nom	3	6	seonom	3.73767
es	wikisource	mui á	2	5	muia	pt	wikisource	ai um	2	6	aium	3.73767
es	wikisource	nara	1	5	nara	pt	wikisource	aran	1	6	aran	3.73767
es	wikisource	nate	1	5	nate	pt	wikisource	é tan	2	6	etan	3.73767
es	wikisource	ne me	2	5	neme	pt	wikisource	em en	2	6	emen	3.73767
es	wikisource	no so	2	6	noso	pt	wikisource	o son	2	5	oson	3.73767
es	wikisource	non in	2	5	nonin	pt	wikisource	ninon	1	6	ninon	3.73767
es	wikisource	noël	1	5	noel	pt	wikisource	léon	1	6	leon	3.73767
es	wikisource	o la luna	3	6	olaluna	pt	wikisource	anulá lo	2	5	anulalo	3.73767
es	wikisource	otium	1	6	otium	pt	wikisource	mui to	2	5	muito	3.73767
es	wikisource	ovo un	2	5	ovoun	pt	wikisource	nuovo	1	6	nuovo	3.73767
es	wikisource	remon	1	6	remon	pt	wikisource	nom er	2	5	nomer	3.73767
es	wikisource	reves	1	6	reves	pt	wikisource	se vêr	2	5	sever	3.73767
es	wikisource	salo	1	6	salo	pt	wikisource	olas	1	5	olas	3.73767
es	wikisource	samet	1	5	samet	pt	wikisource	têm às	2	6	temas	3.73767
es	wikisource	samo y	2	6	samoy	pt	wikisource	yo mas	2	5	yomas	3.73767
es	wikisource	sarira	1	6	sarira	pt	wikisource	a rir às	3	5	ariras	3.73767
es	wikisource	se te irá	3	5	seteira	pt	wikisource	aríetes	1	6	arietes	3.73767
es	wikisource	se zafó	2	5	sezafo	pt	wikisource	o fazes	2	6	ofazes	3.73767
es	wikisource	solem	1	6	solem	pt	wikisource	melos	1	5	melos	3.73767
es	wikisource	son son	2	5	sonson	pt	wikisource	nos nós	2	6	nosnos	3.73767
es	wikisource	soño	1	6	sono	pt	wikisource	o nós	2	5	onos	3.73767
es	wikisource	ya ya ya	3	5	yayaya	pt	wikisource	ay ay ay	3	6	ayayay	3.73767
es	wikisource	á ti de	3	6	atide	pt	wikisource	edita	1	5	edita	3.73767
es	wikisource	ámala	1	6	amala	pt	wikisource	à lama	2	5	alama	3.73767
es	wikisource	é ira	2	6	eira	pt	wikisource	ari e	2	5	arie	3.73767
es	wikisource	édita	1	5	edita	pt	wikisource	a ti de	3	6	atide	3.73767
es	wikisource	él usa	2	6	elusa	pt	wikisource	a sul e	3	5	asule	3.73767
es	wikisource	ó les	2	5	oles	pt	wikisource	sêlo	1	6	selo	3.73767
es	wikisource	ó san	2	5	osan	pt	wikisource	naso	1	6	naso	3.73767
es	wikisource	a iba	2	5	aiba	pt	wikisource	abia	1	5	abia	3.583519
es	wikisource	a ios	2	5	aios	pt	wikisource	soia	1	5	soia	3.583519
es	wikisource	a itis	2	5	aitis	pt	wikisource	sitiá	1	5	sitia	3.583519
es	wikisource	a la saña	3	5	alasana	pt	wikisource	a na sala	3	5	anasala	3.583519
es	wikisource	a leda	2	5	aleda	pt	wikisource	a de lá	3	5	adela	3.583519
es	wikisource	a leda	2	5	aleda	pt	wikisource	à dela	2	5	adela	3.583519
es	wikisource	ad de	2	5	adde	pt	wikisource	edda	1	5	edda	3.583519
es	wikisource	al aro	2	5	alaro	pt	wikisource	oral a	2	5	orala	3.583519
es	wikisource	amó de	2	5	amode	pt	wikisource	edom a	2	5	edoma	3.583519
es	wikisource	así ama	2	5	asiama	pt	wikisource	amais a	2	5	amaisa	3.583519
es	wikisource	aval a	2	5	avala	pt	wikisource	alava	1	5	alava	3.583519
es	wikisource	e non los	3	5	enonlos	pt	wikisource	sol non é	3	5	solnone	3.583519
es	wikisource	e va a	3	5	evaa	pt	wikisource	à ave	2	5	aave	3.583519
es	wikisource	eh lo	2	5	ehlo	pt	wikisource	olh e	2	5	olhe	3.583519
es	wikisource	en ué	2	5	enue	pt	wikisource	e une	2	5	eune	3.583519
es	wikisource	era ra	2	5	erara	pt	wikisource	arar e	2	5	arare	3.583519
es	wikisource	ere el	2	5	ereel	pt	wikisource	leer e	2	5	leere	3.583519
es	wikisource	esion	1	5	esion	pt	wikisource	noise	1	5	noise	3.583519
es	wikisource	eíta	1	5	eita	pt	wikisource	a ti é	3	5	atie	3.583519
es	wikisource	mery	1	5	mery	pt	wikisource	yrem	1	5	yrem	3.583519
es	wikisource	mesié	1	5	mesie	pt	wikisource	ei sem	2	5	eisem	3.583519
es	wikisource	meótide	1	5	meotide	pt	wikisource	é dito em	3	5	editoem	3.583519
es	wikisource	mo la	2	5	mola	pt	wikisource	alom	1	5	alom	3.583519
es	wikisource	métale	1	5	metale	pt	wikisource	ela têm	2	5	elatem	3.583519
es	wikisource	ne se	2	5	nese	pt	wikisource	e sén	2	5	esen	3.583519
es	wikisource	neves	1	5	neves	pt	wikisource	se ven	2	5	seven	3.583519
es	wikisource	neves	1	5	neves	pt	wikisource	seven	1	5	seven	3.583519
es	wikisource	no rías	2	5	norias	pt	wikisource	sairon	1	5	sairon	3.583519
es	wikisource	no ved	2	5	noved	pt	wikisource	de von	2	5	devon	3.583519
es	wikisource	non et	2	5	nonet	pt	wikisource	te non	2	5	tenon	3.583519
es	wikisource	nóbel	1	5	nobel	pt	wikisource	lebon	1	5	lebon	3.583519
es	wikisource	o procede	2	5	oprocede	pt	wikisource	e de corpo	3	5	edecorpo	3.583519
es	wikisource	odiaré	1	5	odiare	pt	wikisource	era ido	2	5	eraido	3.583519
es	wikisource	remo al	2	5	remoal	pt	wikisource	laomer	1	5	laomer	3.583519
es	wikisource	remón	1	5	remon	pt	wikisource	nom er	2	5	nomer	3.583519
es	wikisource	resar	1	5	resar	pt	wikisource	ra ser	2	5	raser	3.583519
es	wikisource	retaba a	2	5	retabaa	pt	wikisource	a abater	2	5	aabater	3.583519
es	wikisource	sage	1	5	sage	pt	wikisource	e gás	2	5	egas	3.583519
es	wikisource	sana es	2	5	sanaes	pt	wikisource	se á nas	3	5	seanas	3.583519
es	wikisource	se ni	2	5	seni	pt	wikisource	ines	1	5	ines	3.583519
es	wikisource	semina	1	5	semina	pt	wikisource	animes	1	5	animes	3.583519
es	wikisource	siamés	1	5	siames	pt	wikisource	se máis	2	5	semais	3.583519
es	wikisource	supe me	2	5	supeme	pt	wikisource	e me pus	3	5	emepus	3.583519
es	wikisource	sí eres	2	5	sieres	pt	wikisource	se reis	2	5	sereis	3.583519
es	wikisource	yera	1	5	yera	pt	wikisource	a rey	2	5	arey	3.583519
es	wikisource	zurce	1	5	zurce	pt	wikisource	é cruz	2	5	ecruz	3.583519
es	wikisource	á dias	2	5	adias	pt	wikisource	saida	1	5	saida	3.583519
es	wikisource	á ir á	3	5	aira	pt	wikisource	aria	1	5	aria	3.583519
es	wikisource	á moco	2	5	amoco	pt	wikisource	o coma	2	5	ocoma	3.583519
es	wikisource	ánima la	2	5	animala	pt	wikisource	a lamina	2	5	alamina	3.583519
es	wikisource	ésas se	2	5	esasse	pt	wikisource	essa se	2	5	essase	3.583519
